[Licensing::Module] Trying to connect to existing licensing client channel...
Built from '6000.3/staging' branch; Version is '6000.3.23f1 (09d2ecc7fb28) revision 643820'; Using compiler version '194234433'; Build Type 'Release'
OS: 'Windows 10  (10.0.19045) 64bit Professional' Language: 'uk' Physical Memory: 15836 MB
BatchMode: 1, IsHumanControllingUs: 0, StartBugReporterOnCrash: 0, Is64bit: 1
System  architecture: x64
Process architecture: x64
Date: 2026-09-17T12:24:19Z
[Licensing::IpcConnector] Successfully connected to: "LicenseClient-Nikolaienko" at "2026-09-17T12:24:19.8073738Z"

COMMAND LINE ARGUMENTS:
C:\Program Files\Unity 6000.3.23f1\Editor\Unity.exe
-adb2
-batchMode
-noUpm
-name
AssetImportWorker2
-projectPath
D:/Work/GitHub/Test3DGame
-logFile
Logs/AssetImportWorker2.log
-srvPort
62062
-parentPid
9872
-analyticsCloudUserId
7971561647502
-analyticsCloudProjectId
b34d7e26-4a5c-4e3a-a6e0-f6c961b3e395
-analyticsLocalProjectId
7b8b3592f2d4827488d760a974fc96b3
-editorAnalyticsEnabled
1
-cbmEditorLicense
39f005d78c910ce70fc36487da3499a96581a704
-cbmMachineId
GTLbflJvPjdNQFstkC1Rl42jIrU=
-licensingIpc
LicenseClient-Nikolaienko
-job-worker-count
1
-background-job-worker-count
8
-gc-helper-count
1
-name
AssetImport
Successfully changed project path to: D:/Work/GitHub/Test3DGame
D:/Work/GitHub/Test3DGame
[UnityMemory] Configuration Parameters - Can be set up in boot.config
    "memorysetup-temp-allocator-size-nav-mesh-worker=65536"
    "memorysetup-temp-allocator-size-audio-worker=65536"
    "memorysetup-temp-allocator-size-gfx=262144"
    "memorysetup-allocator-temp-initial-block-size-main=262144"
    "memorysetup-allocator-temp-initial-block-size-worker=262144"
    "memorysetup-temp-allocator-size-background-worker=32768"
    "memorysetup-temp-allocator-size-job-worker=262144"
    "memorysetup-temp-allocator-size-preload-manager=33554432"
    "memorysetup-remapper-allocator-initial-capacity=32768"
    "memorysetup-temp-allocator-size-gi-baking-worker=262144"
    "memorysetup-temp-allocator-size-gi-baking-worker=262144"
    "memorysetup-temp-allocator-size-gi-baking-worker=262144"
    "memorysetup-temp-allocator-size-gi-baking-worker=262144"
    "memorysetup-temp-allocator-size-gi-baking-worker=262144"
    "memorysetup-bucket-allocator-granularity=16"
    "memorysetup-bucket-allocator-bucket-count=8"
    "memorysetup-bucket-allocator-block-size=33554432"
    "memorysetup-bucket-allocator-block-count=8"
    "memorysetup-main-allocator-block-size=16777216"
    "memorysetup-thread-allocator-block-size=16777216"
    "memorysetup-gfx-main-allocator-block-size=16777216"
    "memorysetup-gfx-thread-allocator-block-size=16777216"
    "memorysetup-cache-allocator-block-size=4194304"
    "memorysetup-typetree-allocator-block-size=2097152"
    "memorysetup-profiler-bucket-allocator-granularity=16"
    "memorysetup-profiler-bucket-allocator-bucket-count=8"
    "memorysetup-profiler-bucket-allocator-block-size=33554432"
    "memorysetup-profiler-bucket-allocator-block-count=8"
    "memorysetup-profiler-allocator-block-size=16777216"
    "memorysetup-profiler-editor-allocator-block-size=1048576"
    "memorysetup-temp-allocator-size-main=16777216"
    "memorysetup-job-temp-allocator-block-size=2097152"
    "memorysetup-job-temp-allocator-block-size-background=1048576"
    "memorysetup-job-temp-allocator-reduction-small-platforms=262144"
    "memorysetup-temp-allocator-size-cloud-worker=32768"
Player connection [12876]  Target information:

Player connection [12876]  * "[IP] 192.168.0.106 [Port] 0 [Flags] 2 [Guid] 3737108853 [EditorId] 3737108853 [Version] 1048832 [Id] WindowsEditor(7,DESKTOP-O7KKPMB) [Debug] 1 [PackageName] WindowsEditor [ProjectName] Editor" 

Player connection [12876] Host joined multi-casting on [225.0.0.222:54997]...
Player connection [12876] Host joined alternative multi-casting on [225.0.0.222:34997]...
JobSystem: Creating JobQueue using job-worker-count value 1
Input System module state changed to: Initialized.
[Physics::Module] Initialized fallback backend.
[Physics::Module] Id: 0xdecafbad
Library Redirect Path: Library/
[Physics::Module] Selected backend.
[Physics::Module] Name: PhysX
[Physics::Module] Id: 0xf2b8ea05
[Physics::Module] SDK Version: 4.1.2
[Physics::Module] Integration Version: 1.0.0
[Physics::Module] Threading Mode: Multi-Threaded
Refreshing native plugins compatible for Editor in 8.61 ms, found 4 plugins.
Preloading 0 native plugins for Editor in 0.00 ms.
Initialize engine version: 6000.3.23f1 (09d2ecc7fb28)
[Subsystems] Discovering subsystems at path C:/Program Files/Unity 6000.3.23f1/Editor/Data/Resources/UnitySubsystems
[Subsystems] Discovering subsystems at path D:/Work/GitHub/Test3DGame/Assets
GfxDevice: creating device client; kGfxThreadingModeNonThreaded
d3d12: failed to query info queue interface (0x80004002).
Direct3D:
    Version:         Direct3D 12 [level 11.1]
    Renderer:        Intel(R) HD Graphics 4600 (ID=0x412)
    Vendor:          Intel
    VRAM:            2048 MB
    App VRAM Budget: 2048 MB
    Driver:          20.19.15.4531
    Unified Memory Architecture
    Cache Coherent UMA
Initialize mono
Mono path[0] = 'C:/Program Files/Unity 6000.3.23f1/Editor/Data/Managed'
Mono path[1] = 'C:/Program Files/Unity 6000.3.23f1/Editor/Data/MonoBleedingEdge/lib/mono/unityjit-win32'
Mono config path = 'C:/Program Files/Unity 6000.3.23f1/Editor/Data/MonoBleedingEdge/etc'
Using monoOptions --debugger-agent=transport=dt_socket,embedding=1,server=y,suspend=n,address=127.0.0.1:56872
Begin MonoManager ReloadAssembly
Registering precompiled unity dll's ...
Register platform support module: C:/Program Files/Unity 6000.3.23f1/Editor/Data/PlaybackEngines/WindowsStandaloneSupport/UnityEditor.WindowsStandalone.Extensions.dll
Registered in 0.002273 seconds.
- Loaded All Assemblies, in  0.707 seconds
Native extension for WindowsStandalone target not found
Package Manager log level set to [2]
[Package Manager] Failed to launch server process. Reason: Unity was launched with the -noUpm command-line argument
[Package Manager] Unable to send message (not connected to server process).
[Package Manager] Cannot connect to Unity Package Manager local server
[Licensing::Client] Error: HandshakeResponse reported an error:
	ResponseCode: 505
	ResponseStatus: Unsupported protocol version '1.18.3'.
[Licensing::Module] Error: Failed to handshake to channel: "LicenseClient-Nikolaienko"
[Licensing::IpcConnector] LicenseClient-Nikolaienko channel disconnected successfully.
[Licensing::IpcConnector] Successfully connected to: "LicenseClient-Nikolaienko-6000.3.23" at "2026-09-17T12:24:21.7636281Z"
[Licensing::Client] Code 10 while verifying Licensing Client signature (process Id: 6016, path: "C:/Program Files/Unity 6000.3.23f1/Editor/Data/Resources/Licensing/Client/Unity.Licensing.Client.exe")
[Licensing::Module] LicensingClient has failed validation; ignoring
[Licensing::Client] Handshaking with LicensingClient:
  Version:                 1.18.3+d7ffd15
  Session Id:              9c085e129b9b49afa64075825f43d7c7
  Correlation Id:          745101256fcd5a7eaa4d7f9d30e47a76
  External correlation Id: 3215872727602430939
  Machine Id:              GTLbflJvPjdNQFstkC1Rl42jIrU=
[Licensing::Module] Successfully connected to LicensingClient on channel: "LicenseClient-Nikolaienko-6000.3.23" (connect: 0.00s, validation: 0.00s, handshake: 0.01s)
[Licensing::IpcConnector] Successfully connected to: "LicenseClient-Nikolaienko-6000.3.23-notifications" at "2026-09-17T12:24:21.7803235Z"
[Licensing::Module] Licensing Background thread has ended after 1.97s
ScheduleIndexationOnStartup MainProcess:False IndexOnStartup:True
Mono: successfully reloaded assembly
- Finished resetting the current domain, in  0.701 seconds
Domain Reload Profiling: 1405ms
	BeginReloadAssembly (250ms)
		ExecutionOrderSort (0ms)
		DisableScriptedObjects (0ms)
		BackupInstance (0ms)
		ReleaseScriptingObjects (0ms)
		CreateAndSetChildDomain (1ms)
	RebuildCommonClasses (61ms)
	RebuildNativeTypeToScriptingClass (23ms)
	initialDomainReloadingComplete (73ms)
	LoadAllAssembliesAndSetupDomain (296ms)
		LoadAssemblies (246ms)
		RebuildTransferFunctionScriptingTraits (0ms)
		AnalyzeDomain (292ms)
			TypeCache.Refresh (289ms)
				TypeCache.ScanAssembly (266ms)
			BuildScriptInfoCaches (0ms)
			ResolveRequiredComponents (1ms)
	FinalizeReload (702ms)
		ReleaseScriptCaches (0ms)
		RebuildScriptCaches (0ms)
		SetupLoadedEditorAssemblies (612ms)
			LogAssemblyErrors (0ms)
			InitializePlatformSupportModulesInManaged (81ms)
			SetLoadedEditorAssemblies (5ms)
			BeforeProcessingInitializeOnLoad (135ms)
			ProcessInitializeOnLoadAttributes (247ms)
			ProcessInitializeOnLoadMethodAttributes (143ms)
			AfterProcessingInitializeOnLoad (0ms)
			EditorAssembliesLoaded (0ms)
		ExecutionOrderSort2 (0ms)
		AwakeInstancesAfterBackupRestoration (0ms)
[Licensing::Client] Successfully resolved entitlement details
[Licensing::Module] License group:
  Id: 7971561647502-UnityPersXXXX
  Product: Unity Personal
  Type: Assigned
  Expiration: Unlimited
========================================================================
Worker process is ready to serve import requests
Import Worker Mode flag is 0x00
Begin MonoManager ReloadAssembly
- Loaded All Assemblies, in  1.169 seconds
Refreshing native plugins compatible for Editor in 2.86 ms, found 4 plugins.
Native extension for WindowsStandalone target not found
[Package Manager] Failed to launch server process. Reason: Unity was launched with the -noUpm command-line argument
[Package Manager] Unable to send message (not connected to server process).
[Package Manager] Cannot connect to Unity Package Manager local server
Refreshing native plugins compatible for Editor in 2.33 ms, found 4 plugins.
[Package Manager] Failed to launch server process. Reason: Unity was launched with the -noUpm command-line argument
[Package Manager] Unable to send message (not connected to server process).
[Package Manager] Cannot connect to Unity Package Manager local server
ScheduleIndexationOnStartup MainProcess:False IndexOnStartup:True
Mono: successfully reloaded assembly
- Finished resetting the current domain, in  1.301 seconds
Domain Reload Profiling: 2466ms
	BeginReloadAssembly (245ms)
		ExecutionOrderSort (0ms)
		DisableScriptedObjects (9ms)
		BackupInstance (0ms)
		ReleaseScriptingObjects (0ms)
		CreateAndSetChildDomain (41ms)
	RebuildCommonClasses (51ms)
	RebuildNativeTypeToScriptingClass (19ms)
	initialDomainReloadingComplete (53ms)
	LoadAllAssembliesAndSetupDomain (796ms)
		LoadAssemblies (461ms)
		RebuildTransferFunctionScriptingTraits (0ms)
		AnalyzeDomain (465ms)
			TypeCache.Refresh (345ms)
				TypeCache.ScanAssembly (325ms)
			BuildScriptInfoCaches (98ms)
			ResolveRequiredComponents (16ms)
	FinalizeReload (1302ms)
		ReleaseScriptCaches (0ms)
		RebuildScriptCaches (0ms)
		SetupLoadedEditorAssemblies (957ms)
			LogAssemblyErrors (0ms)
			InitializePlatformSupportModulesInManaged (2ms)
			SetLoadedEditorAssemblies (7ms)
			BeforeProcessingInitializeOnLoad (245ms)
			ProcessInitializeOnLoadAttributes (559ms)
			ProcessInitializeOnLoadMethodAttributes (136ms)
			AfterProcessingInitializeOnLoad (8ms)
			EditorAssembliesLoaded (1ms)
		ExecutionOrderSort2 (0ms)
		AwakeInstancesAfterBackupRestoration (9ms)
Launched and connected shader compiler UnityShaderCompiler.exe after 0.02 seconds
Refreshing native plugins compatible for Editor in 1.96 ms, found 4 plugins.
Preloading 0 native plugins for Editor in 0.00 ms.
Unloading 16 Unused Serialized files (Serialized files now loaded: 0)
Curl error 3: URL rejected: Malformed input to a URL function
Unloading 7739 unused Assets / (4.4 MB). Loaded Objects now: 8545.
Memory consumption went from 159.1 MB to 154.8 MB.
Total: 15.976700 ms (FindLiveObjects: 1.823600 ms CreateObjectMapping: 2.421500 ms MarkObjects: 7.836200 ms  DeleteObjects: 3.893900 ms)

========================================================================
Received Import Request.
  Time since last request: 57810.776395 seconds.
  path: Assets/Scenes/Brick1 (10).prefab
  artifactKey: Guid(3eb7550ad29f5264d86563fc27654825) Importer(815301076,1909f56bfc062723c751e8b465ee728b)
Start importing Assets/Scenes/Brick1 (10).prefab using Guid(3eb7550ad29f5264d86563fc27654825) Importer(815301076,1909f56bfc062723c751e8b465ee728b) (PreviewImporter) -> (artifact id: '9ad9becb607bf125a4bca95a22ce26e1') in 0.8147784 seconds
Number of updated asset objects reloaded before import = 0Number of asset objects unloaded after import = 9

========================================================================
Received Import Request.
  Time since last request: 0.000043 seconds.
  path: Assets/Scenes/Brick1 (2).prefab
  artifactKey: Guid(5c2e0ae9fb9396b4b8b8adcadc029fe7) Importer(815301076,1909f56bfc062723c751e8b465ee728b)
Start importing Assets/Scenes/Brick1 (2).prefab using Guid(5c2e0ae9fb9396b4b8b8adcadc029fe7) Importer(815301076,1909f56bfc062723c751e8b465ee728b) (PreviewImporter) -> (artifact id: '66284c69d3a6f89f68a7a10face44111') in 0.0230668 seconds
Number of updated asset objects reloaded before import = 0Number of asset objects unloaded after import = 9

========================================================================
Received Import Request.
  Time since last request: 0.000042 seconds.
  path: Assets/Scenes/Brick1 (18).prefab
  artifactKey: Guid(5226333957804f645a9eaaf67a829bb4) Importer(815301076,1909f56bfc062723c751e8b465ee728b)
Start importing Assets/Scenes/Brick1 (18).prefab using Guid(5226333957804f645a9eaaf67a829bb4) Importer(815301076,1909f56bfc062723c751e8b465ee728b) (PreviewImporter) -> (artifact id: 'bb0995642cf92f1efb4def4ac30822cf') in 0.0213403 seconds
Number of updated asset objects reloaded before import = 0Number of asset objects unloaded after import = 9

========================================================================
Received Import Request.
  Time since last request: 0.000026 seconds.
  path: Assets/Scenes/Brick1 (17).prefab
  artifactKey: Guid(7a9d9ab58d751d947a0fcca134237ea8) Importer(815301076,1909f56bfc062723c751e8b465ee728b)
Start importing Assets/Scenes/Brick1 (17).prefab using Guid(7a9d9ab58d751d947a0fcca134237ea8) Importer(815301076,1909f56bfc062723c751e8b465ee728b) (PreviewImporter) -> (artifact id: 'b3a5279557882f8ce8e325182cd2bcc4') in 0.0406017 seconds
Number of updated asset objects reloaded before import = 0Number of asset objects unloaded after import = 9

========================================================================
Received Import Request.
  Time since last request: 0.000029 seconds.
  path: Assets/Scenes/Brick1 (16).prefab
  artifactKey: Guid(cf3d252be2b3b2445a0cfec86158b0d9) Importer(815301076,1909f56bfc062723c751e8b465ee728b)
Start importing Assets/Scenes/Brick1 (16).prefab using Guid(cf3d252be2b3b2445a0cfec86158b0d9) Importer(815301076,1909f56bfc062723c751e8b465ee728b) (PreviewImporter) -> (artifact id: '04d397a798887fd38379b658e792c99c') in 0.0197286 seconds
Number of updated asset objects reloaded before import = 0Number of asset objects unloaded after import = 9

========================================================================
Received Import Request.
  Time since last request: 0.000049 seconds.
  path: Assets/Scenes/Brick1 (20).prefab
  artifactKey: Guid(b9e7a6f2afeb82e49b9a63f548f3e181) Importer(815301076,1909f56bfc062723c751e8b465ee728b)
Start importing Assets/Scenes/Brick1 (20).prefab using Guid(b9e7a6f2afeb82e49b9a63f548f3e181) Importer(815301076,1909f56bfc062723c751e8b465ee728b) (PreviewImporter) -> (artifact id: '0dc4149a07aa05a928f5680d0885e959') in 0.0524834 seconds
Number of updated asset objects reloaded before import = 0Number of asset objects unloaded after import = 9

========================================================================
Received Import Request.
  Time since last request: 0.000038 seconds.
  path: Assets/Scenes/Brick1 (11).prefab
  artifactKey: Guid(61cf46d131cd6144e9b9fdd4fdefd752) Importer(815301076,1909f56bfc062723c751e8b465ee728b)
Start importing Assets/Scenes/Brick1 (11).prefab using Guid(61cf46d131cd6144e9b9fdd4fdefd752) Importer(815301076,1909f56bfc062723c751e8b465ee728b) (PreviewImporter) -> (artifact id: 'e8943590c67d967906d9d36ba8eac6d1') in 0.0263114 seconds
Number of updated asset objects reloaded before import = 0Number of asset objects unloaded after import = 9

========================================================================
Received Import Request.
  Time since last request: 0.000027 seconds.
  path: Assets/Scenes/Brick1 (14).prefab
  artifactKey: Guid(03444d06195e2a8448c2fab8ce39b2fc) Importer(815301076,1909f56bfc062723c751e8b465ee728b)
Start importing Assets/Scenes/Brick1 (14).prefab using Guid(03444d06195e2a8448c2fab8ce39b2fc) Importer(815301076,1909f56bfc062723c751e8b465ee728b) (PreviewImporter) -> (artifact id: '1707a0b3ed880bc5e0a2549e74ca9cc4') in 0.0197753 seconds
Number of updated asset objects reloaded before import = 0Number of asset objects unloaded after import = 9

========================================================================
Received Import Request.
  Time since last request: 0.000034 seconds.
  path: Assets/Scenes/Brick1 (9).prefab
  artifactKey: Guid(a2c00d87b5f58c642ae71337bf792392) Importer(815301076,1909f56bfc062723c751e8b465ee728b)
Start importing Assets/Scenes/Brick1 (9).prefab using Guid(a2c00d87b5f58c642ae71337bf792392) Importer(815301076,1909f56bfc062723c751e8b465ee728b) (PreviewImporter) -> (artifact id: '555b222fa29077df7ac72552693adeee') in 0.0239371 seconds
Number of updated asset objects reloaded before import = 0Number of asset objects unloaded after import = 9

========================================================================
Received Import Request.
  Time since last request: 0.000032 seconds.
  path: Assets/Scenes/Brick1 (5).prefab
  artifactKey: Guid(8ffefaa9044fddd479b0aba56abef17a) Importer(815301076,1909f56bfc062723c751e8b465ee728b)
Start importing Assets/Scenes/Brick1 (5).prefab using Guid(8ffefaa9044fddd479b0aba56abef17a) Importer(815301076,1909f56bfc062723c751e8b465ee728b) (PreviewImporter) -> (artifact id: '72a25ca8d9c26be8ddcf275140d93525') in 0.0240748 seconds
Number of updated asset objects reloaded before import = 0Number of asset objects unloaded after import = 9

========================================================================
Received Import Request.
  Time since last request: 0.000044 seconds.
  path: Assets/Scenes/Brick1 (4).prefab
  artifactKey: Guid(daa5e852c04990e4bb711f9a00e9744d) Importer(815301076,1909f56bfc062723c751e8b465ee728b)
Start importing Assets/Scenes/Brick1 (4).prefab using Guid(daa5e852c04990e4bb711f9a00e9744d) Importer(815301076,1909f56bfc062723c751e8b465ee728b) (PreviewImporter) -> (artifact id: 'a960e3cd87f3a5689dc1b2c4f1553e03') in 0.0248624 seconds
Number of updated asset objects reloaded before import = 0Number of asset objects unloaded after import = 9

========================================================================
Received Import Request.
  Time since last request: 0.000061 seconds.
  path: Assets/Scenes/Brick1 (19).prefab
  artifactKey: Guid(7ef226066f26b9c439502734f5a9b0d7) Importer(815301076,1909f56bfc062723c751e8b465ee728b)
Start importing Assets/Scenes/Brick1 (19).prefab using Guid(7ef226066f26b9c439502734f5a9b0d7) Importer(815301076,1909f56bfc062723c751e8b465ee728b) (PreviewImporter) -> (artifact id: 'fb59fa4a565405bd6874185b7e85f550') in 0.0223187 seconds
Number of updated asset objects reloaded before import = 0Number of asset objects unloaded after import = 9

========================================================================
Received Import Request.
  Time since last request: 0.000036 seconds.
  path: Assets/DefaultNetworkPrefabs.asset
  artifactKey: Guid(f79448cc21a7fa8448b0f20a774234c9) Importer(815301076,1909f56bfc062723c751e8b465ee728b)
Start importing Assets/DefaultNetworkPrefabs.asset using Guid(f79448cc21a7fa8448b0f20a774234c9) Importer(815301076,1909f56bfc062723c751e8b465ee728b) (PreviewImporter) -> (artifact id: 'b7ce80dd271d2b50deed89989f124e14') in 0.0137542 seconds
Number of updated asset objects reloaded before import = 0Number of asset objects unloaded after import = 179

========================================================================
Received Import Request.
  Time since last request: 0.000033 seconds.
  path: Assets/Scenes/Brick1 (6).prefab
  artifactKey: Guid(326573ee06c5d4048a8bc4c2075d81f7) Importer(815301076,1909f56bfc062723c751e8b465ee728b)
Start importing Assets/Scenes/Brick1 (6).prefab using Guid(326573ee06c5d4048a8bc4c2075d81f7) Importer(815301076,1909f56bfc062723c751e8b465ee728b) (PreviewImporter) -> (artifact id: 'ba8de6928930852e59fb16252e81db7f') in 0.0197499 seconds
Number of updated asset objects reloaded before import = 0Number of asset objects unloaded after import = 9

========================================================================
Received Import Request.
  Time since last request: 0.000039 seconds.
  path: Assets/Scenes/Brick1 (7).prefab
  artifactKey: Guid(5c4bdb4bb1c3296419e882ae40e38caf) Importer(815301076,1909f56bfc062723c751e8b465ee728b)
Start importing Assets/Scenes/Brick1 (7).prefab using Guid(5c4bdb4bb1c3296419e882ae40e38caf) Importer(815301076,1909f56bfc062723c751e8b465ee728b) (PreviewImporter) -> (artifact id: '187a4cfed1747f77982151dacc40a873') in 0.0223607 seconds
Number of updated asset objects reloaded before import = 0Number of asset objects unloaded after import = 9

========================================================================
Received Import Request.
  Time since last request: 0.000028 seconds.
  path: Assets/Scenes/Brick1 (13).prefab
  artifactKey: Guid(04f42168f553809418d9e34e561bf7af) Importer(815301076,1909f56bfc062723c751e8b465ee728b)
Start importing Assets/Scenes/Brick1 (13).prefab using Guid(04f42168f553809418d9e34e561bf7af) Importer(815301076,1909f56bfc062723c751e8b465ee728b) (PreviewImporter) -> (artifact id: '635176ab0498fc19718bbc57cdc02ad8') in 0.0213861 seconds
Number of updated asset objects reloaded before import = 0Number of asset objects unloaded after import = 9

========================================================================
Received Import Request.
  Time since last request: 0.000038 seconds.
  path: Assets/Scenes/Brick1 (15).prefab
  artifactKey: Guid(d9cffce07f050934c814df23409c0058) Importer(815301076,1909f56bfc062723c751e8b465ee728b)
Start importing Assets/Scenes/Brick1 (15).prefab using Guid(d9cffce07f050934c814df23409c0058) Importer(815301076,1909f56bfc062723c751e8b465ee728b) (PreviewImporter) -> (artifact id: 'caba002906d559f3be5640c1d0e1aae0') in 0.0230639 seconds
Number of updated asset objects reloaded before import = 0Number of asset objects unloaded after import = 9

========================================================================
Received Import Request.
  Time since last request: 0.000038 seconds.
  path: Assets/Scenes/Brick1 (12).prefab
  artifactKey: Guid(17b49289828f761479a8f123175605a5) Importer(815301076,1909f56bfc062723c751e8b465ee728b)
Start importing Assets/Scenes/Brick1 (12).prefab using Guid(17b49289828f761479a8f123175605a5) Importer(815301076,1909f56bfc062723c751e8b465ee728b) (PreviewImporter) -> (artifact id: '6f90be9be0e4a69e3033a6952b05f8ca') in 0.0200538 seconds
Number of updated asset objects reloaded before import = 0Number of asset objects unloaded after import = 9

========================================================================
Received Import Request.
  Time since last request: 0.000053 seconds.
  path: Assets/Scenes/Brick1 (3).prefab
  artifactKey: Guid(bae663d6aaae31e4a88c71725543eb9c) Importer(815301076,1909f56bfc062723c751e8b465ee728b)
Start importing Assets/Scenes/Brick1 (3).prefab using Guid(bae663d6aaae31e4a88c71725543eb9c) Importer(815301076,1909f56bfc062723c751e8b465ee728b) (PreviewImporter) -> (artifact id: '1845eb0bb880714f3b6f7c43ab361ea4') in 0.0224408 seconds
Number of updated asset objects reloaded before import = 0Number of asset objects unloaded after import = 9

========================================================================
Received Import Request.
  Time since last request: 0.000036 seconds.
  path: Assets/Scenes/Brick1 (1).prefab
  artifactKey: Guid(e159cb5eafa825549bc8f0235400101a) Importer(815301076,1909f56bfc062723c751e8b465ee728b)
Start importing Assets/Scenes/Brick1 (1).prefab using Guid(e159cb5eafa825549bc8f0235400101a) Importer(815301076,1909f56bfc062723c751e8b465ee728b) (PreviewImporter) -> (artifact id: '56407473be24faef0fe000bdcb0e4e75') in 0.0231899 seconds
Number of updated asset objects reloaded before import = 0Number of asset objects unloaded after import = 9

========================================================================
Received Import Request.
  Time since last request: 0.000057 seconds.
  path: Assets/Scenes/Brick1 (8).prefab
  artifactKey: Guid(c96b84503eb930449962afefc525520c) Importer(815301076,1909f56bfc062723c751e8b465ee728b)
Start importing Assets/Scenes/Brick1 (8).prefab using Guid(c96b84503eb930449962afefc525520c) Importer(815301076,1909f56bfc062723c751e8b465ee728b) (PreviewImporter) -> (artifact id: 'b6285fcd1dee94f254cc5744aa926e17') in 0.0192549 seconds
Number of updated asset objects reloaded before import = 0Number of asset objects unloaded after import = 9

========================================================================
Received Prepare
Begin MonoManager ReloadAssembly
- Loaded All Assemblies, in  1.799 seconds
Refreshing native plugins compatible for Editor in 5.98 ms, found 4 plugins.
Native extension for WindowsStandalone target not found
[Package Manager] Failed to launch server process. Reason: Unity was launched with the -noUpm command-line argument
[Package Manager] Unable to send message (not connected to server process).
[Package Manager] Cannot connect to Unity Package Manager local server
[Package Manager] Failed to launch server process. Reason: Unity was launched with the -noUpm command-line argument
[Package Manager] Unable to send message (not connected to server process).
[Package Manager] Cannot connect to Unity Package Manager local server
ScheduleIndexationOnStartup MainProcess:False IndexOnStartup:True
Mono: successfully reloaded assembly
- Finished resetting the current domain, in  2.180 seconds
Domain Reload Profiling: 3982ms
	BeginReloadAssembly (546ms)
		ExecutionOrderSort (0ms)
		DisableScriptedObjects (60ms)
		BackupInstance (0ms)
		ReleaseScriptingObjects (0ms)
		CreateAndSetChildDomain (137ms)
	RebuildCommonClasses (78ms)
	RebuildNativeTypeToScriptingClass (26ms)
	initialDomainReloadingComplete (61ms)
	LoadAllAssembliesAndSetupDomain (1091ms)
		LoadAssemblies (811ms)
		RebuildTransferFunctionScriptingTraits (0ms)
		AnalyzeDomain (517ms)
			TypeCache.Refresh (21ms)
				TypeCache.ScanAssembly (0ms)
			BuildScriptInfoCaches (457ms)
			ResolveRequiredComponents (30ms)
	FinalizeReload (2181ms)
		ReleaseScriptCaches (0ms)
		RebuildScriptCaches (0ms)
		SetupLoadedEditorAssemblies (1763ms)
			LogAssemblyErrors (0ms)
			InitializePlatformSupportModulesInManaged (3ms)
			SetLoadedEditorAssemblies (12ms)
			BeforeProcessingInitializeOnLoad (309ms)
			ProcessInitializeOnLoadAttributes (1064ms)
			ProcessInitializeOnLoadMethodAttributes (363ms)
			AfterProcessingInitializeOnLoad (12ms)
			EditorAssembliesLoaded (1ms)
		ExecutionOrderSort2 (0ms)
		AwakeInstancesAfterBackupRestoration (48ms)
Refreshing native plugins compatible for Editor in 3.42 ms, found 4 plugins.
Preloading 0 native plugins for Editor in 0.00 ms.
Unloading 16 Unused Serialized files (Serialized files now loaded: 0)
Unloading 7738 unused Assets / (4.9 MB). Loaded Objects now: 8594.
Memory consumption went from 167.2 MB to 162.3 MB.
Total: 21.404600 ms (FindLiveObjects: 1.751600 ms CreateObjectMapping: 3.617700 ms MarkObjects: 9.710600 ms  DeleteObjects: 6.322200 ms)

Prepare: number of updated asset objects reloaded= 0
========================================================================
Received Import Request.
  Time since last request: 476.600166 seconds.
  path: Assets/Scripts/GameplayTargets/TargetRegistry.cs
  artifactKey: Guid(731b89a9f3ad8d64dbcd7aeaae42a10c) Importer(815301076,1909f56bfc062723c751e8b465ee728b)
Start importing Assets/Scripts/GameplayTargets/TargetRegistry.cs using Guid(731b89a9f3ad8d64dbcd7aeaae42a10c) Importer(815301076,1909f56bfc062723c751e8b465ee728b) (PreviewImporter) -> (artifact id: 'd96f1c30ec65d48aa89832e01d3b8f64') in 0.0048214 seconds
Number of updated asset objects reloaded before import = 0Number of asset objects unloaded after import = 0

========================================================================
Received Import Request.
  Time since last request: 7.535385 seconds.
  path: Assets/Scripts/GameplayTargets/Impls/Brick.cs
  artifactKey: Guid(48c5b02c59699004fa0781847bc688e7) Importer(815301076,1909f56bfc062723c751e8b465ee728b)
Start importing Assets/Scripts/GameplayTargets/Impls/Brick.cs using Guid(48c5b02c59699004fa0781847bc688e7) Importer(815301076,1909f56bfc062723c751e8b465ee728b) (PreviewImporter) -> (artifact id: '971500f1121d368fc50c3a38300f2f23') in 0.0007144 seconds
Number of updated asset objects reloaded before import = 0Number of asset objects unloaded after import = 0

========================================================================
Received Import Request.
  Time since last request: 313.520611 seconds.
  path: Assets/Scripts/BallController.cs
  artifactKey: Guid(4e891af61287fe548b5699e252f1d124) Importer(2089858483,b0f066a214c2f5e87bad3c948f4d605d)
Start importing Assets/Scripts/BallController.cs using Guid(4e891af61287fe548b5699e252f1d124) Importer(2089858483,b0f066a214c2f5e87bad3c948f4d605d) (ScriptedImporter) -> (artifact id: '34c14d382346d5365184224204d6d4fb') in 0.142104 seconds
Number of updated asset objects reloaded before import = 0Number of asset objects unloaded after import = 0

========================================================================
Received Import Request.
  Time since last request: 0.000049 seconds.
  path: Assets/Scenes/Brick1 (2).prefab
  artifactKey: Guid(5c2e0ae9fb9396b4b8b8adcadc029fe7) Importer(2089858483,b0f066a214c2f5e87bad3c948f4d605d)
Start importing Assets/Scenes/Brick1 (2).prefab using Guid(5c2e0ae9fb9396b4b8b8adcadc029fe7) Importer(2089858483,b0f066a214c2f5e87bad3c948f4d605d) (ScriptedImporter) -> (artifact id: '37918b96edabafd90b53fe29b951a90b') in 0.080326 seconds
Number of updated asset objects reloaded before import = 0Number of asset objects unloaded after import = 9

========================================================================
Received Import Request.
  Time since last request: 0.000026 seconds.
  path: Assets/Scenes/Brick1 (5).prefab
  artifactKey: Guid(8ffefaa9044fddd479b0aba56abef17a) Importer(2089858483,b0f066a214c2f5e87bad3c948f4d605d)
Start importing Assets/Scenes/Brick1 (5).prefab using Guid(8ffefaa9044fddd479b0aba56abef17a) Importer(2089858483,b0f066a214c2f5e87bad3c948f4d605d) (ScriptedImporter) -> (artifact id: 'fbc945be9e8410a0a22c02ef93eb2053') in 0.0514536 seconds
Number of updated asset objects reloaded before import = 0Number of asset objects unloaded after import = 9

========================================================================
Received Import Request.
  Time since last request: 0.000017 seconds.
  path: Assets/Scripts/GameplayTargets/Impls/Brick.cs
  artifactKey: Guid(48c5b02c59699004fa0781847bc688e7) Importer(2089858483,b0f066a214c2f5e87bad3c948f4d605d)
Start importing Assets/Scripts/GameplayTargets/Impls/Brick.cs using Guid(48c5b02c59699004fa0781847bc688e7) Importer(2089858483,b0f066a214c2f5e87bad3c948f4d605d) (ScriptedImporter) -> (artifact id: '84c3fe0ee3c7aa1050f1c3fee50ce31e') in 0.0120189 seconds
Number of updated asset objects reloaded before import = 0Number of asset objects unloaded after import = 0

========================================================================
Received Import Request.
  Time since last request: 0.000017 seconds.
  path: Assets/Scenes/Brick1 (1).prefab
  artifactKey: Guid(e159cb5eafa825549bc8f0235400101a) Importer(2089858483,b0f066a214c2f5e87bad3c948f4d605d)
Start importing Assets/Scenes/Brick1 (1).prefab using Guid(e159cb5eafa825549bc8f0235400101a) Importer(2089858483,b0f066a214c2f5e87bad3c948f4d605d) (ScriptedImporter) -> (artifact id: 'ec7a22a4656bbd8c64fd905f0686d26a') in 0.0156367 seconds
Number of updated asset objects reloaded before import = 0Number of asset objects unloaded after import = 9

========================================================================
Received Import Request.
  Time since last request: 0.000019 seconds.
  path: Assets/Scenes/Ball1.prefab
  artifactKey: Guid(14536c206da28ca45b3e6d3f0cedc810) Importer(2089858483,b0f066a214c2f5e87bad3c948f4d605d)
Start importing Assets/Scenes/Ball1.prefab using Guid(14536c206da28ca45b3e6d3f0cedc810) Importer(2089858483,b0f066a214c2f5e87bad3c948f4d605d) (ScriptedImporter) -> (artifact id: '05c5e867fe94ffb86ae5a35405929a0a') in 0.0221041 seconds
Number of updated asset objects reloaded before import = 0Number of asset objects unloaded after import = 12

========================================================================
Received Import Request.
  Time since last request: 0.000029 seconds.
  path: Assets/Scenes/Brick1 (10).prefab
  artifactKey: Guid(3eb7550ad29f5264d86563fc27654825) Importer(2089858483,b0f066a214c2f5e87bad3c948f4d605d)
Start importing Assets/Scenes/Brick1 (10).prefab using Guid(3eb7550ad29f5264d86563fc27654825) Importer(2089858483,b0f066a214c2f5e87bad3c948f4d605d) (ScriptedImporter) -> (artifact id: 'e60469cf790ebecf854c80815d3345ce') in 0.0172204 seconds
Number of updated asset objects reloaded before import = 0Number of asset objects unloaded after import = 9

========================================================================
Received Import Request.
  Time since last request: 0.000017 seconds.
  path: Assets/Scenes/Brick1.prefab
  artifactKey: Guid(e63416c232d157b47b58e1e57dad3634) Importer(2089858483,b0f066a214c2f5e87bad3c948f4d605d)
Start importing Assets/Scenes/Brick1.prefab using Guid(e63416c232d157b47b58e1e57dad3634) Importer(2089858483,b0f066a214c2f5e87bad3c948f4d605d) (ScriptedImporter) -> (artifact id: '0ec6697196d350ac1cb8e2a6cf7d7ad4') in 0.0153326 seconds
Number of updated asset objects reloaded before import = 0Number of asset objects unloaded after import = 9

========================================================================
Received Import Request.
  Time since last request: 0.000017 seconds.
  path: Assets/DefaultNetworkPrefabs.asset
  artifactKey: Guid(f79448cc21a7fa8448b0f20a774234c9) Importer(2089858483,b0f066a214c2f5e87bad3c948f4d605d)
Start importing Assets/DefaultNetworkPrefabs.asset using Guid(f79448cc21a7fa8448b0f20a774234c9) Importer(2089858483,b0f066a214c2f5e87bad3c948f4d605d) (ScriptedImporter) -> (artifact id: '300f03b64bc1260ff6f61a08a8160245') in 0.0374211 seconds
Number of updated asset objects reloaded before import = 0Number of asset objects unloaded after import = 179

========================================================================
Received Import Request.
  Time since last request: 0.000019 seconds.
  path: Assets/Scenes/Brick1 (20).prefab
  artifactKey: Guid(b9e7a6f2afeb82e49b9a63f548f3e181) Importer(2089858483,b0f066a214c2f5e87bad3c948f4d605d)
Start importing Assets/Scenes/Brick1 (20).prefab using Guid(b9e7a6f2afeb82e49b9a63f548f3e181) Importer(2089858483,b0f066a214c2f5e87bad3c948f4d605d) (ScriptedImporter) -> (artifact id: 'a167aa87f9692593e9a0ef224d0ed29f') in 0.0189156 seconds
Number of updated asset objects reloaded before import = 0Number of asset objects unloaded after import = 9

========================================================================
Received Import Request.
  Time since last request: 0.000027 seconds.
  path: Assets/Scenes/Brick1 (3).prefab
  artifactKey: Guid(bae663d6aaae31e4a88c71725543eb9c) Importer(2089858483,b0f066a214c2f5e87bad3c948f4d605d)
Start importing Assets/Scenes/Brick1 (3).prefab using Guid(bae663d6aaae31e4a88c71725543eb9c) Importer(2089858483,b0f066a214c2f5e87bad3c948f4d605d) (ScriptedImporter) -> (artifact id: '59e8848391a8b5432c9773f8f60f6cf6') in 0.0149506 seconds
Number of updated asset objects reloaded before import = 0Number of asset objects unloaded after import = 9

========================================================================
Received Import Request.
  Time since last request: 0.000020 seconds.
  path: Assets/Scenes/Brick1 (17).prefab
  artifactKey: Guid(7a9d9ab58d751d947a0fcca134237ea8) Importer(2089858483,b0f066a214c2f5e87bad3c948f4d605d)
Start importing Assets/Scenes/Brick1 (17).prefab using Guid(7a9d9ab58d751d947a0fcca134237ea8) Importer(2089858483,b0f066a214c2f5e87bad3c948f4d605d) (ScriptedImporter) -> (artifact id: 'a0bafd7c5610496c052bf131898fbf10') in 0.0164519 seconds
Number of updated asset objects reloaded before import = 0Number of asset objects unloaded after import = 9

========================================================================
Received Import Request.
  Time since last request: 0.000017 seconds.
  path: Assets/Scenes/Brick1 (13).prefab
  artifactKey: Guid(04f42168f553809418d9e34e561bf7af) Importer(2089858483,b0f066a214c2f5e87bad3c948f4d605d)
Start importing Assets/Scenes/Brick1 (13).prefab using Guid(04f42168f553809418d9e34e561bf7af) Importer(2089858483,b0f066a214c2f5e87bad3c948f4d605d) (ScriptedImporter) -> (artifact id: 'f557164ee93e4244df7e20a07a6e53b5') in 0.0164954 seconds
Number of updated asset objects reloaded before import = 0Number of asset objects unloaded after import = 9

========================================================================
Received Import Request.
  Time since last request: 0.000029 seconds.
  path: Assets/Scenes/Brick1 (14).prefab
  artifactKey: Guid(03444d06195e2a8448c2fab8ce39b2fc) Importer(2089858483,b0f066a214c2f5e87bad3c948f4d605d)
Start importing Assets/Scenes/Brick1 (14).prefab using Guid(03444d06195e2a8448c2fab8ce39b2fc) Importer(2089858483,b0f066a214c2f5e87bad3c948f4d605d) (ScriptedImporter) -> (artifact id: '3c4e5f501173fae41c0a1d528227ee62') in 0.0223146 seconds
Number of updated asset objects reloaded before import = 0Number of asset objects unloaded after import = 9

========================================================================
Received Import Request.
  Time since last request: 0.000049 seconds.
  path: Assets/Scenes/Arkanoid.unity
  artifactKey: Guid(b2f16d2bca14708498fbfeb1faded708) Importer(2089858483,b0f066a214c2f5e87bad3c948f4d605d)
Start importing Assets/Scenes/Arkanoid.unity using Guid(b2f16d2bca14708498fbfeb1faded708) Importer(2089858483,b0f066a214c2f5e87bad3c948f4d605d) (ScriptedImporter) -> (artifact id: '08814ee54db3cbef511e43373afbe8f9') in 0.0158557 seconds
Number of updated asset objects reloaded before import = 0Number of asset objects unloaded after import = 1

========================================================================
Received Import Request.
  Time since last request: 0.000035 seconds.
  path: Assets/Scenes/Brick1 (4).prefab
  artifactKey: Guid(daa5e852c04990e4bb711f9a00e9744d) Importer(2089858483,b0f066a214c2f5e87bad3c948f4d605d)
Start importing Assets/Scenes/Brick1 (4).prefab using Guid(daa5e852c04990e4bb711f9a00e9744d) Importer(2089858483,b0f066a214c2f5e87bad3c948f4d605d) (ScriptedImporter) -> (artifact id: 'c5a1b78f351db061351444cb71f6c77f') in 0.0155618 seconds
Number of updated asset objects reloaded before import = 0Number of asset objects unloaded after import = 9

========================================================================
Received Import Request.
  Time since last request: 0.000019 seconds.
  path: Assets/Scenes/Brick1 (6).prefab
  artifactKey: Guid(326573ee06c5d4048a8bc4c2075d81f7) Importer(2089858483,b0f066a214c2f5e87bad3c948f4d605d)
Start importing Assets/Scenes/Brick1 (6).prefab using Guid(326573ee06c5d4048a8bc4c2075d81f7) Importer(2089858483,b0f066a214c2f5e87bad3c948f4d605d) (ScriptedImporter) -> (artifact id: '857550e582d3a3cdec79d590f6fe83f9') in 0.0178732 seconds
Number of updated asset objects reloaded before import = 0Number of asset objects unloaded after import = 9

========================================================================
Received Import Request.
  Time since last request: 0.000018 seconds.
  path: Assets/Scenes/Brick1 (15).prefab
  artifactKey: Guid(d9cffce07f050934c814df23409c0058) Importer(2089858483,b0f066a214c2f5e87bad3c948f4d605d)
Start importing Assets/Scenes/Brick1 (15).prefab using Guid(d9cffce07f050934c814df23409c0058) Importer(2089858483,b0f066a214c2f5e87bad3c948f4d605d) (ScriptedImporter) -> (artifact id: '60a96c9f122edc445f30de875111eb7c') in 0.0546154 seconds
Number of updated asset objects reloaded before import = 0Number of asset objects unloaded after import = 9

========================================================================
Received Import Request.
  Time since last request: 0.000022 seconds.
  path: Assets/Scenes/Brick1 (12).prefab
  artifactKey: Guid(17b49289828f761479a8f123175605a5) Importer(2089858483,b0f066a214c2f5e87bad3c948f4d605d)
Start importing Assets/Scenes/Brick1 (12).prefab using Guid(17b49289828f761479a8f123175605a5) Importer(2089858483,b0f066a214c2f5e87bad3c948f4d605d) (ScriptedImporter) -> (artifact id: 'd7bb32536ad4fd55e0dc4c850c5c30f3') in 0.0274914 seconds
Number of updated asset objects reloaded before import = 0Number of asset objects unloaded after import = 9

========================================================================
Received Import Request.
  Time since last request: 0.000026 seconds.
  path: Assets/Scenes/Brick1 (18).prefab
  artifactKey: Guid(5226333957804f645a9eaaf67a829bb4) Importer(2089858483,b0f066a214c2f5e87bad3c948f4d605d)
Start importing Assets/Scenes/Brick1 (18).prefab using Guid(5226333957804f645a9eaaf67a829bb4) Importer(2089858483,b0f066a214c2f5e87bad3c948f4d605d) (ScriptedImporter) -> (artifact id: '656baf4f06287d52005b92e2e8ad0abd') in 0.0159805 seconds
Number of updated asset objects reloaded before import = 0Number of asset objects unloaded after import = 9

========================================================================
Received Import Request.
  Time since last request: 0.000017 seconds.
  path: Assets/Scenes/Brick1 (9).prefab
  artifactKey: Guid(a2c00d87b5f58c642ae71337bf792392) Importer(2089858483,b0f066a214c2f5e87bad3c948f4d605d)
Start importing Assets/Scenes/Brick1 (9).prefab using Guid(a2c00d87b5f58c642ae71337bf792392) Importer(2089858483,b0f066a214c2f5e87bad3c948f4d605d) (ScriptedImporter) -> (artifact id: '32ba1fe8f122087699df532dacb67fa7') in 0.0154662 seconds
Number of updated asset objects reloaded before import = 0Number of asset objects unloaded after import = 9

========================================================================
Received Import Request.
  Time since last request: 0.000021 seconds.
  path: Assets/Scenes/Brick1 (19).prefab
  artifactKey: Guid(7ef226066f26b9c439502734f5a9b0d7) Importer(2089858483,b0f066a214c2f5e87bad3c948f4d605d)
Start importing Assets/Scenes/Brick1 (19).prefab using Guid(7ef226066f26b9c439502734f5a9b0d7) Importer(2089858483,b0f066a214c2f5e87bad3c948f4d605d) (ScriptedImporter) -> (artifact id: '03a91d2e1a064f380e15e7206573993d') in 0.0203612 seconds
Number of updated asset objects reloaded before import = 0Number of asset objects unloaded after import = 9

========================================================================
Received Import Request.
  Time since last request: 0.000018 seconds.
  path: Assets/Scenes/Brick1 (7).prefab
  artifactKey: Guid(5c4bdb4bb1c3296419e882ae40e38caf) Importer(2089858483,b0f066a214c2f5e87bad3c948f4d605d)
Start importing Assets/Scenes/Brick1 (7).prefab using Guid(5c4bdb4bb1c3296419e882ae40e38caf) Importer(2089858483,b0f066a214c2f5e87bad3c948f4d605d) (ScriptedImporter) -> (artifact id: 'bf6d5ef2ece1293c87043d040055bdea') in 0.0156177 seconds
Number of updated asset objects reloaded before import = 0Number of asset objects unloaded after import = 9

========================================================================
Received Import Request.
  Time since last request: 0.000020 seconds.
  path: Assets/Scenes/Brick1 (11).prefab
  artifactKey: Guid(61cf46d131cd6144e9b9fdd4fdefd752) Importer(2089858483,b0f066a214c2f5e87bad3c948f4d605d)
Start importing Assets/Scenes/Brick1 (11).prefab using Guid(61cf46d131cd6144e9b9fdd4fdefd752) Importer(2089858483,b0f066a214c2f5e87bad3c948f4d605d) (ScriptedImporter) -> (artifact id: '93f2e1a1e40f7ef44a905360177f6bbd') in 0.0512266 seconds
Number of updated asset objects reloaded before import = 0Number of asset objects unloaded after import = 9

========================================================================
Received Import Request.
  Time since last request: 0.000027 seconds.
  path: Assets/Scenes/Brick1 (16).prefab
  artifactKey: Guid(cf3d252be2b3b2445a0cfec86158b0d9) Importer(2089858483,b0f066a214c2f5e87bad3c948f4d605d)
Start importing Assets/Scenes/Brick1 (16).prefab using Guid(cf3d252be2b3b2445a0cfec86158b0d9) Importer(2089858483,b0f066a214c2f5e87bad3c948f4d605d) (ScriptedImporter) -> (artifact id: 'e256a3051540651ff0cefb6e1b32dfec') in 0.0247427 seconds
Number of updated asset objects reloaded before import = 0Number of asset objects unloaded after import = 9

========================================================================
Received Import Request.
  Time since last request: 0.000018 seconds.
  path: Assets/Scenes/Brick1 (8).prefab
  artifactKey: Guid(c96b84503eb930449962afefc525520c) Importer(2089858483,b0f066a214c2f5e87bad3c948f4d605d)
Start importing Assets/Scenes/Brick1 (8).prefab using Guid(c96b84503eb930449962afefc525520c) Importer(2089858483,b0f066a214c2f5e87bad3c948f4d605d) (ScriptedImporter) -> (artifact id: 'ab2201638127f261831022e38155cc31') in 0.0169713 seconds
Number of updated asset objects reloaded before import = 0Number of asset objects unloaded after import = 9

========================================================================
Received Prepare
Refreshing native plugins compatible for Editor in 1.74 ms, found 4 plugins.
Preloading 0 native plugins for Editor in 0.00 ms.
Unloading 16 Unused Serialized files (Serialized files now loaded: 0)
Unloading 7725 unused Assets / (4.5 MB). Loaded Objects now: 8595.
Memory consumption went from 167.4 MB to 162.9 MB.
Total: 12.628900 ms (FindLiveObjects: 0.994200 ms CreateObjectMapping: 1.697100 ms MarkObjects: 6.759800 ms  DeleteObjects: 3.176600 ms)

Prepare: number of updated asset objects reloaded= 0
========================================================================
Received Import Request.
  Time since last request: 4.673960 seconds.
  path: Assets/Scripts/LevelManager.cs
  artifactKey: Guid(1f9c91710e106d84186998d23ae1cf5f) Importer(815301076,1909f56bfc062723c751e8b465ee728b)
Start importing Assets/Scripts/LevelManager.cs using Guid(1f9c91710e106d84186998d23ae1cf5f) Importer(815301076,1909f56bfc062723c751e8b465ee728b) (PreviewImporter) -> (artifact id: '0a44ad3616ae93b7ef5d999cf3aa672b') in 0.0006743 seconds
Number of updated asset objects reloaded before import = 0Number of asset objects unloaded after import = 0

========================================================================
Received Import Request.
  Time since last request: 0.325188 seconds.
  path: Assets/Scripts/LevelManager.cs
  artifactKey: Guid(1f9c91710e106d84186998d23ae1cf5f) Importer(2089858483,b0f066a214c2f5e87bad3c948f4d605d)
Start importing Assets/Scripts/LevelManager.cs using Guid(1f9c91710e106d84186998d23ae1cf5f) Importer(2089858483,b0f066a214c2f5e87bad3c948f4d605d) (ScriptedImporter) -> (artifact id: '19b6244d8a385e15b3a6f8abea6c9ef4') in 0.0916684 seconds
Number of updated asset objects reloaded before import = 0Number of asset objects unloaded after import = 0

========================================================================
Received Prepare
Begin MonoManager ReloadAssembly
[Licensing::Client] Successfully resolved entitlement details
- Loaded All Assemblies, in  1.241 seconds
Refreshing native plugins compatible for Editor in 1.92 ms, found 4 plugins.
Native extension for WindowsStandalone target not found
[Package Manager] Failed to launch server process. Reason: Unity was launched with the -noUpm command-line argument
[Package Manager] Unable to send message (not connected to server process).
[Package Manager] Cannot connect to Unity Package Manager local server
[Package Manager] Failed to launch server process. Reason: Unity was launched with the -noUpm command-line argument
[Package Manager] Unable to send message (not connected to server process).
[Package Manager] Cannot connect to Unity Package Manager local server
ScheduleIndexationOnStartup MainProcess:False IndexOnStartup:True
Mono: successfully reloaded assembly
- Finished resetting the current domain, in  1.577 seconds
Domain Reload Profiling: 2819ms
	BeginReloadAssembly (376ms)
		ExecutionOrderSort (0ms)
		DisableScriptedObjects (16ms)
		BackupInstance (0ms)
		ReleaseScriptingObjects (0ms)
		CreateAndSetChildDomain (85ms)
	RebuildCommonClasses (62ms)
	RebuildNativeTypeToScriptingClass (30ms)
	initialDomainReloadingComplete (83ms)
	LoadAllAssembliesAndSetupDomain (690ms)
		LoadAssemblies (567ms)
		RebuildTransferFunctionScriptingTraits (0ms)
		AnalyzeDomain (321ms)
			TypeCache.Refresh (14ms)
				TypeCache.ScanAssembly (1ms)
			BuildScriptInfoCaches (284ms)
			ResolveRequiredComponents (17ms)
	FinalizeReload (1578ms)
		ReleaseScriptCaches (0ms)
		RebuildScriptCaches (0ms)
		SetupLoadedEditorAssemblies (1177ms)
			LogAssemblyErrors (0ms)
			InitializePlatformSupportModulesInManaged (3ms)
			SetLoadedEditorAssemblies (8ms)
			BeforeProcessingInitializeOnLoad (434ms)
			ProcessInitializeOnLoadAttributes (599ms)
			ProcessInitializeOnLoadMethodAttributes (124ms)
			AfterProcessingInitializeOnLoad (8ms)
			EditorAssembliesLoaded (1ms)
		ExecutionOrderSort2 (0ms)
		AwakeInstancesAfterBackupRestoration (27ms)
Refreshing native plugins compatible for Editor in 2.63 ms, found 4 plugins.
Preloading 0 native plugins for Editor in 0.00 ms.
Unloading 16 Unused Serialized files (Serialized files now loaded: 0)
Unloading 7738 unused Assets / (4.6 MB). Loaded Objects now: 8598.
Memory consumption went from 166.9 MB to 162.4 MB.
Total: 16.405800 ms (FindLiveObjects: 1.183300 ms CreateObjectMapping: 2.458300 ms MarkObjects: 7.818600 ms  DeleteObjects: 4.943600 ms)

Prepare: number of updated asset objects reloaded= 0
========================================================================
Received Import Request.
  Time since last request: 14.546304 seconds.
  path: Assets/Scripts/LevelManager.cs
  artifactKey: Guid(1f9c91710e106d84186998d23ae1cf5f) Importer(815301076,1909f56bfc062723c751e8b465ee728b)
Start importing Assets/Scripts/LevelManager.cs using Guid(1f9c91710e106d84186998d23ae1cf5f) Importer(815301076,1909f56bfc062723c751e8b465ee728b) (PreviewImporter) -> (artifact id: '00000000000000000000000000000000') in 0.0038501 seconds
Import Error Code:(4)
Message: Build asset version error: assets/scripts/levelmanager.cs in SourceAssetDB has modification time of '2026-09-17T12:37:51.7670397Z' while content on disk has modification time of '2026-09-17T12:37:58.661Z'
  ERROR: Build asset version error: assets/scripts/levelmanager.cs in SourceAssetDB has modification time of '2026-09-17T12:37:51.7670397Z' while content on disk has modification time of '2026-09-17T12:37:58.661Z'
Number of updated asset objects reloaded before import = 0Number of asset objects unloaded after import = 0

========================================================================
Received Import Request.
  Time since last request: 0.000041 seconds.
  path: Assets/Scripts/LevelManager.cs
  artifactKey: Guid(1f9c91710e106d84186998d23ae1cf5f) Importer(815301076,1909f56bfc062723c751e8b465ee728b)
Start importing Assets/Scripts/LevelManager.cs using Guid(1f9c91710e106d84186998d23ae1cf5f) Importer(815301076,1909f56bfc062723c751e8b465ee728b) (PreviewImporter) -> (artifact id: '00000000000000000000000000000000') in 0.0006434 seconds
Import Error Code:(4)
Message: Build asset version error: assets/scripts/levelmanager.cs in SourceAssetDB has modification time of '2026-09-17T12:37:51.7670397Z' while content on disk has modification time of '2026-09-17T12:37:58.661Z'
  ERROR: Build asset version error: assets/scripts/levelmanager.cs in SourceAssetDB has modification time of '2026-09-17T12:37:51.7670397Z' while content on disk has modification time of '2026-09-17T12:37:58.661Z'
Number of updated asset objects reloaded before import = 0Number of asset objects unloaded after import = 0

========================================================================
Received Import Request.
  Time since last request: 0.000020 seconds.
  path: Assets/Scripts/LevelManager.cs
  artifactKey: Guid(1f9c91710e106d84186998d23ae1cf5f) Importer(815301076,1909f56bfc062723c751e8b465ee728b)
Start importing Assets/Scripts/LevelManager.cs using Guid(1f9c91710e106d84186998d23ae1cf5f) Importer(815301076,1909f56bfc062723c751e8b465ee728b) (PreviewImporter) -> (artifact id: '00000000000000000000000000000000') in 0.0006037 seconds
Import Error Code:(4)
Message: Build asset version error: assets/scripts/levelmanager.cs in SourceAssetDB has modification time of '2026-09-17T12:37:51.7670397Z' while content on disk has modification time of '2026-09-17T12:37:58.661Z'
  ERROR: Build asset version error: assets/scripts/levelmanager.cs in SourceAssetDB has modification time of '2026-09-17T12:37:51.7670397Z' while content on disk has modification time of '2026-09-17T12:37:58.661Z'
Number of updated asset objects reloaded before import = 0Number of asset objects unloaded after import = 0

========================================================================
Received Import Request.
  Time since last request: 0.000020 seconds.
  path: Assets/Scripts/LevelManager.cs
  artifactKey: Guid(1f9c91710e106d84186998d23ae1cf5f) Importer(815301076,1909f56bfc062723c751e8b465ee728b)
Start importing Assets/Scripts/LevelManager.cs using Guid(1f9c91710e106d84186998d23ae1cf5f) Importer(815301076,1909f56bfc062723c751e8b465ee728b) (PreviewImporter) -> (artifact id: '00000000000000000000000000000000') in 0.0007732 seconds
Import Error Code:(4)
Message: Build asset version error: assets/scripts/levelmanager.cs in SourceAssetDB has modification time of '2026-09-17T12:37:51.7670397Z' while content on disk has modification time of '2026-09-17T12:37:58.661Z'
  ERROR: Build asset version error: assets/scripts/levelmanager.cs in SourceAssetDB has modification time of '2026-09-17T12:37:51.7670397Z' while content on disk has modification time of '2026-09-17T12:37:58.661Z'
Number of updated asset objects reloaded before import = 0Number of asset objects unloaded after import = 0

========================================================================
Received Import Request.
  Time since last request: 0.000022 seconds.
  path: Assets/Scripts/LevelManager.cs
  artifactKey: Guid(1f9c91710e106d84186998d23ae1cf5f) Importer(815301076,1909f56bfc062723c751e8b465ee728b)
Start importing Assets/Scripts/LevelManager.cs using Guid(1f9c91710e106d84186998d23ae1cf5f) Importer(815301076,1909f56bfc062723c751e8b465ee728b) (PreviewImporter) -> (artifact id: '00000000000000000000000000000000') in 0.0009279 seconds
Import Error Code:(4)
Message: Build asset version error: assets/scripts/levelmanager.cs in SourceAssetDB has modification time of '2026-09-17T12:37:51.7670397Z' while content on disk has modification time of '2026-09-17T12:37:58.661Z'
  ERROR: Build asset version error: assets/scripts/levelmanager.cs in SourceAssetDB has modification time of '2026-09-17T12:37:51.7670397Z' while content on disk has modification time of '2026-09-17T12:37:58.661Z'
Number of updated asset objects reloaded before import = 0Number of asset objects unloaded after import = 0

========================================================================
Received Import Request.
  Time since last request: 0.000086 seconds.
  path: Assets/Scripts/LevelManager.cs
  artifactKey: Guid(1f9c91710e106d84186998d23ae1cf5f) Importer(815301076,1909f56bfc062723c751e8b465ee728b)
Start importing Assets/Scripts/LevelManager.cs using Guid(1f9c91710e106d84186998d23ae1cf5f) Importer(815301076,1909f56bfc062723c751e8b465ee728b) (PreviewImporter) -> (artifact id: '00000000000000000000000000000000') in 0.0006465 seconds
Import Error Code:(4)
Message: Build asset version error: assets/scripts/levelmanager.cs in SourceAssetDB has modification time of '2026-09-17T12:37:51.7670397Z' while content on disk has modification time of '2026-09-17T12:37:58.661Z'
  ERROR: Build asset version error: assets/scripts/levelmanager.cs in SourceAssetDB has modification time of '2026-09-17T12:37:51.7670397Z' while content on disk has modification time of '2026-09-17T12:37:58.661Z'
Number of updated asset objects reloaded before import = 0Number of asset objects unloaded after import = 0

========================================================================
Received Import Request.
  Time since last request: 0.000083 seconds.
  path: Assets/Scripts/LevelManager.cs
  artifactKey: Guid(1f9c91710e106d84186998d23ae1cf5f) Importer(815301076,1909f56bfc062723c751e8b465ee728b)
Start importing Assets/Scripts/LevelManager.cs using Guid(1f9c91710e106d84186998d23ae1cf5f) Importer(815301076,1909f56bfc062723c751e8b465ee728b) (PreviewImporter) -> (artifact id: '00000000000000000000000000000000') in 0.0006506 seconds
Import Error Code:(4)
Message: Build asset version error: assets/scripts/levelmanager.cs in SourceAssetDB has modification time of '2026-09-17T12:37:51.7670397Z' while content on disk has modification time of '2026-09-17T12:37:58.661Z'
  ERROR: Build asset version error: assets/scripts/levelmanager.cs in SourceAssetDB has modification time of '2026-09-17T12:37:51.7670397Z' while content on disk has modification time of '2026-09-17T12:37:58.661Z'
Number of updated asset objects reloaded before import = 0Number of asset objects unloaded after import = 0

========================================================================
Received Import Request.
  Time since last request: 0.000022 seconds.
  path: Assets/Scripts/LevelManager.cs
  artifactKey: Guid(1f9c91710e106d84186998d23ae1cf5f) Importer(815301076,1909f56bfc062723c751e8b465ee728b)
Start importing Assets/Scripts/LevelManager.cs using Guid(1f9c91710e106d84186998d23ae1cf5f) Importer(815301076,1909f56bfc062723c751e8b465ee728b) (PreviewImporter) -> (artifact id: '00000000000000000000000000000000') in 0.000848 seconds
Import Error Code:(4)
Message: Build asset version error: assets/scripts/levelmanager.cs in SourceAssetDB has modification time of '2026-09-17T12:37:51.7670397Z' while content on disk has modification time of '2026-09-17T12:37:58.661Z'
  ERROR: Build asset version error: assets/scripts/levelmanager.cs in SourceAssetDB has modification time of '2026-09-17T12:37:51.7670397Z' while content on disk has modification time of '2026-09-17T12:37:58.661Z'
Number of updated asset objects reloaded before import = 0Number of asset objects unloaded after import = 0

========================================================================
Received Import Request.
  Time since last request: 0.000024 seconds.
  path: Assets/Scripts/LevelManager.cs
  artifactKey: Guid(1f9c91710e106d84186998d23ae1cf5f) Importer(815301076,1909f56bfc062723c751e8b465ee728b)
Start importing Assets/Scripts/LevelManager.cs using Guid(1f9c91710e106d84186998d23ae1cf5f) Importer(815301076,1909f56bfc062723c751e8b465ee728b) (PreviewImporter) -> (artifact id: '00000000000000000000000000000000') in 0.0007377 seconds
Import Error Code:(4)
Message: Build asset version error: assets/scripts/levelmanager.cs in SourceAssetDB has modification time of '2026-09-17T12:37:51.7670397Z' while content on disk has modification time of '2026-09-17T12:37:58.661Z'
  ERROR: Build asset version error: assets/scripts/levelmanager.cs in SourceAssetDB has modification time of '2026-09-17T12:37:51.7670397Z' while content on disk has modification time of '2026-09-17T12:37:58.661Z'
Number of updated asset objects reloaded before import = 0Number of asset objects unloaded after import = 0

========================================================================
Received Import Request.
  Time since last request: 0.000021 seconds.
  path: Assets/Scripts/LevelManager.cs
  artifactKey: Guid(1f9c91710e106d84186998d23ae1cf5f) Importer(815301076,1909f56bfc062723c751e8b465ee728b)
Start importing Assets/Scripts/LevelManager.cs using Guid(1f9c91710e106d84186998d23ae1cf5f) Importer(815301076,1909f56bfc062723c751e8b465ee728b) (PreviewImporter) -> (artifact id: '00000000000000000000000000000000') in 0.0009459 seconds
Import Error Code:(4)
Message: Build asset version error: assets/scripts/levelmanager.cs in SourceAssetDB has modification time of '2026-09-17T12:37:51.7670397Z' while content on disk has modification time of '2026-09-17T12:37:58.661Z'
  ERROR: Build asset version error: assets/scripts/levelmanager.cs in SourceAssetDB has modification time of '2026-09-17T12:37:51.7670397Z' while content on disk has modification time of '2026-09-17T12:37:58.661Z'
Number of updated asset objects reloaded before import = 0Number of asset objects unloaded after import = 0

========================================================================
Received Import Request.
  Time since last request: 0.000040 seconds.
  path: Assets/Scripts/LevelManager.cs
  artifactKey: Guid(1f9c91710e106d84186998d23ae1cf5f) Importer(815301076,1909f56bfc062723c751e8b465ee728b)
Start importing Assets/Scripts/LevelManager.cs using Guid(1f9c91710e106d84186998d23ae1cf5f) Importer(815301076,1909f56bfc062723c751e8b465ee728b) (PreviewImporter) -> (artifact id: '00000000000000000000000000000000') in 0.0018878 seconds
Import Error Code:(4)
Message: Build asset version error: assets/scripts/levelmanager.cs in SourceAssetDB has modification time of '2026-09-17T12:37:51.7670397Z' while content on disk has modification time of '2026-09-17T12:37:58.661Z'
  ERROR: Build asset version error: assets/scripts/levelmanager.cs in SourceAssetDB has modification time of '2026-09-17T12:37:51.7670397Z' while content on disk has modification time of '2026-09-17T12:37:58.661Z'
Number of updated asset objects reloaded before import = 0Number of asset objects unloaded after import = 0

========================================================================
Received Import Request.
  Time since last request: 0.000043 seconds.
  path: Assets/Scripts/LevelManager.cs
  artifactKey: Guid(1f9c91710e106d84186998d23ae1cf5f) Importer(815301076,1909f56bfc062723c751e8b465ee728b)
Start importing Assets/Scripts/LevelManager.cs using Guid(1f9c91710e106d84186998d23ae1cf5f) Importer(815301076,1909f56bfc062723c751e8b465ee728b) (PreviewImporter) -> (artifact id: '00000000000000000000000000000000') in 0.0012239 seconds
Import Error Code:(4)
Message: Build asset version error: assets/scripts/levelmanager.cs in SourceAssetDB has modification time of '2026-09-17T12:37:51.7670397Z' while content on disk has modification time of '2026-09-17T12:37:58.661Z'
  ERROR: Build asset version error: assets/scripts/levelmanager.cs in SourceAssetDB has modification time of '2026-09-17T12:37:51.7670397Z' while content on disk has modification time of '2026-09-17T12:37:58.661Z'
Number of updated asset objects reloaded before import = 0Number of asset objects unloaded after import = 0

========================================================================
Received Import Request.
  Time since last request: 0.000022 seconds.
  path: Assets/Scripts/LevelManager.cs
  artifactKey: Guid(1f9c91710e106d84186998d23ae1cf5f) Importer(815301076,1909f56bfc062723c751e8b465ee728b)
Start importing Assets/Scripts/LevelManager.cs using Guid(1f9c91710e106d84186998d23ae1cf5f) Importer(815301076,1909f56bfc062723c751e8b465ee728b) (PreviewImporter) -> (artifact id: '00000000000000000000000000000000') in 0.0007858 seconds
Import Error Code:(4)
Message: Build asset version error: assets/scripts/levelmanager.cs in SourceAssetDB has modification time of '2026-09-17T12:37:51.7670397Z' while content on disk has modification time of '2026-09-17T12:37:58.661Z'
  ERROR: Build asset version error: assets/scripts/levelmanager.cs in SourceAssetDB has modification time of '2026-09-17T12:37:51.7670397Z' while content on disk has modification time of '2026-09-17T12:37:58.661Z'
Number of updated asset objects reloaded before import = 0Number of asset objects unloaded after import = 0

========================================================================
Received Import Request.
  Time since last request: 0.000047 seconds.
  path: Assets/Scripts/LevelManager.cs
  artifactKey: Guid(1f9c91710e106d84186998d23ae1cf5f) Importer(815301076,1909f56bfc062723c751e8b465ee728b)
Start importing Assets/Scripts/LevelManager.cs using Guid(1f9c91710e106d84186998d23ae1cf5f) Importer(815301076,1909f56bfc062723c751e8b465ee728b) (PreviewImporter) -> (artifact id: '00000000000000000000000000000000') in 0.0039942 seconds
Import Error Code:(4)
Message: Build asset version error: assets/scripts/levelmanager.cs in SourceAssetDB has modification time of '2026-09-17T12:37:51.7670397Z' while content on disk has modification time of '2026-09-17T12:37:58.661Z'
  ERROR: Build asset version error: assets/scripts/levelmanager.cs in SourceAssetDB has modification time of '2026-09-17T12:37:51.7670397Z' while content on disk has modification time of '2026-09-17T12:37:58.661Z'
Number of updated asset objects reloaded before import = 0Number of asset objects unloaded after import = 0

========================================================================
Received Import Request.
  Time since last request: 0.000032 seconds.
  path: Assets/Scripts/LevelManager.cs
  artifactKey: Guid(1f9c91710e106d84186998d23ae1cf5f) Importer(815301076,1909f56bfc062723c751e8b465ee728b)
Start importing Assets/Scripts/LevelManager.cs using Guid(1f9c91710e106d84186998d23ae1cf5f) Importer(815301076,1909f56bfc062723c751e8b465ee728b) (PreviewImporter) -> (artifact id: '00000000000000000000000000000000') in 0.0015771 seconds
Import Error Code:(4)
Message: Build asset version error: assets/scripts/levelmanager.cs in SourceAssetDB has modification time of '2026-09-17T12:37:51.7670397Z' while content on disk has modification time of '2026-09-17T12:37:58.661Z'
  ERROR: Build asset version error: assets/scripts/levelmanager.cs in SourceAssetDB has modification time of '2026-09-17T12:37:51.7670397Z' while content on disk has modification time of '2026-09-17T12:37:58.661Z'
Number of updated asset objects reloaded before import = 0Number of asset objects unloaded after import = 0

========================================================================
Received Import Request.
  Time since last request: 0.000061 seconds.
  path: Assets/Scripts/LevelManager.cs
  artifactKey: Guid(1f9c91710e106d84186998d23ae1cf5f) Importer(815301076,1909f56bfc062723c751e8b465ee728b)
Start importing Assets/Scripts/LevelManager.cs using Guid(1f9c91710e106d84186998d23ae1cf5f) Importer(815301076,1909f56bfc062723c751e8b465ee728b) (PreviewImporter) -> (artifact id: '00000000000000000000000000000000') in 0.0011018 seconds
Import Error Code:(4)
Message: Build asset version error: assets/scripts/levelmanager.cs in SourceAssetDB has modification time of '2026-09-17T12:37:51.7670397Z' while content on disk has modification time of '2026-09-17T12:37:58.661Z'
  ERROR: Build asset version error: assets/scripts/levelmanager.cs in SourceAssetDB has modification time of '2026-09-17T12:37:51.7670397Z' while content on disk has modification time of '2026-09-17T12:37:58.661Z'
Number of updated asset objects reloaded before import = 0Number of asset objects unloaded after import = 0

========================================================================
Received Import Request.
  Time since last request: 0.000023 seconds.
  path: Assets/Scripts/LevelManager.cs
  artifactKey: Guid(1f9c91710e106d84186998d23ae1cf5f) Importer(815301076,1909f56bfc062723c751e8b465ee728b)
Start importing Assets/Scripts/LevelManager.cs using Guid(1f9c91710e106d84186998d23ae1cf5f) Importer(815301076,1909f56bfc062723c751e8b465ee728b) (PreviewImporter) -> (artifact id: '00000000000000000000000000000000') in 0.0008598 seconds
Import Error Code:(4)
Message: Build asset version error: assets/scripts/levelmanager.cs in SourceAssetDB has modification time of '2026-09-17T12:37:51.7670397Z' while content on disk has modification time of '2026-09-17T12:37:58.661Z'
  ERROR: Build asset version error: assets/scripts/levelmanager.cs in SourceAssetDB has modification time of '2026-09-17T12:37:51.7670397Z' while content on disk has modification time of '2026-09-17T12:37:58.661Z'
Number of updated asset objects reloaded before import = 0Number of asset objects unloaded after import = 0

========================================================================
Received Import Request.
  Time since last request: 0.000059 seconds.
  path: Assets/Scripts/LevelManager.cs
  artifactKey: Guid(1f9c91710e106d84186998d23ae1cf5f) Importer(815301076,1909f56bfc062723c751e8b465ee728b)
Start importing Assets/Scripts/LevelManager.cs using Guid(1f9c91710e106d84186998d23ae1cf5f) Importer(815301076,1909f56bfc062723c751e8b465ee728b) (PreviewImporter) -> (artifact id: '00000000000000000000000000000000') in 0.0006223 seconds
Import Error Code:(4)
Message: Build asset version error: assets/scripts/levelmanager.cs in SourceAssetDB has modification time of '2026-09-17T12:37:51.7670397Z' while content on disk has modification time of '2026-09-17T12:37:58.661Z'
  ERROR: Build asset version error: assets/scripts/levelmanager.cs in SourceAssetDB has modification time of '2026-09-17T12:37:51.7670397Z' while content on disk has modification time of '2026-09-17T12:37:58.661Z'
Number of updated asset objects reloaded before import = 0Number of asset objects unloaded after import = 0

========================================================================
Received Import Request.
  Time since last request: 0.000034 seconds.
  path: Assets/Scripts/LevelManager.cs
  artifactKey: Guid(1f9c91710e106d84186998d23ae1cf5f) Importer(815301076,1909f56bfc062723c751e8b465ee728b)
Start importing Assets/Scripts/LevelManager.cs using Guid(1f9c91710e106d84186998d23ae1cf5f) Importer(815301076,1909f56bfc062723c751e8b465ee728b) (PreviewImporter) -> (artifact id: '00000000000000000000000000000000') in 0.0006245 seconds
Import Error Code:(4)
Message: Build asset version error: assets/scripts/levelmanager.cs in SourceAssetDB has modification time of '2026-09-17T12:37:51.7670397Z' while content on disk has modification time of '2026-09-17T12:37:58.661Z'
  ERROR: Build asset version error: assets/scripts/levelmanager.cs in SourceAssetDB has modification time of '2026-09-17T12:37:51.7670397Z' while content on disk has modification time of '2026-09-17T12:37:58.661Z'
Number of updated asset objects reloaded before import = 0Number of asset objects unloaded after import = 0

========================================================================
Received Import Request.
  Time since last request: 0.000027 seconds.
  path: Assets/Scripts/LevelManager.cs
  artifactKey: Guid(1f9c91710e106d84186998d23ae1cf5f) Importer(815301076,1909f56bfc062723c751e8b465ee728b)
Start importing Assets/Scripts/LevelManager.cs using Guid(1f9c91710e106d84186998d23ae1cf5f) Importer(815301076,1909f56bfc062723c751e8b465ee728b) (PreviewImporter) -> (artifact id: '00000000000000000000000000000000') in 0.0011342 seconds
Import Error Code:(4)
Message: Build asset version error: assets/scripts/levelmanager.cs in SourceAssetDB has modification time of '2026-09-17T12:37:51.7670397Z' while content on disk has modification time of '2026-09-17T12:37:58.661Z'
  ERROR: Build asset version error: assets/scripts/levelmanager.cs in SourceAssetDB has modification time of '2026-09-17T12:37:51.7670397Z' while content on disk has modification time of '2026-09-17T12:37:58.661Z'
Number of updated asset objects reloaded before import = 0Number of asset objects unloaded after import = 0

========================================================================
Received Import Request.
  Time since last request: 0.000033 seconds.
  path: Assets/Scripts/LevelManager.cs
  artifactKey: Guid(1f9c91710e106d84186998d23ae1cf5f) Importer(815301076,1909f56bfc062723c751e8b465ee728b)
Start importing Assets/Scripts/LevelManager.cs using Guid(1f9c91710e106d84186998d23ae1cf5f) Importer(815301076,1909f56bfc062723c751e8b465ee728b) (PreviewImporter) -> (artifact id: '00000000000000000000000000000000') in 0.001035 seconds
Import Error Code:(4)
Message: Build asset version error: assets/scripts/levelmanager.cs in SourceAssetDB has modification time of '2026-09-17T12:37:51.7670397Z' while content on disk has modification time of '2026-09-17T12:37:58.661Z'
  ERROR: Build asset version error: assets/scripts/levelmanager.cs in SourceAssetDB has modification time of '2026-09-17T12:37:51.7670397Z' while content on disk has modification time of '2026-09-17T12:37:58.661Z'
Number of updated asset objects reloaded before import = 0Number of asset objects unloaded after import = 0

========================================================================
Received Import Request.
  Time since last request: 0.000024 seconds.
  path: Assets/Scripts/LevelManager.cs
  artifactKey: Guid(1f9c91710e106d84186998d23ae1cf5f) Importer(815301076,1909f56bfc062723c751e8b465ee728b)
Start importing Assets/Scripts/LevelManager.cs using Guid(1f9c91710e106d84186998d23ae1cf5f) Importer(815301076,1909f56bfc062723c751e8b465ee728b) (PreviewImporter) -> (artifact id: '00000000000000000000000000000000') in 0.0008701 seconds
Import Error Code:(4)
Message: Build asset version error: assets/scripts/levelmanager.cs in SourceAssetDB has modification time of '2026-09-17T12:37:51.7670397Z' while content on disk has modification time of '2026-09-17T12:37:58.661Z'
  ERROR: Build asset version error: assets/scripts/levelmanager.cs in SourceAssetDB has modification time of '2026-09-17T12:37:51.7670397Z' while content on disk has modification time of '2026-09-17T12:37:58.661Z'
Number of updated asset objects reloaded before import = 0Number of asset objects unloaded after import = 0

========================================================================
Received Import Request.
  Time since last request: 0.000057 seconds.
  path: Assets/Scripts/LevelManager.cs
  artifactKey: Guid(1f9c91710e106d84186998d23ae1cf5f) Importer(815301076,1909f56bfc062723c751e8b465ee728b)
Start importing Assets/Scripts/LevelManager.cs using Guid(1f9c91710e106d84186998d23ae1cf5f) Importer(815301076,1909f56bfc062723c751e8b465ee728b) (PreviewImporter) -> (artifact id: '00000000000000000000000000000000') in 0.0007759 seconds
Import Error Code:(4)
Message: Build asset version error: assets/scripts/levelmanager.cs in SourceAssetDB has modification time of '2026-09-17T12:37:51.7670397Z' while content on disk has modification time of '2026-09-17T12:37:58.661Z'
  ERROR: Build asset version error: assets/scripts/levelmanager.cs in SourceAssetDB has modification time of '2026-09-17T12:37:51.7670397Z' while content on disk has modification time of '2026-09-17T12:37:58.661Z'
Number of updated asset objects reloaded before import = 0Number of asset objects unloaded after import = 0

========================================================================
Received Import Request.
  Time since last request: 0.000025 seconds.
  path: Assets/Scripts/LevelManager.cs
  artifactKey: Guid(1f9c91710e106d84186998d23ae1cf5f) Importer(815301076,1909f56bfc062723c751e8b465ee728b)
Start importing Assets/Scripts/LevelManager.cs using Guid(1f9c91710e106d84186998d23ae1cf5f) Importer(815301076,1909f56bfc062723c751e8b465ee728b) (PreviewImporter) -> (artifact id: '00000000000000000000000000000000') in 0.0007583 seconds
Import Error Code:(4)
Message: Build asset version error: assets/scripts/levelmanager.cs in SourceAssetDB has modification time of '2026-09-17T12:37:51.7670397Z' while content on disk has modification time of '2026-09-17T12:37:58.661Z'
  ERROR: Build asset version error: assets/scripts/levelmanager.cs in SourceAssetDB has modification time of '2026-09-17T12:37:51.7670397Z' while content on disk has modification time of '2026-09-17T12:37:58.661Z'
Number of updated asset objects reloaded before import = 0Number of asset objects unloaded after import = 0

========================================================================
Received Import Request.
  Time since last request: 0.000026 seconds.
  path: Assets/Scripts/LevelManager.cs
  artifactKey: Guid(1f9c91710e106d84186998d23ae1cf5f) Importer(815301076,1909f56bfc062723c751e8b465ee728b)
Start importing Assets/Scripts/LevelManager.cs using Guid(1f9c91710e106d84186998d23ae1cf5f) Importer(815301076,1909f56bfc062723c751e8b465ee728b) (PreviewImporter) -> (artifact id: '00000000000000000000000000000000') in 0.0009388 seconds
Import Error Code:(4)
Message: Build asset version error: assets/scripts/levelmanager.cs in SourceAssetDB has modification time of '2026-09-17T12:37:51.7670397Z' while content on disk has modification time of '2026-09-17T12:37:58.661Z'
  ERROR: Build asset version error: assets/scripts/levelmanager.cs in SourceAssetDB has modification time of '2026-09-17T12:37:51.7670397Z' while content on disk has modification time of '2026-09-17T12:37:58.661Z'
Number of updated asset objects reloaded before import = 0Number of asset objects unloaded after import = 0

========================================================================
Received Import Request.
  Time since last request: 0.000042 seconds.
  path: Assets/Scripts/LevelManager.cs
  artifactKey: Guid(1f9c91710e106d84186998d23ae1cf5f) Importer(815301076,1909f56bfc062723c751e8b465ee728b)
Start importing Assets/Scripts/LevelManager.cs using Guid(1f9c91710e106d84186998d23ae1cf5f) Importer(815301076,1909f56bfc062723c751e8b465ee728b) (PreviewImporter) -> (artifact id: '00000000000000000000000000000000') in 0.0011127 seconds
Import Error Code:(4)
Message: Build asset version error: assets/scripts/levelmanager.cs in SourceAssetDB has modification time of '2026-09-17T12:37:51.7670397Z' while content on disk has modification time of '2026-09-17T12:37:58.661Z'
  ERROR: Build asset version error: assets/scripts/levelmanager.cs in SourceAssetDB has modification time of '2026-09-17T12:37:51.7670397Z' while content on disk has modification time of '2026-09-17T12:37:58.661Z'
Number of updated asset objects reloaded before import = 0Number of asset objects unloaded after import = 0

========================================================================
Received Import Request.
  Time since last request: 0.000044 seconds.
  path: Assets/Scripts/LevelManager.cs
  artifactKey: Guid(1f9c91710e106d84186998d23ae1cf5f) Importer(815301076,1909f56bfc062723c751e8b465ee728b)
Start importing Assets/Scripts/LevelManager.cs using Guid(1f9c91710e106d84186998d23ae1cf5f) Importer(815301076,1909f56bfc062723c751e8b465ee728b) (PreviewImporter) -> (artifact id: '00000000000000000000000000000000') in 0.0015383 seconds
Import Error Code:(4)
Message: Build asset version error: assets/scripts/levelmanager.cs in SourceAssetDB has modification time of '2026-09-17T12:37:51.7670397Z' while content on disk has modification time of '2026-09-17T12:37:58.661Z'
  ERROR: Build asset version error: assets/scripts/levelmanager.cs in SourceAssetDB has modification time of '2026-09-17T12:37:51.7670397Z' while content on disk has modification time of '2026-09-17T12:37:58.661Z'
Number of updated asset objects reloaded before import = 0Number of asset objects unloaded after import = 0

========================================================================
Received Import Request.
  Time since last request: 0.000045 seconds.
  path: Assets/Scripts/LevelManager.cs
  artifactKey: Guid(1f9c91710e106d84186998d23ae1cf5f) Importer(815301076,1909f56bfc062723c751e8b465ee728b)
Start importing Assets/Scripts/LevelManager.cs using Guid(1f9c91710e106d84186998d23ae1cf5f) Importer(815301076,1909f56bfc062723c751e8b465ee728b) (PreviewImporter) -> (artifact id: '00000000000000000000000000000000') in 0.0009571 seconds
Import Error Code:(4)
Message: Build asset version error: assets/scripts/levelmanager.cs in SourceAssetDB has modification time of '2026-09-17T12:37:51.7670397Z' while content on disk has modification time of '2026-09-17T12:37:58.661Z'
  ERROR: Build asset version error: assets/scripts/levelmanager.cs in SourceAssetDB has modification time of '2026-09-17T12:37:51.7670397Z' while content on disk has modification time of '2026-09-17T12:37:58.661Z'
Number of updated asset objects reloaded before import = 0Number of asset objects unloaded after import = 0

========================================================================
Received Import Request.
  Time since last request: 0.000076 seconds.
  path: Assets/Scripts/LevelManager.cs
  artifactKey: Guid(1f9c91710e106d84186998d23ae1cf5f) Importer(815301076,1909f56bfc062723c751e8b465ee728b)
Start importing Assets/Scripts/LevelManager.cs using Guid(1f9c91710e106d84186998d23ae1cf5f) Importer(815301076,1909f56bfc062723c751e8b465ee728b) (PreviewImporter) -> (artifact id: '00000000000000000000000000000000') in 0.0010761 seconds
Import Error Code:(4)
Message: Build asset version error: assets/scripts/levelmanager.cs in SourceAssetDB has modification time of '2026-09-17T12:37:51.7670397Z' while content on disk has modification time of '2026-09-17T12:37:58.661Z'
  ERROR: Build asset version error: assets/scripts/levelmanager.cs in SourceAssetDB has modification time of '2026-09-17T12:37:51.7670397Z' while content on disk has modification time of '2026-09-17T12:37:58.661Z'
Number of updated asset objects reloaded before import = 0Number of asset objects unloaded after import = 0

========================================================================
Received Import Request.
  Time since last request: 0.000224 seconds.
  path: Assets/Scripts/LevelManager.cs
  artifactKey: Guid(1f9c91710e106d84186998d23ae1cf5f) Importer(815301076,1909f56bfc062723c751e8b465ee728b)
Start importing Assets/Scripts/LevelManager.cs using Guid(1f9c91710e106d84186998d23ae1cf5f) Importer(815301076,1909f56bfc062723c751e8b465ee728b) (PreviewImporter) -> (artifact id: '00000000000000000000000000000000') in 0.0008526 seconds
Import Error Code:(4)
Message: Build asset version error: assets/scripts/levelmanager.cs in SourceAssetDB has modification time of '2026-09-17T12:37:51.7670397Z' while content on disk has modification time of '2026-09-17T12:37:58.661Z'
  ERROR: Build asset version error: assets/scripts/levelmanager.cs in SourceAssetDB has modification time of '2026-09-17T12:37:51.7670397Z' while content on disk has modification time of '2026-09-17T12:37:58.661Z'
Number of updated asset objects reloaded before import = 0Number of asset objects unloaded after import = 0

========================================================================
Received Import Request.
  Time since last request: 0.000039 seconds.
  path: Assets/Scripts/LevelManager.cs
  artifactKey: Guid(1f9c91710e106d84186998d23ae1cf5f) Importer(815301076,1909f56bfc062723c751e8b465ee728b)
Start importing Assets/Scripts/LevelManager.cs using Guid(1f9c91710e106d84186998d23ae1cf5f) Importer(815301076,1909f56bfc062723c751e8b465ee728b) (PreviewImporter) -> (artifact id: '00000000000000000000000000000000') in 0.0009201 seconds
Import Error Code:(4)
Message: Build asset version error: assets/scripts/levelmanager.cs in SourceAssetDB has modification time of '2026-09-17T12:37:51.7670397Z' while content on disk has modification time of '2026-09-17T12:37:58.661Z'
  ERROR: Build asset version error: assets/scripts/levelmanager.cs in SourceAssetDB has modification time of '2026-09-17T12:37:51.7670397Z' while content on disk has modification time of '2026-09-17T12:37:58.661Z'
Number of updated asset objects reloaded before import = 0Number of asset objects unloaded after import = 0

========================================================================
Received Import Request.
  Time since last request: 0.000025 seconds.
  path: Assets/Scripts/LevelManager.cs
  artifactKey: Guid(1f9c91710e106d84186998d23ae1cf5f) Importer(815301076,1909f56bfc062723c751e8b465ee728b)
Start importing Assets/Scripts/LevelManager.cs using Guid(1f9c91710e106d84186998d23ae1cf5f) Importer(815301076,1909f56bfc062723c751e8b465ee728b) (PreviewImporter) -> (artifact id: '00000000000000000000000000000000') in 0.0008931 seconds
Import Error Code:(4)
Message: Build asset version error: assets/scripts/levelmanager.cs in SourceAssetDB has modification time of '2026-09-17T12:37:51.7670397Z' while content on disk has modification time of '2026-09-17T12:37:58.661Z'
  ERROR: Build asset version error: assets/scripts/levelmanager.cs in SourceAssetDB has modification time of '2026-09-17T12:37:51.7670397Z' while content on disk has modification time of '2026-09-17T12:37:58.661Z'
Number of updated asset objects reloaded before import = 0Number of asset objects unloaded after import = 0

========================================================================
Received Import Request.
  Time since last request: 0.000025 seconds.
  path: Assets/Scripts/LevelManager.cs
  artifactKey: Guid(1f9c91710e106d84186998d23ae1cf5f) Importer(815301076,1909f56bfc062723c751e8b465ee728b)
Start importing Assets/Scripts/LevelManager.cs using Guid(1f9c91710e106d84186998d23ae1cf5f) Importer(815301076,1909f56bfc062723c751e8b465ee728b) (PreviewImporter) -> (artifact id: '00000000000000000000000000000000') in 0.0007249 seconds
Import Error Code:(4)
Message: Build asset version error: assets/scripts/levelmanager.cs in SourceAssetDB has modification time of '2026-09-17T12:37:51.7670397Z' while content on disk has modification time of '2026-09-17T12:37:58.661Z'
  ERROR: Build asset version error: assets/scripts/levelmanager.cs in SourceAssetDB has modification time of '2026-09-17T12:37:51.7670397Z' while content on disk has modification time of '2026-09-17T12:37:58.661Z'
Number of updated asset objects reloaded before import = 0Number of asset objects unloaded after import = 0

========================================================================
Received Import Request.
  Time since last request: 0.000036 seconds.
  path: Assets/Scripts/LevelManager.cs
  artifactKey: Guid(1f9c91710e106d84186998d23ae1cf5f) Importer(815301076,1909f56bfc062723c751e8b465ee728b)
Start importing Assets/Scripts/LevelManager.cs using Guid(1f9c91710e106d84186998d23ae1cf5f) Importer(815301076,1909f56bfc062723c751e8b465ee728b) (PreviewImporter) -> (artifact id: '00000000000000000000000000000000') in 0.0006107 seconds
Import Error Code:(4)
Message: Build asset version error: assets/scripts/levelmanager.cs in SourceAssetDB has modification time of '2026-09-17T12:37:51.7670397Z' while content on disk has modification time of '2026-09-17T12:37:58.661Z'
  ERROR: Build asset version error: assets/scripts/levelmanager.cs in SourceAssetDB has modification time of '2026-09-17T12:37:51.7670397Z' while content on disk has modification time of '2026-09-17T12:37:58.661Z'
Number of updated asset objects reloaded before import = 0Number of asset objects unloaded after import = 0

========================================================================
Received Import Request.
  Time since last request: 0.000041 seconds.
  path: Assets/Scripts/LevelManager.cs
  artifactKey: Guid(1f9c91710e106d84186998d23ae1cf5f) Importer(815301076,1909f56bfc062723c751e8b465ee728b)
Start importing Assets/Scripts/LevelManager.cs using Guid(1f9c91710e106d84186998d23ae1cf5f) Importer(815301076,1909f56bfc062723c751e8b465ee728b) (PreviewImporter) -> (artifact id: '00000000000000000000000000000000') in 0.0008549 seconds
Import Error Code:(4)
Message: Build asset version error: assets/scripts/levelmanager.cs in SourceAssetDB has modification time of '2026-09-17T12:37:51.7670397Z' while content on disk has modification time of '2026-09-17T12:37:58.661Z'
  ERROR: Build asset version error: assets/scripts/levelmanager.cs in SourceAssetDB has modification time of '2026-09-17T12:37:51.7670397Z' while content on disk has modification time of '2026-09-17T12:37:58.661Z'
Number of updated asset objects reloaded before import = 0Number of asset objects unloaded after import = 0

========================================================================
Received Import Request.
  Time since last request: 0.000022 seconds.
  path: Assets/Scripts/LevelManager.cs
  artifactKey: Guid(1f9c91710e106d84186998d23ae1cf5f) Importer(815301076,1909f56bfc062723c751e8b465ee728b)
Start importing Assets/Scripts/LevelManager.cs using Guid(1f9c91710e106d84186998d23ae1cf5f) Importer(815301076,1909f56bfc062723c751e8b465ee728b) (PreviewImporter) -> (artifact id: '00000000000000000000000000000000') in 0.0006141 seconds
Import Error Code:(4)
Message: Build asset version error: assets/scripts/levelmanager.cs in SourceAssetDB has modification time of '2026-09-17T12:37:51.7670397Z' while content on disk has modification time of '2026-09-17T12:37:58.661Z'
  ERROR: Build asset version error: assets/scripts/levelmanager.cs in SourceAssetDB has modification time of '2026-09-17T12:37:51.7670397Z' while content on disk has modification time of '2026-09-17T12:37:58.661Z'
Number of updated asset objects reloaded before import = 0Number of asset objects unloaded after import = 0

========================================================================
Received Import Request.
  Time since last request: 0.000022 seconds.
  path: Assets/Scripts/LevelManager.cs
  artifactKey: Guid(1f9c91710e106d84186998d23ae1cf5f) Importer(815301076,1909f56bfc062723c751e8b465ee728b)
Start importing Assets/Scripts/LevelManager.cs using Guid(1f9c91710e106d84186998d23ae1cf5f) Importer(815301076,1909f56bfc062723c751e8b465ee728b) (PreviewImporter) -> (artifact id: '00000000000000000000000000000000') in 0.0005958 seconds
Import Error Code:(4)
Message: Build asset version error: assets/scripts/levelmanager.cs in SourceAssetDB has modification time of '2026-09-17T12:37:51.7670397Z' while content on disk has modification time of '2026-09-17T12:37:58.661Z'
  ERROR: Build asset version error: assets/scripts/levelmanager.cs in SourceAssetDB has modification time of '2026-09-17T12:37:51.7670397Z' while content on disk has modification time of '2026-09-17T12:37:58.661Z'
Number of updated asset objects reloaded before import = 0Number of asset objects unloaded after import = 0

========================================================================
Received Import Request.
  Time since last request: 0.000025 seconds.
  path: Assets/Scripts/LevelManager.cs
  artifactKey: Guid(1f9c91710e106d84186998d23ae1cf5f) Importer(815301076,1909f56bfc062723c751e8b465ee728b)
Start importing Assets/Scripts/LevelManager.cs using Guid(1f9c91710e106d84186998d23ae1cf5f) Importer(815301076,1909f56bfc062723c751e8b465ee728b) (PreviewImporter) -> (artifact id: '00000000000000000000000000000000') in 0.0007817 seconds
Import Error Code:(4)
Message: Build asset version error: assets/scripts/levelmanager.cs in SourceAssetDB has modification time of '2026-09-17T12:37:51.7670397Z' while content on disk has modification time of '2026-09-17T12:37:58.661Z'
  ERROR: Build asset version error: assets/scripts/levelmanager.cs in SourceAssetDB has modification time of '2026-09-17T12:37:51.7670397Z' while content on disk has modification time of '2026-09-17T12:37:58.661Z'
Number of updated asset objects reloaded before import = 0Number of asset objects unloaded after import = 0

========================================================================
Received Import Request.
  Time since last request: 0.000051 seconds.
  path: Assets/Scripts/LevelManager.cs
  artifactKey: Guid(1f9c91710e106d84186998d23ae1cf5f) Importer(815301076,1909f56bfc062723c751e8b465ee728b)
Start importing Assets/Scripts/LevelManager.cs using Guid(1f9c91710e106d84186998d23ae1cf5f) Importer(815301076,1909f56bfc062723c751e8b465ee728b) (PreviewImporter) -> (artifact id: '00000000000000000000000000000000') in 0.0014502 seconds
Import Error Code:(4)
Message: Build asset version error: assets/scripts/levelmanager.cs in SourceAssetDB has modification time of '2026-09-17T12:37:51.7670397Z' while content on disk has modification time of '2026-09-17T12:37:58.661Z'
  ERROR: Build asset version error: assets/scripts/levelmanager.cs in SourceAssetDB has modification time of '2026-09-17T12:37:51.7670397Z' while content on disk has modification time of '2026-09-17T12:37:58.661Z'
Number of updated asset objects reloaded before import = 0Number of asset objects unloaded after import = 0

========================================================================
Received Import Request.
  Time since last request: 0.000020 seconds.
  path: Assets/Scripts/LevelManager.cs
  artifactKey: Guid(1f9c91710e106d84186998d23ae1cf5f) Importer(815301076,1909f56bfc062723c751e8b465ee728b)
Start importing Assets/Scripts/LevelManager.cs using Guid(1f9c91710e106d84186998d23ae1cf5f) Importer(815301076,1909f56bfc062723c751e8b465ee728b) (PreviewImporter) -> (artifact id: '00000000000000000000000000000000') in 0.0017102 seconds
Import Error Code:(4)
Message: Build asset version error: assets/scripts/levelmanager.cs in SourceAssetDB has modification time of '2026-09-17T12:37:51.7670397Z' while content on disk has modification time of '2026-09-17T12:37:58.661Z'
  ERROR: Build asset version error: assets/scripts/levelmanager.cs in SourceAssetDB has modification time of '2026-09-17T12:37:51.7670397Z' while content on disk has modification time of '2026-09-17T12:37:58.661Z'
Number of updated asset objects reloaded before import = 0Number of asset objects unloaded after import = 0

========================================================================
Received Import Request.
  Time since last request: 0.000080 seconds.
  path: Assets/Scripts/LevelManager.cs
  artifactKey: Guid(1f9c91710e106d84186998d23ae1cf5f) Importer(815301076,1909f56bfc062723c751e8b465ee728b)
Start importing Assets/Scripts/LevelManager.cs using Guid(1f9c91710e106d84186998d23ae1cf5f) Importer(815301076,1909f56bfc062723c751e8b465ee728b) (PreviewImporter) -> (artifact id: '00000000000000000000000000000000') in 0.0024944 seconds
Import Error Code:(4)
Message: Build asset version error: assets/scripts/levelmanager.cs in SourceAssetDB has modification time of '2026-09-17T12:37:51.7670397Z' while content on disk has modification time of '2026-09-17T12:37:58.661Z'
  ERROR: Build asset version error: assets/scripts/levelmanager.cs in SourceAssetDB has modification time of '2026-09-17T12:37:51.7670397Z' while content on disk has modification time of '2026-09-17T12:37:58.661Z'
Number of updated asset objects reloaded before import = 0Number of asset objects unloaded after import = 0

========================================================================
Received Import Request.
  Time since last request: 0.000034 seconds.
  path: Assets/Scripts/LevelManager.cs
  artifactKey: Guid(1f9c91710e106d84186998d23ae1cf5f) Importer(815301076,1909f56bfc062723c751e8b465ee728b)
Start importing Assets/Scripts/LevelManager.cs using Guid(1f9c91710e106d84186998d23ae1cf5f) Importer(815301076,1909f56bfc062723c751e8b465ee728b) (PreviewImporter) -> (artifact id: '00000000000000000000000000000000') in 0.0010827 seconds
Import Error Code:(4)
Message: Build asset version error: assets/scripts/levelmanager.cs in SourceAssetDB has modification time of '2026-09-17T12:37:51.7670397Z' while content on disk has modification time of '2026-09-17T12:37:58.661Z'
  ERROR: Build asset version error: assets/scripts/levelmanager.cs in SourceAssetDB has modification time of '2026-09-17T12:37:51.7670397Z' while content on disk has modification time of '2026-09-17T12:37:58.661Z'
Number of updated asset objects reloaded before import = 0Number of asset objects unloaded after import = 0

========================================================================
Received Import Request.
  Time since last request: 0.000062 seconds.
  path: Assets/Scripts/LevelManager.cs
  artifactKey: Guid(1f9c91710e106d84186998d23ae1cf5f) Importer(815301076,1909f56bfc062723c751e8b465ee728b)
Start importing Assets/Scripts/LevelManager.cs using Guid(1f9c91710e106d84186998d23ae1cf5f) Importer(815301076,1909f56bfc062723c751e8b465ee728b) (PreviewImporter) -> (artifact id: '00000000000000000000000000000000') in 0.0006982 seconds
Import Error Code:(4)
Message: Build asset version error: assets/scripts/levelmanager.cs in SourceAssetDB has modification time of '2026-09-17T12:37:51.7670397Z' while content on disk has modification time of '2026-09-17T12:37:58.661Z'
  ERROR: Build asset version error: assets/scripts/levelmanager.cs in SourceAssetDB has modification time of '2026-09-17T12:37:51.7670397Z' while content on disk has modification time of '2026-09-17T12:37:58.661Z'
Number of updated asset objects reloaded before import = 0Number of asset objects unloaded after import = 0

========================================================================
Received Import Request.
  Time since last request: 0.000021 seconds.
  path: Assets/Scripts/LevelManager.cs
  artifactKey: Guid(1f9c91710e106d84186998d23ae1cf5f) Importer(815301076,1909f56bfc062723c751e8b465ee728b)
Start importing Assets/Scripts/LevelManager.cs using Guid(1f9c91710e106d84186998d23ae1cf5f) Importer(815301076,1909f56bfc062723c751e8b465ee728b) (PreviewImporter) -> (artifact id: '00000000000000000000000000000000') in 0.0006679 seconds
Import Error Code:(4)
Message: Build asset version error: assets/scripts/levelmanager.cs in SourceAssetDB has modification time of '2026-09-17T12:37:51.7670397Z' while content on disk has modification time of '2026-09-17T12:37:58.661Z'
  ERROR: Build asset version error: assets/scripts/levelmanager.cs in SourceAssetDB has modification time of '2026-09-17T12:37:51.7670397Z' while content on disk has modification time of '2026-09-17T12:37:58.661Z'
Number of updated asset objects reloaded before import = 0Number of asset objects unloaded after import = 0

========================================================================
Received Import Request.
  Time since last request: 0.000022 seconds.
  path: Assets/Scripts/LevelManager.cs
  artifactKey: Guid(1f9c91710e106d84186998d23ae1cf5f) Importer(815301076,1909f56bfc062723c751e8b465ee728b)
Start importing Assets/Scripts/LevelManager.cs using Guid(1f9c91710e106d84186998d23ae1cf5f) Importer(815301076,1909f56bfc062723c751e8b465ee728b) (PreviewImporter) -> (artifact id: '00000000000000000000000000000000') in 0.0007077 seconds
Import Error Code:(4)
Message: Build asset version error: assets/scripts/levelmanager.cs in SourceAssetDB has modification time of '2026-09-17T12:37:51.7670397Z' while content on disk has modification time of '2026-09-17T12:37:58.661Z'
  ERROR: Build asset version error: assets/scripts/levelmanager.cs in SourceAssetDB has modification time of '2026-09-17T12:37:51.7670397Z' while content on disk has modification time of '2026-09-17T12:37:58.661Z'
Number of updated asset objects reloaded before import = 0Number of asset objects unloaded after import = 0

========================================================================
Received Import Request.
  Time since last request: 0.000023 seconds.
  path: Assets/Scripts/LevelManager.cs
  artifactKey: Guid(1f9c91710e106d84186998d23ae1cf5f) Importer(815301076,1909f56bfc062723c751e8b465ee728b)
Start importing Assets/Scripts/LevelManager.cs using Guid(1f9c91710e106d84186998d23ae1cf5f) Importer(815301076,1909f56bfc062723c751e8b465ee728b) (PreviewImporter) -> (artifact id: '00000000000000000000000000000000') in 0.0008262 seconds
Import Error Code:(4)
Message: Build asset version error: assets/scripts/levelmanager.cs in SourceAssetDB has modification time of '2026-09-17T12:37:51.7670397Z' while content on disk has modification time of '2026-09-17T12:37:58.661Z'
  ERROR: Build asset version error: assets/scripts/levelmanager.cs in SourceAssetDB has modification time of '2026-09-17T12:37:51.7670397Z' while content on disk has modification time of '2026-09-17T12:37:58.661Z'
Number of updated asset objects reloaded before import = 0Number of asset objects unloaded after import = 0

========================================================================
Received Import Request.
  Time since last request: 0.000031 seconds.
  path: Assets/Scripts/LevelManager.cs
  artifactKey: Guid(1f9c91710e106d84186998d23ae1cf5f) Importer(815301076,1909f56bfc062723c751e8b465ee728b)
Start importing Assets/Scripts/LevelManager.cs using Guid(1f9c91710e106d84186998d23ae1cf5f) Importer(815301076,1909f56bfc062723c751e8b465ee728b) (PreviewImporter) -> (artifact id: '00000000000000000000000000000000') in 0.0009604 seconds
Import Error Code:(4)
Message: Build asset version error: assets/scripts/levelmanager.cs in SourceAssetDB has modification time of '2026-09-17T12:37:51.7670397Z' while content on disk has modification time of '2026-09-17T12:37:58.661Z'
  ERROR: Build asset version error: assets/scripts/levelmanager.cs in SourceAssetDB has modification time of '2026-09-17T12:37:51.7670397Z' while content on disk has modification time of '2026-09-17T12:37:58.661Z'
Number of updated asset objects reloaded before import = 0Number of asset objects unloaded after import = 0

========================================================================
Received Import Request.
  Time since last request: 0.000238 seconds.
  path: Assets/Scripts/LevelManager.cs
  artifactKey: Guid(1f9c91710e106d84186998d23ae1cf5f) Importer(815301076,1909f56bfc062723c751e8b465ee728b)
Start importing Assets/Scripts/LevelManager.cs using Guid(1f9c91710e106d84186998d23ae1cf5f) Importer(815301076,1909f56bfc062723c751e8b465ee728b) (PreviewImporter) -> (artifact id: '00000000000000000000000000000000') in 0.000761 seconds
Import Error Code:(4)
Message: Build asset version error: assets/scripts/levelmanager.cs in SourceAssetDB has modification time of '2026-09-17T12:37:51.7670397Z' while content on disk has modification time of '2026-09-17T12:37:58.661Z'
  ERROR: Build asset version error: assets/scripts/levelmanager.cs in SourceAssetDB has modification time of '2026-09-17T12:37:51.7670397Z' while content on disk has modification time of '2026-09-17T12:37:58.661Z'
Number of updated asset objects reloaded before import = 0Number of asset objects unloaded after import = 0

========================================================================
Received Import Request.
  Time since last request: 0.000023 seconds.
  path: Assets/Scripts/LevelManager.cs
  artifactKey: Guid(1f9c91710e106d84186998d23ae1cf5f) Importer(815301076,1909f56bfc062723c751e8b465ee728b)
Start importing Assets/Scripts/LevelManager.cs using Guid(1f9c91710e106d84186998d23ae1cf5f) Importer(815301076,1909f56bfc062723c751e8b465ee728b) (PreviewImporter) -> (artifact id: '00000000000000000000000000000000') in 0.0015458 seconds
Import Error Code:(4)
Message: Build asset version error: assets/scripts/levelmanager.cs in SourceAssetDB has modification time of '2026-09-17T12:37:51.7670397Z' while content on disk has modification time of '2026-09-17T12:37:58.661Z'
  ERROR: Build asset version error: assets/scripts/levelmanager.cs in SourceAssetDB has modification time of '2026-09-17T12:37:51.7670397Z' while content on disk has modification time of '2026-09-17T12:37:58.661Z'
Number of updated asset objects reloaded before import = 0Number of asset objects unloaded after import = 0

========================================================================
Received Import Request.
  Time since last request: 0.000025 seconds.
  path: Assets/Scripts/LevelManager.cs
  artifactKey: Guid(1f9c91710e106d84186998d23ae1cf5f) Importer(815301076,1909f56bfc062723c751e8b465ee728b)
Start importing Assets/Scripts/LevelManager.cs using Guid(1f9c91710e106d84186998d23ae1cf5f) Importer(815301076,1909f56bfc062723c751e8b465ee728b) (PreviewImporter) -> (artifact id: '00000000000000000000000000000000') in 0.0033815 seconds
Import Error Code:(4)
Message: Build asset version error: assets/scripts/levelmanager.cs in SourceAssetDB has modification time of '2026-09-17T12:37:51.7670397Z' while content on disk has modification time of '2026-09-17T12:37:58.661Z'
  ERROR: Build asset version error: assets/scripts/levelmanager.cs in SourceAssetDB has modification time of '2026-09-17T12:37:51.7670397Z' while content on disk has modification time of '2026-09-17T12:37:58.661Z'
Number of updated asset objects reloaded before import = 0Number of asset objects unloaded after import = 0

========================================================================
Received Import Request.
  Time since last request: 0.000031 seconds.
  path: Assets/Scripts/LevelManager.cs
  artifactKey: Guid(1f9c91710e106d84186998d23ae1cf5f) Importer(815301076,1909f56bfc062723c751e8b465ee728b)
Start importing Assets/Scripts/LevelManager.cs using Guid(1f9c91710e106d84186998d23ae1cf5f) Importer(815301076,1909f56bfc062723c751e8b465ee728b) (PreviewImporter) -> (artifact id: '00000000000000000000000000000000') in 0.0014373 seconds
Import Error Code:(4)
Message: Build asset version error: assets/scripts/levelmanager.cs in SourceAssetDB has modification time of '2026-09-17T12:37:51.7670397Z' while content on disk has modification time of '2026-09-17T12:37:58.661Z'
  ERROR: Build asset version error: assets/scripts/levelmanager.cs in SourceAssetDB has modification time of '2026-09-17T12:37:51.7670397Z' while content on disk has modification time of '2026-09-17T12:37:58.661Z'
Number of updated asset objects reloaded before import = 0Number of asset objects unloaded after import = 0

========================================================================
Received Import Request.
  Time since last request: 0.000029 seconds.
  path: Assets/Scripts/LevelManager.cs
  artifactKey: Guid(1f9c91710e106d84186998d23ae1cf5f) Importer(815301076,1909f56bfc062723c751e8b465ee728b)
Start importing Assets/Scripts/LevelManager.cs using Guid(1f9c91710e106d84186998d23ae1cf5f) Importer(815301076,1909f56bfc062723c751e8b465ee728b) (PreviewImporter) -> (artifact id: '00000000000000000000000000000000') in 0.0009981 seconds
Import Error Code:(4)
Message: Build asset version error: assets/scripts/levelmanager.cs in SourceAssetDB has modification time of '2026-09-17T12:37:51.7670397Z' while content on disk has modification time of '2026-09-17T12:37:58.661Z'
  ERROR: Build asset version error: assets/scripts/levelmanager.cs in SourceAssetDB has modification time of '2026-09-17T12:37:51.7670397Z' while content on disk has modification time of '2026-09-17T12:37:58.661Z'
Number of updated asset objects reloaded before import = 0Number of asset objects unloaded after import = 0

========================================================================
Received Import Request.
  Time since last request: 0.000022 seconds.
  path: Assets/Scripts/LevelManager.cs
  artifactKey: Guid(1f9c91710e106d84186998d23ae1cf5f) Importer(815301076,1909f56bfc062723c751e8b465ee728b)
Start importing Assets/Scripts/LevelManager.cs using Guid(1f9c91710e106d84186998d23ae1cf5f) Importer(815301076,1909f56bfc062723c751e8b465ee728b) (PreviewImporter) -> (artifact id: '00000000000000000000000000000000') in 0.0010191 seconds
Import Error Code:(4)
Message: Build asset version error: assets/scripts/levelmanager.cs in SourceAssetDB has modification time of '2026-09-17T12:37:51.7670397Z' while content on disk has modification time of '2026-09-17T12:37:58.661Z'
  ERROR: Build asset version error: assets/scripts/levelmanager.cs in SourceAssetDB has modification time of '2026-09-17T12:37:51.7670397Z' while content on disk has modification time of '2026-09-17T12:37:58.661Z'
Number of updated asset objects reloaded before import = 0Number of asset objects unloaded after import = 0

========================================================================
Received Import Request.
  Time since last request: 0.000030 seconds.
  path: Assets/Scripts/LevelManager.cs
  artifactKey: Guid(1f9c91710e106d84186998d23ae1cf5f) Importer(815301076,1909f56bfc062723c751e8b465ee728b)
Start importing Assets/Scripts/LevelManager.cs using Guid(1f9c91710e106d84186998d23ae1cf5f) Importer(815301076,1909f56bfc062723c751e8b465ee728b) (PreviewImporter) -> (artifact id: '00000000000000000000000000000000') in 0.0008805 seconds
Import Error Code:(4)
Message: Build asset version error: assets/scripts/levelmanager.cs in SourceAssetDB has modification time of '2026-09-17T12:37:51.7670397Z' while content on disk has modification time of '2026-09-17T12:37:58.661Z'
  ERROR: Build asset version error: assets/scripts/levelmanager.cs in SourceAssetDB has modification time of '2026-09-17T12:37:51.7670397Z' while content on disk has modification time of '2026-09-17T12:37:58.661Z'
Number of updated asset objects reloaded before import = 0Number of asset objects unloaded after import = 0

========================================================================
Received Import Request.
  Time since last request: 0.000029 seconds.
  path: Assets/Scripts/LevelManager.cs
  artifactKey: Guid(1f9c91710e106d84186998d23ae1cf5f) Importer(815301076,1909f56bfc062723c751e8b465ee728b)
Start importing Assets/Scripts/LevelManager.cs using Guid(1f9c91710e106d84186998d23ae1cf5f) Importer(815301076,1909f56bfc062723c751e8b465ee728b) (PreviewImporter) -> (artifact id: '00000000000000000000000000000000') in 0.000648 seconds
Import Error Code:(4)
Message: Build asset version error: assets/scripts/levelmanager.cs in SourceAssetDB has modification time of '2026-09-17T12:37:51.7670397Z' while content on disk has modification time of '2026-09-17T12:37:58.661Z'
  ERROR: Build asset version error: assets/scripts/levelmanager.cs in SourceAssetDB has modification time of '2026-09-17T12:37:51.7670397Z' while content on disk has modification time of '2026-09-17T12:37:58.661Z'
Number of updated asset objects reloaded before import = 0Number of asset objects unloaded after import = 0

========================================================================
Received Import Request.
  Time since last request: 0.000023 seconds.
  path: Assets/Scripts/LevelManager.cs
  artifactKey: Guid(1f9c91710e106d84186998d23ae1cf5f) Importer(815301076,1909f56bfc062723c751e8b465ee728b)
Start importing Assets/Scripts/LevelManager.cs using Guid(1f9c91710e106d84186998d23ae1cf5f) Importer(815301076,1909f56bfc062723c751e8b465ee728b) (PreviewImporter) -> (artifact id: '00000000000000000000000000000000') in 0.0005602 seconds
Import Error Code:(4)
Message: Build asset version error: assets/scripts/levelmanager.cs in SourceAssetDB has modification time of '2026-09-17T12:37:51.7670397Z' while content on disk has modification time of '2026-09-17T12:37:58.661Z'
  ERROR: Build asset version error: assets/scripts/levelmanager.cs in SourceAssetDB has modification time of '2026-09-17T12:37:51.7670397Z' while content on disk has modification time of '2026-09-17T12:37:58.661Z'
Number of updated asset objects reloaded before import = 0Number of asset objects unloaded after import = 0

========================================================================
Received Import Request.
  Time since last request: 0.000021 seconds.
  path: Assets/Scripts/LevelManager.cs
  artifactKey: Guid(1f9c91710e106d84186998d23ae1cf5f) Importer(815301076,1909f56bfc062723c751e8b465ee728b)
Start importing Assets/Scripts/LevelManager.cs using Guid(1f9c91710e106d84186998d23ae1cf5f) Importer(815301076,1909f56bfc062723c751e8b465ee728b) (PreviewImporter) -> (artifact id: '00000000000000000000000000000000') in 0.0007779 seconds
Import Error Code:(4)
Message: Build asset version error: assets/scripts/levelmanager.cs in SourceAssetDB has modification time of '2026-09-17T12:37:51.7670397Z' while content on disk has modification time of '2026-09-17T12:37:58.661Z'
  ERROR: Build asset version error: assets/scripts/levelmanager.cs in SourceAssetDB has modification time of '2026-09-17T12:37:51.7670397Z' while content on disk has modification time of '2026-09-17T12:37:58.661Z'
Number of updated asset objects reloaded before import = 0Number of asset objects unloaded after import = 0

========================================================================
Received Import Request.
  Time since last request: 0.000023 seconds.
  path: Assets/Scripts/LevelManager.cs
  artifactKey: Guid(1f9c91710e106d84186998d23ae1cf5f) Importer(815301076,1909f56bfc062723c751e8b465ee728b)
Start importing Assets/Scripts/LevelManager.cs using Guid(1f9c91710e106d84186998d23ae1cf5f) Importer(815301076,1909f56bfc062723c751e8b465ee728b) (PreviewImporter) -> (artifact id: '00000000000000000000000000000000') in 0.0008138 seconds
Import Error Code:(4)
Message: Build asset version error: assets/scripts/levelmanager.cs in SourceAssetDB has modification time of '2026-09-17T12:37:51.7670397Z' while content on disk has modification time of '2026-09-17T12:37:58.661Z'
  ERROR: Build asset version error: assets/scripts/levelmanager.cs in SourceAssetDB has modification time of '2026-09-17T12:37:51.7670397Z' while content on disk has modification time of '2026-09-17T12:37:58.661Z'
Number of updated asset objects reloaded before import = 0Number of asset objects unloaded after import = 0

========================================================================
Received Import Request.
  Time since last request: 0.000066 seconds.
  path: Assets/Scripts/LevelManager.cs
  artifactKey: Guid(1f9c91710e106d84186998d23ae1cf5f) Importer(815301076,1909f56bfc062723c751e8b465ee728b)
Start importing Assets/Scripts/LevelManager.cs using Guid(1f9c91710e106d84186998d23ae1cf5f) Importer(815301076,1909f56bfc062723c751e8b465ee728b) (PreviewImporter) -> (artifact id: '00000000000000000000000000000000') in 0.000597 seconds
Import Error Code:(4)
Message: Build asset version error: assets/scripts/levelmanager.cs in SourceAssetDB has modification time of '2026-09-17T12:37:51.7670397Z' while content on disk has modification time of '2026-09-17T12:37:58.661Z'
  ERROR: Build asset version error: assets/scripts/levelmanager.cs in SourceAssetDB has modification time of '2026-09-17T12:37:51.7670397Z' while content on disk has modification time of '2026-09-17T12:37:58.661Z'
Number of updated asset objects reloaded before import = 0Number of asset objects unloaded after import = 0

========================================================================
Received Import Request.
  Time since last request: 0.000033 seconds.
  path: Assets/Scripts/LevelManager.cs
  artifactKey: Guid(1f9c91710e106d84186998d23ae1cf5f) Importer(815301076,1909f56bfc062723c751e8b465ee728b)
Start importing Assets/Scripts/LevelManager.cs using Guid(1f9c91710e106d84186998d23ae1cf5f) Importer(815301076,1909f56bfc062723c751e8b465ee728b) (PreviewImporter) -> (artifact id: '00000000000000000000000000000000') in 0.0007167 seconds
Import Error Code:(4)
Message: Build asset version error: assets/scripts/levelmanager.cs in SourceAssetDB has modification time of '2026-09-17T12:37:51.7670397Z' while content on disk has modification time of '2026-09-17T12:37:58.661Z'
  ERROR: Build asset version error: assets/scripts/levelmanager.cs in SourceAssetDB has modification time of '2026-09-17T12:37:51.7670397Z' while content on disk has modification time of '2026-09-17T12:37:58.661Z'
Number of updated asset objects reloaded before import = 0Number of asset objects unloaded after import = 0

========================================================================
Received Import Request.
  Time since last request: 0.000023 seconds.
  path: Assets/Scripts/LevelManager.cs
  artifactKey: Guid(1f9c91710e106d84186998d23ae1cf5f) Importer(815301076,1909f56bfc062723c751e8b465ee728b)
Start importing Assets/Scripts/LevelManager.cs using Guid(1f9c91710e106d84186998d23ae1cf5f) Importer(815301076,1909f56bfc062723c751e8b465ee728b) (PreviewImporter) -> (artifact id: '00000000000000000000000000000000') in 0.0011297 seconds
Import Error Code:(4)
Message: Build asset version error: assets/scripts/levelmanager.cs in SourceAssetDB has modification time of '2026-09-17T12:37:51.7670397Z' while content on disk has modification time of '2026-09-17T12:37:58.661Z'
  ERROR: Build asset version error: assets/scripts/levelmanager.cs in SourceAssetDB has modification time of '2026-09-17T12:37:51.7670397Z' while content on disk has modification time of '2026-09-17T12:37:58.661Z'
Number of updated asset objects reloaded before import = 0Number of asset objects unloaded after import = 0

========================================================================
Received Import Request.
  Time since last request: 0.000049 seconds.
  path: Assets/Scripts/LevelManager.cs
  artifactKey: Guid(1f9c91710e106d84186998d23ae1cf5f) Importer(815301076,1909f56bfc062723c751e8b465ee728b)
Start importing Assets/Scripts/LevelManager.cs using Guid(1f9c91710e106d84186998d23ae1cf5f) Importer(815301076,1909f56bfc062723c751e8b465ee728b) (PreviewImporter) -> (artifact id: '00000000000000000000000000000000') in 0.000668 seconds
Import Error Code:(4)
Message: Build asset version error: assets/scripts/levelmanager.cs in SourceAssetDB has modification time of '2026-09-17T12:37:51.7670397Z' while content on disk has modification time of '2026-09-17T12:37:58.661Z'
  ERROR: Build asset version error: assets/scripts/levelmanager.cs in SourceAssetDB has modification time of '2026-09-17T12:37:51.7670397Z' while content on disk has modification time of '2026-09-17T12:37:58.661Z'
Number of updated asset objects reloaded before import = 0Number of asset objects unloaded after import = 0

========================================================================
Received Import Request.
  Time since last request: 0.000022 seconds.
  path: Assets/Scripts/LevelManager.cs
  artifactKey: Guid(1f9c91710e106d84186998d23ae1cf5f) Importer(815301076,1909f56bfc062723c751e8b465ee728b)
Start importing Assets/Scripts/LevelManager.cs using Guid(1f9c91710e106d84186998d23ae1cf5f) Importer(815301076,1909f56bfc062723c751e8b465ee728b) (PreviewImporter) -> (artifact id: '00000000000000000000000000000000') in 0.0007454 seconds
Import Error Code:(4)
Message: Build asset version error: assets/scripts/levelmanager.cs in SourceAssetDB has modification time of '2026-09-17T12:37:51.7670397Z' while content on disk has modification time of '2026-09-17T12:37:58.661Z'
  ERROR: Build asset version error: assets/scripts/levelmanager.cs in SourceAssetDB has modification time of '2026-09-17T12:37:51.7670397Z' while content on disk has modification time of '2026-09-17T12:37:58.661Z'
Number of updated asset objects reloaded before import = 0Number of asset objects unloaded after import = 0

========================================================================
Received Import Request.
  Time since last request: 0.000023 seconds.
  path: Assets/Scripts/LevelManager.cs
  artifactKey: Guid(1f9c91710e106d84186998d23ae1cf5f) Importer(815301076,1909f56bfc062723c751e8b465ee728b)
Start importing Assets/Scripts/LevelManager.cs using Guid(1f9c91710e106d84186998d23ae1cf5f) Importer(815301076,1909f56bfc062723c751e8b465ee728b) (PreviewImporter) -> (artifact id: '00000000000000000000000000000000') in 0.0006121 seconds
Import Error Code:(4)
Message: Build asset version error: assets/scripts/levelmanager.cs in SourceAssetDB has modification time of '2026-09-17T12:37:51.7670397Z' while content on disk has modification time of '2026-09-17T12:37:58.661Z'
  ERROR: Build asset version error: assets/scripts/levelmanager.cs in SourceAssetDB has modification time of '2026-09-17T12:37:51.7670397Z' while content on disk has modification time of '2026-09-17T12:37:58.661Z'
Number of updated asset objects reloaded before import = 0Number of asset objects unloaded after import = 0

========================================================================
Received Import Request.
  Time since last request: 0.000035 seconds.
  path: Assets/Scripts/LevelManager.cs
  artifactKey: Guid(1f9c91710e106d84186998d23ae1cf5f) Importer(815301076,1909f56bfc062723c751e8b465ee728b)
Start importing Assets/Scripts/LevelManager.cs using Guid(1f9c91710e106d84186998d23ae1cf5f) Importer(815301076,1909f56bfc062723c751e8b465ee728b) (PreviewImporter) -> (artifact id: '00000000000000000000000000000000') in 0.0011292 seconds
Import Error Code:(4)
Message: Build asset version error: assets/scripts/levelmanager.cs in SourceAssetDB has modification time of '2026-09-17T12:37:51.7670397Z' while content on disk has modification time of '2026-09-17T12:37:58.661Z'
  ERROR: Build asset version error: assets/scripts/levelmanager.cs in SourceAssetDB has modification time of '2026-09-17T12:37:51.7670397Z' while content on disk has modification time of '2026-09-17T12:37:58.661Z'
Number of updated asset objects reloaded before import = 0Number of asset objects unloaded after import = 0

========================================================================
Received Import Request.
  Time since last request: 0.000019 seconds.
  path: Assets/Scripts/LevelManager.cs
  artifactKey: Guid(1f9c91710e106d84186998d23ae1cf5f) Importer(815301076,1909f56bfc062723c751e8b465ee728b)
Start importing Assets/Scripts/LevelManager.cs using Guid(1f9c91710e106d84186998d23ae1cf5f) Importer(815301076,1909f56bfc062723c751e8b465ee728b) (PreviewImporter) -> (artifact id: '00000000000000000000000000000000') in 0.0008682 seconds
Import Error Code:(4)
Message: Build asset version error: assets/scripts/levelmanager.cs in SourceAssetDB has modification time of '2026-09-17T12:37:51.7670397Z' while content on disk has modification time of '2026-09-17T12:37:58.661Z'
  ERROR: Build asset version error: assets/scripts/levelmanager.cs in SourceAssetDB has modification time of '2026-09-17T12:37:51.7670397Z' while content on disk has modification time of '2026-09-17T12:37:58.661Z'
Number of updated asset objects reloaded before import = 0Number of asset objects unloaded after import = 0

========================================================================
Received Import Request.
  Time since last request: 0.000024 seconds.
  path: Assets/Scripts/LevelManager.cs
  artifactKey: Guid(1f9c91710e106d84186998d23ae1cf5f) Importer(815301076,1909f56bfc062723c751e8b465ee728b)
Start importing Assets/Scripts/LevelManager.cs using Guid(1f9c91710e106d84186998d23ae1cf5f) Importer(815301076,1909f56bfc062723c751e8b465ee728b) (PreviewImporter) -> (artifact id: '00000000000000000000000000000000') in 0.0007463 seconds
Import Error Code:(4)
Message: Build asset version error: assets/scripts/levelmanager.cs in SourceAssetDB has modification time of '2026-09-17T12:37:51.7670397Z' while content on disk has modification time of '2026-09-17T12:37:58.661Z'
  ERROR: Build asset version error: assets/scripts/levelmanager.cs in SourceAssetDB has modification time of '2026-09-17T12:37:51.7670397Z' while content on disk has modification time of '2026-09-17T12:37:58.661Z'
Number of updated asset objects reloaded before import = 0Number of asset objects unloaded after import = 0

========================================================================
Received Import Request.
  Time since last request: 0.000033 seconds.
  path: Assets/Scripts/LevelManager.cs
  artifactKey: Guid(1f9c91710e106d84186998d23ae1cf5f) Importer(815301076,1909f56bfc062723c751e8b465ee728b)
Start importing Assets/Scripts/LevelManager.cs using Guid(1f9c91710e106d84186998d23ae1cf5f) Importer(815301076,1909f56bfc062723c751e8b465ee728b) (PreviewImporter) -> (artifact id: '00000000000000000000000000000000') in 0.0014779 seconds
Import Error Code:(4)
Message: Build asset version error: assets/scripts/levelmanager.cs in SourceAssetDB has modification time of '2026-09-17T12:37:51.7670397Z' while content on disk has modification time of '2026-09-17T12:37:58.661Z'
  ERROR: Build asset version error: assets/scripts/levelmanager.cs in SourceAssetDB has modification time of '2026-09-17T12:37:51.7670397Z' while content on disk has modification time of '2026-09-17T12:37:58.661Z'
Number of updated asset objects reloaded before import = 0Number of asset objects unloaded after import = 0

========================================================================
Received Import Request.
  Time since last request: 0.000026 seconds.
  path: Assets/Scripts/LevelManager.cs
  artifactKey: Guid(1f9c91710e106d84186998d23ae1cf5f) Importer(815301076,1909f56bfc062723c751e8b465ee728b)
Start importing Assets/Scripts/LevelManager.cs using Guid(1f9c91710e106d84186998d23ae1cf5f) Importer(815301076,1909f56bfc062723c751e8b465ee728b) (PreviewImporter) -> (artifact id: '00000000000000000000000000000000') in 0.0007441 seconds
Import Error Code:(4)
Message: Build asset version error: assets/scripts/levelmanager.cs in SourceAssetDB has modification time of '2026-09-17T12:37:51.7670397Z' while content on disk has modification time of '2026-09-17T12:37:58.661Z'
  ERROR: Build asset version error: assets/scripts/levelmanager.cs in SourceAssetDB has modification time of '2026-09-17T12:37:51.7670397Z' while content on disk has modification time of '2026-09-17T12:37:58.661Z'
Number of updated asset objects reloaded before import = 0Number of asset objects unloaded after import = 0

========================================================================
Received Import Request.
  Time since last request: 0.000032 seconds.
  path: Assets/Scripts/LevelManager.cs
  artifactKey: Guid(1f9c91710e106d84186998d23ae1cf5f) Importer(815301076,1909f56bfc062723c751e8b465ee728b)
Start importing Assets/Scripts/LevelManager.cs using Guid(1f9c91710e106d84186998d23ae1cf5f) Importer(815301076,1909f56bfc062723c751e8b465ee728b) (PreviewImporter) -> (artifact id: '00000000000000000000000000000000') in 0.0007028 seconds
Import Error Code:(4)
Message: Build asset version error: assets/scripts/levelmanager.cs in SourceAssetDB has modification time of '2026-09-17T12:37:51.7670397Z' while content on disk has modification time of '2026-09-17T12:37:58.661Z'
  ERROR: Build asset version error: assets/scripts/levelmanager.cs in SourceAssetDB has modification time of '2026-09-17T12:37:51.7670397Z' while content on disk has modification time of '2026-09-17T12:37:58.661Z'
Number of updated asset objects reloaded before import = 0Number of asset objects unloaded after import = 0

========================================================================
Received Import Request.
  Time since last request: 0.000021 seconds.
  path: Assets/Scripts/LevelManager.cs
  artifactKey: Guid(1f9c91710e106d84186998d23ae1cf5f) Importer(815301076,1909f56bfc062723c751e8b465ee728b)
Start importing Assets/Scripts/LevelManager.cs using Guid(1f9c91710e106d84186998d23ae1cf5f) Importer(815301076,1909f56bfc062723c751e8b465ee728b) (PreviewImporter) -> (artifact id: '00000000000000000000000000000000') in 0.0011845 seconds
Import Error Code:(4)
Message: Build asset version error: assets/scripts/levelmanager.cs in SourceAssetDB has modification time of '2026-09-17T12:37:51.7670397Z' while content on disk has modification time of '2026-09-17T12:37:58.661Z'
  ERROR: Build asset version error: assets/scripts/levelmanager.cs in SourceAssetDB has modification time of '2026-09-17T12:37:51.7670397Z' while content on disk has modification time of '2026-09-17T12:37:58.661Z'
Number of updated asset objects reloaded before import = 0Number of asset objects unloaded after import = 0

========================================================================
Received Import Request.
  Time since last request: 0.000056 seconds.
  path: Assets/Scripts/LevelManager.cs
  artifactKey: Guid(1f9c91710e106d84186998d23ae1cf5f) Importer(815301076,1909f56bfc062723c751e8b465ee728b)
Start importing Assets/Scripts/LevelManager.cs using Guid(1f9c91710e106d84186998d23ae1cf5f) Importer(815301076,1909f56bfc062723c751e8b465ee728b) (PreviewImporter) -> (artifact id: '00000000000000000000000000000000') in 0.0006942 seconds
Import Error Code:(4)
Message: Build asset version error: assets/scripts/levelmanager.cs in SourceAssetDB has modification time of '2026-09-17T12:37:51.7670397Z' while content on disk has modification time of '2026-09-17T12:37:58.661Z'
  ERROR: Build asset version error: assets/scripts/levelmanager.cs in SourceAssetDB has modification time of '2026-09-17T12:37:51.7670397Z' while content on disk has modification time of '2026-09-17T12:37:58.661Z'
Number of updated asset objects reloaded before import = 0Number of asset objects unloaded after import = 0

========================================================================
Received Import Request.
  Time since last request: 0.000022 seconds.
  path: Assets/Scripts/LevelManager.cs
  artifactKey: Guid(1f9c91710e106d84186998d23ae1cf5f) Importer(815301076,1909f56bfc062723c751e8b465ee728b)
Start importing Assets/Scripts/LevelManager.cs using Guid(1f9c91710e106d84186998d23ae1cf5f) Importer(815301076,1909f56bfc062723c751e8b465ee728b) (PreviewImporter) -> (artifact id: '00000000000000000000000000000000') in 0.0007511 seconds
Import Error Code:(4)
Message: Build asset version error: assets/scripts/levelmanager.cs in SourceAssetDB has modification time of '2026-09-17T12:37:51.7670397Z' while content on disk has modification time of '2026-09-17T12:37:58.661Z'
  ERROR: Build asset version error: assets/scripts/levelmanager.cs in SourceAssetDB has modification time of '2026-09-17T12:37:51.7670397Z' while content on disk has modification time of '2026-09-17T12:37:58.661Z'
Number of updated asset objects reloaded before import = 0Number of asset objects unloaded after import = 0

========================================================================
Received Import Request.
  Time since last request: 0.000023 seconds.
  path: Assets/Scripts/LevelManager.cs
  artifactKey: Guid(1f9c91710e106d84186998d23ae1cf5f) Importer(815301076,1909f56bfc062723c751e8b465ee728b)
Start importing Assets/Scripts/LevelManager.cs using Guid(1f9c91710e106d84186998d23ae1cf5f) Importer(815301076,1909f56bfc062723c751e8b465ee728b) (PreviewImporter) -> (artifact id: '00000000000000000000000000000000') in 0.0006663 seconds
Import Error Code:(4)
Message: Build asset version error: assets/scripts/levelmanager.cs in SourceAssetDB has modification time of '2026-09-17T12:37:51.7670397Z' while content on disk has modification time of '2026-09-17T12:37:58.661Z'
  ERROR: Build asset version error: assets/scripts/levelmanager.cs in SourceAssetDB has modification time of '2026-09-17T12:37:51.7670397Z' while content on disk has modification time of '2026-09-17T12:37:58.661Z'
Number of updated asset objects reloaded before import = 0Number of asset objects unloaded after import = 0

========================================================================
Received Import Request.
  Time since last request: 0.000032 seconds.
  path: Assets/Scripts/LevelManager.cs
  artifactKey: Guid(1f9c91710e106d84186998d23ae1cf5f) Importer(815301076,1909f56bfc062723c751e8b465ee728b)
Start importing Assets/Scripts/LevelManager.cs using Guid(1f9c91710e106d84186998d23ae1cf5f) Importer(815301076,1909f56bfc062723c751e8b465ee728b) (PreviewImporter) -> (artifact id: '00000000000000000000000000000000') in 0.0006425 seconds
Import Error Code:(4)
Message: Build asset version error: assets/scripts/levelmanager.cs in SourceAssetDB has modification time of '2026-09-17T12:37:51.7670397Z' while content on disk has modification time of '2026-09-17T12:37:58.661Z'
  ERROR: Build asset version error: assets/scripts/levelmanager.cs in SourceAssetDB has modification time of '2026-09-17T12:37:51.7670397Z' while content on disk has modification time of '2026-09-17T12:37:58.661Z'
Number of updated asset objects reloaded before import = 0Number of asset objects unloaded after import = 0

========================================================================
Received Import Request.
  Time since last request: 0.000037 seconds.
  path: Assets/Scripts/LevelManager.cs
  artifactKey: Guid(1f9c91710e106d84186998d23ae1cf5f) Importer(815301076,1909f56bfc062723c751e8b465ee728b)
Start importing Assets/Scripts/LevelManager.cs using Guid(1f9c91710e106d84186998d23ae1cf5f) Importer(815301076,1909f56bfc062723c751e8b465ee728b) (PreviewImporter) -> (artifact id: '00000000000000000000000000000000') in 0.0009469 seconds
Import Error Code:(4)
Message: Build asset version error: assets/scripts/levelmanager.cs in SourceAssetDB has modification time of '2026-09-17T12:37:51.7670397Z' while content on disk has modification time of '2026-09-17T12:37:58.661Z'
  ERROR: Build asset version error: assets/scripts/levelmanager.cs in SourceAssetDB has modification time of '2026-09-17T12:37:51.7670397Z' while content on disk has modification time of '2026-09-17T12:37:58.661Z'
Number of updated asset objects reloaded before import = 0Number of asset objects unloaded after import = 0

========================================================================
Received Import Request.
  Time since last request: 0.000023 seconds.
  path: Assets/Scripts/LevelManager.cs
  artifactKey: Guid(1f9c91710e106d84186998d23ae1cf5f) Importer(815301076,1909f56bfc062723c751e8b465ee728b)
Start importing Assets/Scripts/LevelManager.cs using Guid(1f9c91710e106d84186998d23ae1cf5f) Importer(815301076,1909f56bfc062723c751e8b465ee728b) (PreviewImporter) -> (artifact id: '00000000000000000000000000000000') in 0.0007477 seconds
Import Error Code:(4)
Message: Build asset version error: assets/scripts/levelmanager.cs in SourceAssetDB has modification time of '2026-09-17T12:37:51.7670397Z' while content on disk has modification time of '2026-09-17T12:37:58.661Z'
  ERROR: Build asset version error: assets/scripts/levelmanager.cs in SourceAssetDB has modification time of '2026-09-17T12:37:51.7670397Z' while content on disk has modification time of '2026-09-17T12:37:58.661Z'
Number of updated asset objects reloaded before import = 0Number of asset objects unloaded after import = 0

========================================================================
Received Import Request.
  Time since last request: 0.000021 seconds.
  path: Assets/Scripts/LevelManager.cs
  artifactKey: Guid(1f9c91710e106d84186998d23ae1cf5f) Importer(815301076,1909f56bfc062723c751e8b465ee728b)
Start importing Assets/Scripts/LevelManager.cs using Guid(1f9c91710e106d84186998d23ae1cf5f) Importer(815301076,1909f56bfc062723c751e8b465ee728b) (PreviewImporter) -> (artifact id: '00000000000000000000000000000000') in 0.0007606 seconds
Import Error Code:(4)
Message: Build asset version error: assets/scripts/levelmanager.cs in SourceAssetDB has modification time of '2026-09-17T12:37:51.7670397Z' while content on disk has modification time of '2026-09-17T12:37:58.661Z'
  ERROR: Build asset version error: assets/scripts/levelmanager.cs in SourceAssetDB has modification time of '2026-09-17T12:37:51.7670397Z' while content on disk has modification time of '2026-09-17T12:37:58.661Z'
Number of updated asset objects reloaded before import = 0Number of asset objects unloaded after import = 0

========================================================================
Received Import Request.
  Time since last request: 0.000036 seconds.
  path: Assets/Scripts/LevelManager.cs
  artifactKey: Guid(1f9c91710e106d84186998d23ae1cf5f) Importer(815301076,1909f56bfc062723c751e8b465ee728b)
Start importing Assets/Scripts/LevelManager.cs using Guid(1f9c91710e106d84186998d23ae1cf5f) Importer(815301076,1909f56bfc062723c751e8b465ee728b) (PreviewImporter) -> (artifact id: '00000000000000000000000000000000') in 0.0012086 seconds
Import Error Code:(4)
Message: Build asset version error: assets/scripts/levelmanager.cs in SourceAssetDB has modification time of '2026-09-17T12:37:51.7670397Z' while content on disk has modification time of '2026-09-17T12:37:58.661Z'
  ERROR: Build asset version error: assets/scripts/levelmanager.cs in SourceAssetDB has modification time of '2026-09-17T12:37:51.7670397Z' while content on disk has modification time of '2026-09-17T12:37:58.661Z'
Number of updated asset objects reloaded before import = 0Number of asset objects unloaded after import = 0

========================================================================
Received Import Request.
  Time since last request: 0.000033 seconds.
  path: Assets/Scripts/LevelManager.cs
  artifactKey: Guid(1f9c91710e106d84186998d23ae1cf5f) Importer(815301076,1909f56bfc062723c751e8b465ee728b)
Start importing Assets/Scripts/LevelManager.cs using Guid(1f9c91710e106d84186998d23ae1cf5f) Importer(815301076,1909f56bfc062723c751e8b465ee728b) (PreviewImporter) -> (artifact id: '00000000000000000000000000000000') in 0.0007012 seconds
Import Error Code:(4)
Message: Build asset version error: assets/scripts/levelmanager.cs in SourceAssetDB has modification time of '2026-09-17T12:37:51.7670397Z' while content on disk has modification time of '2026-09-17T12:37:58.661Z'
  ERROR: Build asset version error: assets/scripts/levelmanager.cs in SourceAssetDB has modification time of '2026-09-17T12:37:51.7670397Z' while content on disk has modification time of '2026-09-17T12:37:58.661Z'
Number of updated asset objects reloaded before import = 0Number of asset objects unloaded after import = 0

========================================================================
Received Import Request.
  Time since last request: 0.000020 seconds.
  path: Assets/Scripts/LevelManager.cs
  artifactKey: Guid(1f9c91710e106d84186998d23ae1cf5f) Importer(815301076,1909f56bfc062723c751e8b465ee728b)
Start importing Assets/Scripts/LevelManager.cs using Guid(1f9c91710e106d84186998d23ae1cf5f) Importer(815301076,1909f56bfc062723c751e8b465ee728b) (PreviewImporter) -> (artifact id: '00000000000000000000000000000000') in 0.0006417 seconds
Import Error Code:(4)
Message: Build asset version error: assets/scripts/levelmanager.cs in SourceAssetDB has modification time of '2026-09-17T12:37:51.7670397Z' while content on disk has modification time of '2026-09-17T12:37:58.661Z'
  ERROR: Build asset version error: assets/scripts/levelmanager.cs in SourceAssetDB has modification time of '2026-09-17T12:37:51.7670397Z' while content on disk has modification time of '2026-09-17T12:37:58.661Z'
Number of updated asset objects reloaded before import = 0Number of asset objects unloaded after import = 0

========================================================================
Received Import Request.
  Time since last request: 0.000022 seconds.
  path: Assets/Scripts/LevelManager.cs
  artifactKey: Guid(1f9c91710e106d84186998d23ae1cf5f) Importer(815301076,1909f56bfc062723c751e8b465ee728b)
Start importing Assets/Scripts/LevelManager.cs using Guid(1f9c91710e106d84186998d23ae1cf5f) Importer(815301076,1909f56bfc062723c751e8b465ee728b) (PreviewImporter) -> (artifact id: '00000000000000000000000000000000') in 0.0008892 seconds
Import Error Code:(4)
Message: Build asset version error: assets/scripts/levelmanager.cs in SourceAssetDB has modification time of '2026-09-17T12:37:51.7670397Z' while content on disk has modification time of '2026-09-17T12:37:58.661Z'
  ERROR: Build asset version error: assets/scripts/levelmanager.cs in SourceAssetDB has modification time of '2026-09-17T12:37:51.7670397Z' while content on disk has modification time of '2026-09-17T12:37:58.661Z'
Number of updated asset objects reloaded before import = 0Number of asset objects unloaded after import = 0

========================================================================
Received Import Request.
  Time since last request: 0.000023 seconds.
  path: Assets/Scripts/LevelManager.cs
  artifactKey: Guid(1f9c91710e106d84186998d23ae1cf5f) Importer(815301076,1909f56bfc062723c751e8b465ee728b)
Start importing Assets/Scripts/LevelManager.cs using Guid(1f9c91710e106d84186998d23ae1cf5f) Importer(815301076,1909f56bfc062723c751e8b465ee728b) (PreviewImporter) -> (artifact id: '00000000000000000000000000000000') in 0.0006391 seconds
Import Error Code:(4)
Message: Build asset version error: assets/scripts/levelmanager.cs in SourceAssetDB has modification time of '2026-09-17T12:37:51.7670397Z' while content on disk has modification time of '2026-09-17T12:37:58.661Z'
  ERROR: Build asset version error: assets/scripts/levelmanager.cs in SourceAssetDB has modification time of '2026-09-17T12:37:51.7670397Z' while content on disk has modification time of '2026-09-17T12:37:58.661Z'
Number of updated asset objects reloaded before import = 0Number of asset objects unloaded after import = 0

========================================================================
Received Import Request.
  Time since last request: 0.000023 seconds.
  path: Assets/Scripts/LevelManager.cs
  artifactKey: Guid(1f9c91710e106d84186998d23ae1cf5f) Importer(815301076,1909f56bfc062723c751e8b465ee728b)
Start importing Assets/Scripts/LevelManager.cs using Guid(1f9c91710e106d84186998d23ae1cf5f) Importer(815301076,1909f56bfc062723c751e8b465ee728b) (PreviewImporter) -> (artifact id: '00000000000000000000000000000000') in 0.0006597 seconds
Import Error Code:(4)
Message: Build asset version error: assets/scripts/levelmanager.cs in SourceAssetDB has modification time of '2026-09-17T12:37:51.7670397Z' while content on disk has modification time of '2026-09-17T12:37:58.661Z'
  ERROR: Build asset version error: assets/scripts/levelmanager.cs in SourceAssetDB has modification time of '2026-09-17T12:37:51.7670397Z' while content on disk has modification time of '2026-09-17T12:37:58.661Z'
Number of updated asset objects reloaded before import = 0Number of asset objects unloaded after import = 0

========================================================================
Received Import Request.
  Time since last request: 0.000035 seconds.
  path: Assets/Scripts/LevelManager.cs
  artifactKey: Guid(1f9c91710e106d84186998d23ae1cf5f) Importer(815301076,1909f56bfc062723c751e8b465ee728b)
Start importing Assets/Scripts/LevelManager.cs using Guid(1f9c91710e106d84186998d23ae1cf5f) Importer(815301076,1909f56bfc062723c751e8b465ee728b) (PreviewImporter) -> (artifact id: '00000000000000000000000000000000') in 0.0013558 seconds
Import Error Code:(4)
Message: Build asset version error: assets/scripts/levelmanager.cs in SourceAssetDB has modification time of '2026-09-17T12:37:51.7670397Z' while content on disk has modification time of '2026-09-17T12:37:58.661Z'
  ERROR: Build asset version error: assets/scripts/levelmanager.cs in SourceAssetDB has modification time of '2026-09-17T12:37:51.7670397Z' while content on disk has modification time of '2026-09-17T12:37:58.661Z'
Number of updated asset objects reloaded before import = 0Number of asset objects unloaded after import = 0

========================================================================
Received Import Request.
  Time since last request: 0.000028 seconds.
  path: Assets/Scripts/LevelManager.cs
  artifactKey: Guid(1f9c91710e106d84186998d23ae1cf5f) Importer(815301076,1909f56bfc062723c751e8b465ee728b)
Start importing Assets/Scripts/LevelManager.cs using Guid(1f9c91710e106d84186998d23ae1cf5f) Importer(815301076,1909f56bfc062723c751e8b465ee728b) (PreviewImporter) -> (artifact id: '00000000000000000000000000000000') in 0.0012559 seconds
Import Error Code:(4)
Message: Build asset version error: assets/scripts/levelmanager.cs in SourceAssetDB has modification time of '2026-09-17T12:37:51.7670397Z' while content on disk has modification time of '2026-09-17T12:37:58.661Z'
  ERROR: Build asset version error: assets/scripts/levelmanager.cs in SourceAssetDB has modification time of '2026-09-17T12:37:51.7670397Z' while content on disk has modification time of '2026-09-17T12:37:58.661Z'
Number of updated asset objects reloaded before import = 0Number of asset objects unloaded after import = 0

========================================================================
Received Import Request.
  Time since last request: 0.000035 seconds.
  path: Assets/Scripts/LevelManager.cs
  artifactKey: Guid(1f9c91710e106d84186998d23ae1cf5f) Importer(815301076,1909f56bfc062723c751e8b465ee728b)
Start importing Assets/Scripts/LevelManager.cs using Guid(1f9c91710e106d84186998d23ae1cf5f) Importer(815301076,1909f56bfc062723c751e8b465ee728b) (PreviewImporter) -> (artifact id: '00000000000000000000000000000000') in 0.0006346 seconds
Import Error Code:(4)
Message: Build asset version error: assets/scripts/levelmanager.cs in SourceAssetDB has modification time of '2026-09-17T12:37:51.7670397Z' while content on disk has modification time of '2026-09-17T12:37:58.661Z'
  ERROR: Build asset version error: assets/scripts/levelmanager.cs in SourceAssetDB has modification time of '2026-09-17T12:37:51.7670397Z' while content on disk has modification time of '2026-09-17T12:37:58.661Z'
Number of updated asset objects reloaded before import = 0Number of asset objects unloaded after import = 0

========================================================================
Received Import Request.
  Time since last request: 0.000020 seconds.
  path: Assets/Scripts/LevelManager.cs
  artifactKey: Guid(1f9c91710e106d84186998d23ae1cf5f) Importer(815301076,1909f56bfc062723c751e8b465ee728b)
Start importing Assets/Scripts/LevelManager.cs using Guid(1f9c91710e106d84186998d23ae1cf5f) Importer(815301076,1909f56bfc062723c751e8b465ee728b) (PreviewImporter) -> (artifact id: '00000000000000000000000000000000') in 0.0010172 seconds
Import Error Code:(4)
Message: Build asset version error: assets/scripts/levelmanager.cs in SourceAssetDB has modification time of '2026-09-17T12:37:51.7670397Z' while content on disk has modification time of '2026-09-17T12:37:58.661Z'
  ERROR: Build asset version error: assets/scripts/levelmanager.cs in SourceAssetDB has modification time of '2026-09-17T12:37:51.7670397Z' while content on disk has modification time of '2026-09-17T12:37:58.661Z'
Number of updated asset objects reloaded before import = 0Number of asset objects unloaded after import = 0

========================================================================
Received Import Request.
  Time since last request: 0.000025 seconds.
  path: Assets/Scripts/LevelManager.cs
  artifactKey: Guid(1f9c91710e106d84186998d23ae1cf5f) Importer(815301076,1909f56bfc062723c751e8b465ee728b)
Start importing Assets/Scripts/LevelManager.cs using Guid(1f9c91710e106d84186998d23ae1cf5f) Importer(815301076,1909f56bfc062723c751e8b465ee728b) (PreviewImporter) -> (artifact id: '00000000000000000000000000000000') in 0.0007019 seconds
Import Error Code:(4)
Message: Build asset version error: assets/scripts/levelmanager.cs in SourceAssetDB has modification time of '2026-09-17T12:37:51.7670397Z' while content on disk has modification time of '2026-09-17T12:37:58.661Z'
  ERROR: Build asset version error: assets/scripts/levelmanager.cs in SourceAssetDB has modification time of '2026-09-17T12:37:51.7670397Z' while content on disk has modification time of '2026-09-17T12:37:58.661Z'
Number of updated asset objects reloaded before import = 0Number of asset objects unloaded after import = 0

========================================================================
Received Import Request.
  Time since last request: 0.000029 seconds.
  path: Assets/Scripts/LevelManager.cs
  artifactKey: Guid(1f9c91710e106d84186998d23ae1cf5f) Importer(815301076,1909f56bfc062723c751e8b465ee728b)
Start importing Assets/Scripts/LevelManager.cs using Guid(1f9c91710e106d84186998d23ae1cf5f) Importer(815301076,1909f56bfc062723c751e8b465ee728b) (PreviewImporter) -> (artifact id: '00000000000000000000000000000000') in 0.0006523 seconds
Import Error Code:(4)
Message: Build asset version error: assets/scripts/levelmanager.cs in SourceAssetDB has modification time of '2026-09-17T12:37:51.7670397Z' while content on disk has modification time of '2026-09-17T12:37:58.661Z'
  ERROR: Build asset version error: assets/scripts/levelmanager.cs in SourceAssetDB has modification time of '2026-09-17T12:37:51.7670397Z' while content on disk has modification time of '2026-09-17T12:37:58.661Z'
Number of updated asset objects reloaded before import = 0Number of asset objects unloaded after import = 0

========================================================================
Received Import Request.
  Time since last request: 0.000020 seconds.
  path: Assets/Scripts/LevelManager.cs
  artifactKey: Guid(1f9c91710e106d84186998d23ae1cf5f) Importer(815301076,1909f56bfc062723c751e8b465ee728b)
Start importing Assets/Scripts/LevelManager.cs using Guid(1f9c91710e106d84186998d23ae1cf5f) Importer(815301076,1909f56bfc062723c751e8b465ee728b) (PreviewImporter) -> (artifact id: '00000000000000000000000000000000') in 0.0005991 seconds
Import Error Code:(4)
Message: Build asset version error: assets/scripts/levelmanager.cs in SourceAssetDB has modification time of '2026-09-17T12:37:51.7670397Z' while content on disk has modification time of '2026-09-17T12:37:58.661Z'
  ERROR: Build asset version error: assets/scripts/levelmanager.cs in SourceAssetDB has modification time of '2026-09-17T12:37:51.7670397Z' while content on disk has modification time of '2026-09-17T12:37:58.661Z'
Number of updated asset objects reloaded before import = 0Number of asset objects unloaded after import = 0

========================================================================
Received Import Request.
  Time since last request: 0.000022 seconds.
  path: Assets/Scripts/LevelManager.cs
  artifactKey: Guid(1f9c91710e106d84186998d23ae1cf5f) Importer(815301076,1909f56bfc062723c751e8b465ee728b)
Start importing Assets/Scripts/LevelManager.cs using Guid(1f9c91710e106d84186998d23ae1cf5f) Importer(815301076,1909f56bfc062723c751e8b465ee728b) (PreviewImporter) -> (artifact id: '00000000000000000000000000000000') in 0.0006824 seconds
Import Error Code:(4)
Message: Build asset version error: assets/scripts/levelmanager.cs in SourceAssetDB has modification time of '2026-09-17T12:37:51.7670397Z' while content on disk has modification time of '2026-09-17T12:37:58.661Z'
  ERROR: Build asset version error: assets/scripts/levelmanager.cs in SourceAssetDB has modification time of '2026-09-17T12:37:51.7670397Z' while content on disk has modification time of '2026-09-17T12:37:58.661Z'
Number of updated asset objects reloaded before import = 0Number of asset objects unloaded after import = 0

========================================================================
Received Import Request.
  Time since last request: 0.000023 seconds.
  path: Assets/Scripts/LevelManager.cs
  artifactKey: Guid(1f9c91710e106d84186998d23ae1cf5f) Importer(815301076,1909f56bfc062723c751e8b465ee728b)
Start importing Assets/Scripts/LevelManager.cs using Guid(1f9c91710e106d84186998d23ae1cf5f) Importer(815301076,1909f56bfc062723c751e8b465ee728b) (PreviewImporter) -> (artifact id: '00000000000000000000000000000000') in 0.0013234 seconds
Import Error Code:(4)
Message: Build asset version error: assets/scripts/levelmanager.cs in SourceAssetDB has modification time of '2026-09-17T12:37:51.7670397Z' while content on disk has modification time of '2026-09-17T12:37:58.661Z'
  ERROR: Build asset version error: assets/scripts/levelmanager.cs in SourceAssetDB has modification time of '2026-09-17T12:37:51.7670397Z' while content on disk has modification time of '2026-09-17T12:37:58.661Z'
Number of updated asset objects reloaded before import = 0Number of asset objects unloaded after import = 0

========================================================================
Received Import Request.
  Time since last request: 0.000067 seconds.
  path: Assets/Scripts/LevelManager.cs
  artifactKey: Guid(1f9c91710e106d84186998d23ae1cf5f) Importer(815301076,1909f56bfc062723c751e8b465ee728b)
Start importing Assets/Scripts/LevelManager.cs using Guid(1f9c91710e106d84186998d23ae1cf5f) Importer(815301076,1909f56bfc062723c751e8b465ee728b) (PreviewImporter) -> (artifact id: '00000000000000000000000000000000') in 0.0006352 seconds
Import Error Code:(4)
Message: Build asset version error: assets/scripts/levelmanager.cs in SourceAssetDB has modification time of '2026-09-17T12:37:51.7670397Z' while content on disk has modification time of '2026-09-17T12:37:58.661Z'
  ERROR: Build asset version error: assets/scripts/levelmanager.cs in SourceAssetDB has modification time of '2026-09-17T12:37:51.7670397Z' while content on disk has modification time of '2026-09-17T12:37:58.661Z'
Number of updated asset objects reloaded before import = 0Number of asset objects unloaded after import = 0

========================================================================
Received Import Request.
  Time since last request: 0.000034 seconds.
  path: Assets/Scripts/LevelManager.cs
  artifactKey: Guid(1f9c91710e106d84186998d23ae1cf5f) Importer(815301076,1909f56bfc062723c751e8b465ee728b)
Start importing Assets/Scripts/LevelManager.cs using Guid(1f9c91710e106d84186998d23ae1cf5f) Importer(815301076,1909f56bfc062723c751e8b465ee728b) (PreviewImporter) -> (artifact id: '00000000000000000000000000000000') in 0.0007205 seconds
Import Error Code:(4)
Message: Build asset version error: assets/scripts/levelmanager.cs in SourceAssetDB has modification time of '2026-09-17T12:37:51.7670397Z' while content on disk has modification time of '2026-09-17T12:37:58.661Z'
  ERROR: Build asset version error: assets/scripts/levelmanager.cs in SourceAssetDB has modification time of '2026-09-17T12:37:51.7670397Z' while content on disk has modification time of '2026-09-17T12:37:58.661Z'
Number of updated asset objects reloaded before import = 0Number of asset objects unloaded after import = 0

========================================================================
Received Import Request.
  Time since last request: 0.000019 seconds.
  path: Assets/Scripts/LevelManager.cs
  artifactKey: Guid(1f9c91710e106d84186998d23ae1cf5f) Importer(815301076,1909f56bfc062723c751e8b465ee728b)
Start importing Assets/Scripts/LevelManager.cs using Guid(1f9c91710e106d84186998d23ae1cf5f) Importer(815301076,1909f56bfc062723c751e8b465ee728b) (PreviewImporter) -> (artifact id: '00000000000000000000000000000000') in 0.0013691 seconds
Import Error Code:(4)
Message: Build asset version error: assets/scripts/levelmanager.cs in SourceAssetDB has modification time of '2026-09-17T12:37:51.7670397Z' while content on disk has modification time of '2026-09-17T12:37:58.661Z'
  ERROR: Build asset version error: assets/scripts/levelmanager.cs in SourceAssetDB has modification time of '2026-09-17T12:37:51.7670397Z' while content on disk has modification time of '2026-09-17T12:37:58.661Z'
Number of updated asset objects reloaded before import = 0Number of asset objects unloaded after import = 0

========================================================================
Received Import Request.
  Time since last request: 0.000052 seconds.
  path: Assets/Scripts/LevelManager.cs
  artifactKey: Guid(1f9c91710e106d84186998d23ae1cf5f) Importer(815301076,1909f56bfc062723c751e8b465ee728b)
Start importing Assets/Scripts/LevelManager.cs using Guid(1f9c91710e106d84186998d23ae1cf5f) Importer(815301076,1909f56bfc062723c751e8b465ee728b) (PreviewImporter) -> (artifact id: '00000000000000000000000000000000') in 0.0006529 seconds
Import Error Code:(4)
Message: Build asset version error: assets/scripts/levelmanager.cs in SourceAssetDB has modification time of '2026-09-17T12:37:51.7670397Z' while content on disk has modification time of '2026-09-17T12:37:58.661Z'
  ERROR: Build asset version error: assets/scripts/levelmanager.cs in SourceAssetDB has modification time of '2026-09-17T12:37:51.7670397Z' while content on disk has modification time of '2026-09-17T12:37:58.661Z'
Number of updated asset objects reloaded before import = 0Number of asset objects unloaded after import = 0

========================================================================
Received Import Request.
  Time since last request: 0.000023 seconds.
  path: Assets/Scripts/LevelManager.cs
  artifactKey: Guid(1f9c91710e106d84186998d23ae1cf5f) Importer(815301076,1909f56bfc062723c751e8b465ee728b)
Start importing Assets/Scripts/LevelManager.cs using Guid(1f9c91710e106d84186998d23ae1cf5f) Importer(815301076,1909f56bfc062723c751e8b465ee728b) (PreviewImporter) -> (artifact id: '00000000000000000000000000000000') in 0.0007321 seconds
Import Error Code:(4)
Message: Build asset version error: assets/scripts/levelmanager.cs in SourceAssetDB has modification time of '2026-09-17T12:37:51.7670397Z' while content on disk has modification time of '2026-09-17T12:37:58.661Z'
  ERROR: Build asset version error: assets/scripts/levelmanager.cs in SourceAssetDB has modification time of '2026-09-17T12:37:51.7670397Z' while content on disk has modification time of '2026-09-17T12:37:58.661Z'
Number of updated asset objects reloaded before import = 0Number of asset objects unloaded after import = 0

========================================================================
Received Import Request.
  Time since last request: 0.000031 seconds.
  path: Assets/Scripts/LevelManager.cs
  artifactKey: Guid(1f9c91710e106d84186998d23ae1cf5f) Importer(815301076,1909f56bfc062723c751e8b465ee728b)
Start importing Assets/Scripts/LevelManager.cs using Guid(1f9c91710e106d84186998d23ae1cf5f) Importer(815301076,1909f56bfc062723c751e8b465ee728b) (PreviewImporter) -> (artifact id: '00000000000000000000000000000000') in 0.0008465 seconds
Import Error Code:(4)
Message: Build asset version error: assets/scripts/levelmanager.cs in SourceAssetDB has modification time of '2026-09-17T12:37:51.7670397Z' while content on disk has modification time of '2026-09-17T12:37:58.661Z'
  ERROR: Build asset version error: assets/scripts/levelmanager.cs in SourceAssetDB has modification time of '2026-09-17T12:37:51.7670397Z' while content on disk has modification time of '2026-09-17T12:37:58.661Z'
Number of updated asset objects reloaded before import = 0Number of asset objects unloaded after import = 0

========================================================================
Received Import Request.
  Time since last request: 0.000073 seconds.
  path: Assets/Scripts/LevelManager.cs
  artifactKey: Guid(1f9c91710e106d84186998d23ae1cf5f) Importer(815301076,1909f56bfc062723c751e8b465ee728b)
Start importing Assets/Scripts/LevelManager.cs using Guid(1f9c91710e106d84186998d23ae1cf5f) Importer(815301076,1909f56bfc062723c751e8b465ee728b) (PreviewImporter) -> (artifact id: '00000000000000000000000000000000') in 0.0006958 seconds
Import Error Code:(4)
Message: Build asset version error: assets/scripts/levelmanager.cs in SourceAssetDB has modification time of '2026-09-17T12:37:51.7670397Z' while content on disk has modification time of '2026-09-17T12:37:58.661Z'
  ERROR: Build asset version error: assets/scripts/levelmanager.cs in SourceAssetDB has modification time of '2026-09-17T12:37:51.7670397Z' while content on disk has modification time of '2026-09-17T12:37:58.661Z'
Number of updated asset objects reloaded before import = 0Number of asset objects unloaded after import = 0

========================================================================
Received Import Request.
  Time since last request: 0.000021 seconds.
  path: Assets/Scripts/LevelManager.cs
  artifactKey: Guid(1f9c91710e106d84186998d23ae1cf5f) Importer(815301076,1909f56bfc062723c751e8b465ee728b)
Start importing Assets/Scripts/LevelManager.cs using Guid(1f9c91710e106d84186998d23ae1cf5f) Importer(815301076,1909f56bfc062723c751e8b465ee728b) (PreviewImporter) -> (artifact id: '00000000000000000000000000000000') in 0.0006376 seconds
Import Error Code:(4)
Message: Build asset version error: assets/scripts/levelmanager.cs in SourceAssetDB has modification time of '2026-09-17T12:37:51.7670397Z' while content on disk has modification time of '2026-09-17T12:37:58.661Z'
  ERROR: Build asset version error: assets/scripts/levelmanager.cs in SourceAssetDB has modification time of '2026-09-17T12:37:51.7670397Z' while content on disk has modification time of '2026-09-17T12:37:58.661Z'
Number of updated asset objects reloaded before import = 0Number of asset objects unloaded after import = 0

========================================================================
Received Import Request.
  Time since last request: 0.000023 seconds.
  path: Assets/Scripts/LevelManager.cs
  artifactKey: Guid(1f9c91710e106d84186998d23ae1cf5f) Importer(815301076,1909f56bfc062723c751e8b465ee728b)
Start importing Assets/Scripts/LevelManager.cs using Guid(1f9c91710e106d84186998d23ae1cf5f) Importer(815301076,1909f56bfc062723c751e8b465ee728b) (PreviewImporter) -> (artifact id: '00000000000000000000000000000000') in 0.0006187 seconds
Import Error Code:(4)
Message: Build asset version error: assets/scripts/levelmanager.cs in SourceAssetDB has modification time of '2026-09-17T12:37:51.7670397Z' while content on disk has modification time of '2026-09-17T12:37:58.661Z'
  ERROR: Build asset version error: assets/scripts/levelmanager.cs in SourceAssetDB has modification time of '2026-09-17T12:37:51.7670397Z' while content on disk has modification time of '2026-09-17T12:37:58.661Z'
Number of updated asset objects reloaded before import = 0Number of asset objects unloaded after import = 0

========================================================================
Received Import Request.
  Time since last request: 0.000023 seconds.
  path: Assets/Scripts/LevelManager.cs
  artifactKey: Guid(1f9c91710e106d84186998d23ae1cf5f) Importer(815301076,1909f56bfc062723c751e8b465ee728b)
Start importing Assets/Scripts/LevelManager.cs using Guid(1f9c91710e106d84186998d23ae1cf5f) Importer(815301076,1909f56bfc062723c751e8b465ee728b) (PreviewImporter) -> (artifact id: '00000000000000000000000000000000') in 0.0005618 seconds
Import Error Code:(4)
Message: Build asset version error: assets/scripts/levelmanager.cs in SourceAssetDB has modification time of '2026-09-17T12:37:51.7670397Z' while content on disk has modification time of '2026-09-17T12:37:58.661Z'
  ERROR: Build asset version error: assets/scripts/levelmanager.cs in SourceAssetDB has modification time of '2026-09-17T12:37:51.7670397Z' while content on disk has modification time of '2026-09-17T12:37:58.661Z'
Number of updated asset objects reloaded before import = 0Number of asset objects unloaded after import = 0

========================================================================
Received Import Request.
  Time since last request: 0.000024 seconds.
  path: Assets/Scripts/LevelManager.cs
  artifactKey: Guid(1f9c91710e106d84186998d23ae1cf5f) Importer(815301076,1909f56bfc062723c751e8b465ee728b)
Start importing Assets/Scripts/LevelManager.cs using Guid(1f9c91710e106d84186998d23ae1cf5f) Importer(815301076,1909f56bfc062723c751e8b465ee728b) (PreviewImporter) -> (artifact id: '00000000000000000000000000000000') in 0.0006404 seconds
Import Error Code:(4)
Message: Build asset version error: assets/scripts/levelmanager.cs in SourceAssetDB has modification time of '2026-09-17T12:37:51.7670397Z' while content on disk has modification time of '2026-09-17T12:37:58.661Z'
  ERROR: Build asset version error: assets/scripts/levelmanager.cs in SourceAssetDB has modification time of '2026-09-17T12:37:51.7670397Z' while content on disk has modification time of '2026-09-17T12:37:58.661Z'
Number of updated asset objects reloaded before import = 0Number of asset objects unloaded after import = 0

========================================================================
Received Import Request.
  Time since last request: 0.000034 seconds.
  path: Assets/Scripts/LevelManager.cs
  artifactKey: Guid(1f9c91710e106d84186998d23ae1cf5f) Importer(815301076,1909f56bfc062723c751e8b465ee728b)
Start importing Assets/Scripts/LevelManager.cs using Guid(1f9c91710e106d84186998d23ae1cf5f) Importer(815301076,1909f56bfc062723c751e8b465ee728b) (PreviewImporter) -> (artifact id: '00000000000000000000000000000000') in 0.000658 seconds
Import Error Code:(4)
Message: Build asset version error: assets/scripts/levelmanager.cs in SourceAssetDB has modification time of '2026-09-17T12:37:51.7670397Z' while content on disk has modification time of '2026-09-17T12:37:58.661Z'
  ERROR: Build asset version error: assets/scripts/levelmanager.cs in SourceAssetDB has modification time of '2026-09-17T12:37:51.7670397Z' while content on disk has modification time of '2026-09-17T12:37:58.661Z'
Number of updated asset objects reloaded before import = 0Number of asset objects unloaded after import = 0

========================================================================
Received Import Request.
  Time since last request: 0.000026 seconds.
  path: Assets/Scripts/LevelManager.cs
  artifactKey: Guid(1f9c91710e106d84186998d23ae1cf5f) Importer(815301076,1909f56bfc062723c751e8b465ee728b)
Start importing Assets/Scripts/LevelManager.cs using Guid(1f9c91710e106d84186998d23ae1cf5f) Importer(815301076,1909f56bfc062723c751e8b465ee728b) (PreviewImporter) -> (artifact id: '00000000000000000000000000000000') in 0.0007862 seconds
Import Error Code:(4)
Message: Build asset version error: assets/scripts/levelmanager.cs in SourceAssetDB has modification time of '2026-09-17T12:37:51.7670397Z' while content on disk has modification time of '2026-09-17T12:37:58.661Z'
  ERROR: Build asset version error: assets/scripts/levelmanager.cs in SourceAssetDB has modification time of '2026-09-17T12:37:51.7670397Z' while content on disk has modification time of '2026-09-17T12:37:58.661Z'
Number of updated asset objects reloaded before import = 0Number of asset objects unloaded after import = 0

========================================================================
Received Import Request.
  Time since last request: 0.000022 seconds.
  path: Assets/Scripts/LevelManager.cs
  artifactKey: Guid(1f9c91710e106d84186998d23ae1cf5f) Importer(815301076,1909f56bfc062723c751e8b465ee728b)
Start importing Assets/Scripts/LevelManager.cs using Guid(1f9c91710e106d84186998d23ae1cf5f) Importer(815301076,1909f56bfc062723c751e8b465ee728b) (PreviewImporter) -> (artifact id: '00000000000000000000000000000000') in 0.0024 seconds
Import Error Code:(4)
Message: Build asset version error: assets/scripts/levelmanager.cs in SourceAssetDB has modification time of '2026-09-17T12:37:51.7670397Z' while content on disk has modification time of '2026-09-17T12:37:58.661Z'
  ERROR: Build asset version error: assets/scripts/levelmanager.cs in SourceAssetDB has modification time of '2026-09-17T12:37:51.7670397Z' while content on disk has modification time of '2026-09-17T12:37:58.661Z'
Number of updated asset objects reloaded before import = 0Number of asset objects unloaded after import = 0

========================================================================
Received Import Request.
  Time since last request: 0.000021 seconds.
  path: Assets/Scripts/LevelManager.cs
  artifactKey: Guid(1f9c91710e106d84186998d23ae1cf5f) Importer(815301076,1909f56bfc062723c751e8b465ee728b)
Start importing Assets/Scripts/LevelManager.cs using Guid(1f9c91710e106d84186998d23ae1cf5f) Importer(815301076,1909f56bfc062723c751e8b465ee728b) (PreviewImporter) -> (artifact id: '00000000000000000000000000000000') in 0.0014065 seconds
Import Error Code:(4)
Message: Build asset version error: assets/scripts/levelmanager.cs in SourceAssetDB has modification time of '2026-09-17T12:37:51.7670397Z' while content on disk has modification time of '2026-09-17T12:37:58.661Z'
  ERROR: Build asset version error: assets/scripts/levelmanager.cs in SourceAssetDB has modification time of '2026-09-17T12:37:51.7670397Z' while content on disk has modification time of '2026-09-17T12:37:58.661Z'
Number of updated asset objects reloaded before import = 0Number of asset objects unloaded after import = 0

========================================================================
Received Import Request.
  Time since last request: 0.000067 seconds.
  path: Assets/Scripts/LevelManager.cs
  artifactKey: Guid(1f9c91710e106d84186998d23ae1cf5f) Importer(815301076,1909f56bfc062723c751e8b465ee728b)
Start importing Assets/Scripts/LevelManager.cs using Guid(1f9c91710e106d84186998d23ae1cf5f) Importer(815301076,1909f56bfc062723c751e8b465ee728b) (PreviewImporter) -> (artifact id: '00000000000000000000000000000000') in 0.0007622 seconds
Import Error Code:(4)
Message: Build asset version error: assets/scripts/levelmanager.cs in SourceAssetDB has modification time of '2026-09-17T12:37:51.7670397Z' while content on disk has modification time of '2026-09-17T12:37:58.661Z'
  ERROR: Build asset version error: assets/scripts/levelmanager.cs in SourceAssetDB has modification time of '2026-09-17T12:37:51.7670397Z' while content on disk has modification time of '2026-09-17T12:37:58.661Z'
Number of updated asset objects reloaded before import = 0Number of asset objects unloaded after import = 0

========================================================================
Received Import Request.
  Time since last request: 0.000026 seconds.
  path: Assets/Scripts/LevelManager.cs
  artifactKey: Guid(1f9c91710e106d84186998d23ae1cf5f) Importer(815301076,1909f56bfc062723c751e8b465ee728b)
Start importing Assets/Scripts/LevelManager.cs using Guid(1f9c91710e106d84186998d23ae1cf5f) Importer(815301076,1909f56bfc062723c751e8b465ee728b) (PreviewImporter) -> (artifact id: '00000000000000000000000000000000') in 0.001334 seconds
Import Error Code:(4)
Message: Build asset version error: assets/scripts/levelmanager.cs in SourceAssetDB has modification time of '2026-09-17T12:37:51.7670397Z' while content on disk has modification time of '2026-09-17T12:37:58.661Z'
  ERROR: Build asset version error: assets/scripts/levelmanager.cs in SourceAssetDB has modification time of '2026-09-17T12:37:51.7670397Z' while content on disk has modification time of '2026-09-17T12:37:58.661Z'
Number of updated asset objects reloaded before import = 0Number of asset objects unloaded after import = 0

========================================================================
Received Import Request.
  Time since last request: 0.000035 seconds.
  path: Assets/Scripts/LevelManager.cs
  artifactKey: Guid(1f9c91710e106d84186998d23ae1cf5f) Importer(815301076,1909f56bfc062723c751e8b465ee728b)
Start importing Assets/Scripts/LevelManager.cs using Guid(1f9c91710e106d84186998d23ae1cf5f) Importer(815301076,1909f56bfc062723c751e8b465ee728b) (PreviewImporter) -> (artifact id: '00000000000000000000000000000000') in 0.0007839 seconds
Import Error Code:(4)
Message: Build asset version error: assets/scripts/levelmanager.cs in SourceAssetDB has modification time of '2026-09-17T12:37:51.7670397Z' while content on disk has modification time of '2026-09-17T12:37:58.661Z'
  ERROR: Build asset version error: assets/scripts/levelmanager.cs in SourceAssetDB has modification time of '2026-09-17T12:37:51.7670397Z' while content on disk has modification time of '2026-09-17T12:37:58.661Z'
Number of updated asset objects reloaded before import = 0Number of asset objects unloaded after import = 0

========================================================================
Received Import Request.
  Time since last request: 0.000059 seconds.
  path: Assets/Scripts/LevelManager.cs
  artifactKey: Guid(1f9c91710e106d84186998d23ae1cf5f) Importer(815301076,1909f56bfc062723c751e8b465ee728b)
Start importing Assets/Scripts/LevelManager.cs using Guid(1f9c91710e106d84186998d23ae1cf5f) Importer(815301076,1909f56bfc062723c751e8b465ee728b) (PreviewImporter) -> (artifact id: '00000000000000000000000000000000') in 0.0006472 seconds
Import Error Code:(4)
Message: Build asset version error: assets/scripts/levelmanager.cs in SourceAssetDB has modification time of '2026-09-17T12:37:51.7670397Z' while content on disk has modification time of '2026-09-17T12:37:58.661Z'
  ERROR: Build asset version error: assets/scripts/levelmanager.cs in SourceAssetDB has modification time of '2026-09-17T12:37:51.7670397Z' while content on disk has modification time of '2026-09-17T12:37:58.661Z'
Number of updated asset objects reloaded before import = 0Number of asset objects unloaded after import = 0

========================================================================
Received Import Request.
  Time since last request: 0.000030 seconds.
  path: Assets/Scripts/LevelManager.cs
  artifactKey: Guid(1f9c91710e106d84186998d23ae1cf5f) Importer(815301076,1909f56bfc062723c751e8b465ee728b)
Start importing Assets/Scripts/LevelManager.cs using Guid(1f9c91710e106d84186998d23ae1cf5f) Importer(815301076,1909f56bfc062723c751e8b465ee728b) (PreviewImporter) -> (artifact id: '00000000000000000000000000000000') in 0.0006041 seconds
Import Error Code:(4)
Message: Build asset version error: assets/scripts/levelmanager.cs in SourceAssetDB has modification time of '2026-09-17T12:37:51.7670397Z' while content on disk has modification time of '2026-09-17T12:37:58.661Z'
  ERROR: Build asset version error: assets/scripts/levelmanager.cs in SourceAssetDB has modification time of '2026-09-17T12:37:51.7670397Z' while content on disk has modification time of '2026-09-17T12:37:58.661Z'
Number of updated asset objects reloaded before import = 0Number of asset objects unloaded after import = 0

========================================================================
Received Import Request.
  Time since last request: 0.000022 seconds.
  path: Assets/Scripts/LevelManager.cs
  artifactKey: Guid(1f9c91710e106d84186998d23ae1cf5f) Importer(815301076,1909f56bfc062723c751e8b465ee728b)
Start importing Assets/Scripts/LevelManager.cs using Guid(1f9c91710e106d84186998d23ae1cf5f) Importer(815301076,1909f56bfc062723c751e8b465ee728b) (PreviewImporter) -> (artifact id: '00000000000000000000000000000000') in 0.0009952 seconds
Import Error Code:(4)
Message: Build asset version error: assets/scripts/levelmanager.cs in SourceAssetDB has modification time of '2026-09-17T12:37:51.7670397Z' while content on disk has modification time of '2026-09-17T12:37:58.661Z'
  ERROR: Build asset version error: assets/scripts/levelmanager.cs in SourceAssetDB has modification time of '2026-09-17T12:37:51.7670397Z' while content on disk has modification time of '2026-09-17T12:37:58.661Z'
Number of updated asset objects reloaded before import = 0Number of asset objects unloaded after import = 0

========================================================================
Received Import Request.
  Time since last request: 0.000061 seconds.
  path: Assets/Scripts/LevelManager.cs
  artifactKey: Guid(1f9c91710e106d84186998d23ae1cf5f) Importer(815301076,1909f56bfc062723c751e8b465ee728b)
Start importing Assets/Scripts/LevelManager.cs using Guid(1f9c91710e106d84186998d23ae1cf5f) Importer(815301076,1909f56bfc062723c751e8b465ee728b) (PreviewImporter) -> (artifact id: '00000000000000000000000000000000') in 0.0008891 seconds
Import Error Code:(4)
Message: Build asset version error: assets/scripts/levelmanager.cs in SourceAssetDB has modification time of '2026-09-17T12:37:51.7670397Z' while content on disk has modification time of '2026-09-17T12:37:58.661Z'
  ERROR: Build asset version error: assets/scripts/levelmanager.cs in SourceAssetDB has modification time of '2026-09-17T12:37:51.7670397Z' while content on disk has modification time of '2026-09-17T12:37:58.661Z'
Number of updated asset objects reloaded before import = 0Number of asset objects unloaded after import = 0

========================================================================
Received Import Request.
  Time since last request: 0.000024 seconds.
  path: Assets/Scripts/LevelManager.cs
  artifactKey: Guid(1f9c91710e106d84186998d23ae1cf5f) Importer(815301076,1909f56bfc062723c751e8b465ee728b)
Start importing Assets/Scripts/LevelManager.cs using Guid(1f9c91710e106d84186998d23ae1cf5f) Importer(815301076,1909f56bfc062723c751e8b465ee728b) (PreviewImporter) -> (artifact id: '00000000000000000000000000000000') in 0.0009426 seconds
Import Error Code:(4)
Message: Build asset version error: assets/scripts/levelmanager.cs in SourceAssetDB has modification time of '2026-09-17T12:37:51.7670397Z' while content on disk has modification time of '2026-09-17T12:37:58.661Z'
  ERROR: Build asset version error: assets/scripts/levelmanager.cs in SourceAssetDB has modification time of '2026-09-17T12:37:51.7670397Z' while content on disk has modification time of '2026-09-17T12:37:58.661Z'
Number of updated asset objects reloaded before import = 0Number of asset objects unloaded after import = 0

========================================================================
Received Import Request.
  Time since last request: 0.000036 seconds.
  path: Assets/Scripts/LevelManager.cs
  artifactKey: Guid(1f9c91710e106d84186998d23ae1cf5f) Importer(815301076,1909f56bfc062723c751e8b465ee728b)
Start importing Assets/Scripts/LevelManager.cs using Guid(1f9c91710e106d84186998d23ae1cf5f) Importer(815301076,1909f56bfc062723c751e8b465ee728b) (PreviewImporter) -> (artifact id: '00000000000000000000000000000000') in 0.0006473 seconds
Import Error Code:(4)
Message: Build asset version error: assets/scripts/levelmanager.cs in SourceAssetDB has modification time of '2026-09-17T12:37:51.7670397Z' while content on disk has modification time of '2026-09-17T12:37:58.661Z'
  ERROR: Build asset version error: assets/scripts/levelmanager.cs in SourceAssetDB has modification time of '2026-09-17T12:37:51.7670397Z' while content on disk has modification time of '2026-09-17T12:37:58.661Z'
Number of updated asset objects reloaded before import = 0Number of asset objects unloaded after import = 0

========================================================================
Received Import Request.
  Time since last request: 0.000033 seconds.
  path: Assets/Scripts/LevelManager.cs
  artifactKey: Guid(1f9c91710e106d84186998d23ae1cf5f) Importer(815301076,1909f56bfc062723c751e8b465ee728b)
Start importing Assets/Scripts/LevelManager.cs using Guid(1f9c91710e106d84186998d23ae1cf5f) Importer(815301076,1909f56bfc062723c751e8b465ee728b) (PreviewImporter) -> (artifact id: '00000000000000000000000000000000') in 0.0008069 seconds
Import Error Code:(4)
Message: Build asset version error: assets/scripts/levelmanager.cs in SourceAssetDB has modification time of '2026-09-17T12:37:51.7670397Z' while content on disk has modification time of '2026-09-17T12:37:58.661Z'
  ERROR: Build asset version error: assets/scripts/levelmanager.cs in SourceAssetDB has modification time of '2026-09-17T12:37:51.7670397Z' while content on disk has modification time of '2026-09-17T12:37:58.661Z'
Number of updated asset objects reloaded before import = 0Number of asset objects unloaded after import = 0

========================================================================
Received Import Request.
  Time since last request: 0.000034 seconds.
  path: Assets/Scripts/LevelManager.cs
  artifactKey: Guid(1f9c91710e106d84186998d23ae1cf5f) Importer(815301076,1909f56bfc062723c751e8b465ee728b)
Start importing Assets/Scripts/LevelManager.cs using Guid(1f9c91710e106d84186998d23ae1cf5f) Importer(815301076,1909f56bfc062723c751e8b465ee728b) (PreviewImporter) -> (artifact id: '00000000000000000000000000000000') in 0.0006161 seconds
Import Error Code:(4)
Message: Build asset version error: assets/scripts/levelmanager.cs in SourceAssetDB has modification time of '2026-09-17T12:37:51.7670397Z' while content on disk has modification time of '2026-09-17T12:37:58.661Z'
  ERROR: Build asset version error: assets/scripts/levelmanager.cs in SourceAssetDB has modification time of '2026-09-17T12:37:51.7670397Z' while content on disk has modification time of '2026-09-17T12:37:58.661Z'
Number of updated asset objects reloaded before import = 0Number of asset objects unloaded after import = 0

========================================================================
Received Import Request.
  Time since last request: 0.000020 seconds.
  path: Assets/Scripts/LevelManager.cs
  artifactKey: Guid(1f9c91710e106d84186998d23ae1cf5f) Importer(815301076,1909f56bfc062723c751e8b465ee728b)
Start importing Assets/Scripts/LevelManager.cs using Guid(1f9c91710e106d84186998d23ae1cf5f) Importer(815301076,1909f56bfc062723c751e8b465ee728b) (PreviewImporter) -> (artifact id: '00000000000000000000000000000000') in 0.0011257 seconds
Import Error Code:(4)
Message: Build asset version error: assets/scripts/levelmanager.cs in SourceAssetDB has modification time of '2026-09-17T12:37:51.7670397Z' while content on disk has modification time of '2026-09-17T12:37:58.661Z'
  ERROR: Build asset version error: assets/scripts/levelmanager.cs in SourceAssetDB has modification time of '2026-09-17T12:37:51.7670397Z' while content on disk has modification time of '2026-09-17T12:37:58.661Z'
Number of updated asset objects reloaded before import = 0Number of asset objects unloaded after import = 0

========================================================================
Received Import Request.
  Time since last request: 0.000023 seconds.
  path: Assets/Scripts/LevelManager.cs
  artifactKey: Guid(1f9c91710e106d84186998d23ae1cf5f) Importer(815301076,1909f56bfc062723c751e8b465ee728b)
Start importing Assets/Scripts/LevelManager.cs using Guid(1f9c91710e106d84186998d23ae1cf5f) Importer(815301076,1909f56bfc062723c751e8b465ee728b) (PreviewImporter) -> (artifact id: '00000000000000000000000000000000') in 0.0008359 seconds
Import Error Code:(4)
Message: Build asset version error: assets/scripts/levelmanager.cs in SourceAssetDB has modification time of '2026-09-17T12:37:51.7670397Z' while content on disk has modification time of '2026-09-17T12:37:58.661Z'
  ERROR: Build asset version error: assets/scripts/levelmanager.cs in SourceAssetDB has modification time of '2026-09-17T12:37:51.7670397Z' while content on disk has modification time of '2026-09-17T12:37:58.661Z'
Number of updated asset objects reloaded before import = 0Number of asset objects unloaded after import = 0

========================================================================
Received Import Request.
  Time since last request: 0.000024 seconds.
  path: Assets/Scripts/LevelManager.cs
  artifactKey: Guid(1f9c91710e106d84186998d23ae1cf5f) Importer(815301076,1909f56bfc062723c751e8b465ee728b)
Start importing Assets/Scripts/LevelManager.cs using Guid(1f9c91710e106d84186998d23ae1cf5f) Importer(815301076,1909f56bfc062723c751e8b465ee728b) (PreviewImporter) -> (artifact id: '00000000000000000000000000000000') in 0.000993 seconds
Import Error Code:(4)
Message: Build asset version error: assets/scripts/levelmanager.cs in SourceAssetDB has modification time of '2026-09-17T12:37:51.7670397Z' while content on disk has modification time of '2026-09-17T12:37:58.661Z'
  ERROR: Build asset version error: assets/scripts/levelmanager.cs in SourceAssetDB has modification time of '2026-09-17T12:37:51.7670397Z' while content on disk has modification time of '2026-09-17T12:37:58.661Z'
Number of updated asset objects reloaded before import = 0Number of asset objects unloaded after import = 0

========================================================================
Received Import Request.
  Time since last request: 0.000065 seconds.
  path: Assets/Scripts/LevelManager.cs
  artifactKey: Guid(1f9c91710e106d84186998d23ae1cf5f) Importer(815301076,1909f56bfc062723c751e8b465ee728b)
Start importing Assets/Scripts/LevelManager.cs using Guid(1f9c91710e106d84186998d23ae1cf5f) Importer(815301076,1909f56bfc062723c751e8b465ee728b) (PreviewImporter) -> (artifact id: '00000000000000000000000000000000') in 0.0011408 seconds
Import Error Code:(4)
Message: Build asset version error: assets/scripts/levelmanager.cs in SourceAssetDB has modification time of '2026-09-17T12:37:51.7670397Z' while content on disk has modification time of '2026-09-17T12:37:58.661Z'
  ERROR: Build asset version error: assets/scripts/levelmanager.cs in SourceAssetDB has modification time of '2026-09-17T12:37:51.7670397Z' while content on disk has modification time of '2026-09-17T12:37:58.661Z'
Number of updated asset objects reloaded before import = 0Number of asset objects unloaded after import = 0

========================================================================
Received Import Request.
  Time since last request: 0.000024 seconds.
  path: Assets/Scripts/LevelManager.cs
  artifactKey: Guid(1f9c91710e106d84186998d23ae1cf5f) Importer(815301076,1909f56bfc062723c751e8b465ee728b)
Start importing Assets/Scripts/LevelManager.cs using Guid(1f9c91710e106d84186998d23ae1cf5f) Importer(815301076,1909f56bfc062723c751e8b465ee728b) (PreviewImporter) -> (artifact id: '00000000000000000000000000000000') in 0.0008552 seconds
Import Error Code:(4)
Message: Build asset version error: assets/scripts/levelmanager.cs in SourceAssetDB has modification time of '2026-09-17T12:37:51.7670397Z' while content on disk has modification time of '2026-09-17T12:37:58.661Z'
  ERROR: Build asset version error: assets/scripts/levelmanager.cs in SourceAssetDB has modification time of '2026-09-17T12:37:51.7670397Z' while content on disk has modification time of '2026-09-17T12:37:58.661Z'
Number of updated asset objects reloaded before import = 0Number of asset objects unloaded after import = 0

========================================================================
Received Import Request.
  Time since last request: 0.000022 seconds.
  path: Assets/Scripts/LevelManager.cs
  artifactKey: Guid(1f9c91710e106d84186998d23ae1cf5f) Importer(815301076,1909f56bfc062723c751e8b465ee728b)
Start importing Assets/Scripts/LevelManager.cs using Guid(1f9c91710e106d84186998d23ae1cf5f) Importer(815301076,1909f56bfc062723c751e8b465ee728b) (PreviewImporter) -> (artifact id: '00000000000000000000000000000000') in 0.0009854 seconds
Import Error Code:(4)
Message: Build asset version error: assets/scripts/levelmanager.cs in SourceAssetDB has modification time of '2026-09-17T12:37:51.7670397Z' while content on disk has modification time of '2026-09-17T12:37:58.661Z'
  ERROR: Build asset version error: assets/scripts/levelmanager.cs in SourceAssetDB has modification time of '2026-09-17T12:37:51.7670397Z' while content on disk has modification time of '2026-09-17T12:37:58.661Z'
Number of updated asset objects reloaded before import = 0Number of asset objects unloaded after import = 0

========================================================================
Received Import Request.
  Time since last request: 0.000024 seconds.
  path: Assets/Scripts/LevelManager.cs
  artifactKey: Guid(1f9c91710e106d84186998d23ae1cf5f) Importer(815301076,1909f56bfc062723c751e8b465ee728b)
Start importing Assets/Scripts/LevelManager.cs using Guid(1f9c91710e106d84186998d23ae1cf5f) Importer(815301076,1909f56bfc062723c751e8b465ee728b) (PreviewImporter) -> (artifact id: '00000000000000000000000000000000') in 0.0013535 seconds
Import Error Code:(4)
Message: Build asset version error: assets/scripts/levelmanager.cs in SourceAssetDB has modification time of '2026-09-17T12:37:51.7670397Z' while content on disk has modification time of '2026-09-17T12:37:58.661Z'
  ERROR: Build asset version error: assets/scripts/levelmanager.cs in SourceAssetDB has modification time of '2026-09-17T12:37:51.7670397Z' while content on disk has modification time of '2026-09-17T12:37:58.661Z'
Number of updated asset objects reloaded before import = 0Number of asset objects unloaded after import = 0

========================================================================
Received Import Request.
  Time since last request: 0.000029 seconds.
  path: Assets/Scripts/LevelManager.cs
  artifactKey: Guid(1f9c91710e106d84186998d23ae1cf5f) Importer(815301076,1909f56bfc062723c751e8b465ee728b)
Start importing Assets/Scripts/LevelManager.cs using Guid(1f9c91710e106d84186998d23ae1cf5f) Importer(815301076,1909f56bfc062723c751e8b465ee728b) (PreviewImporter) -> (artifact id: '00000000000000000000000000000000') in 0.0022033 seconds
Import Error Code:(4)
Message: Build asset version error: assets/scripts/levelmanager.cs in SourceAssetDB has modification time of '2026-09-17T12:37:51.7670397Z' while content on disk has modification time of '2026-09-17T12:37:58.661Z'
  ERROR: Build asset version error: assets/scripts/levelmanager.cs in SourceAssetDB has modification time of '2026-09-17T12:37:51.7670397Z' while content on disk has modification time of '2026-09-17T12:37:58.661Z'
Number of updated asset objects reloaded before import = 0Number of asset objects unloaded after import = 0

========================================================================
Received Import Request.
  Time since last request: 0.000031 seconds.
  path: Assets/Scripts/LevelManager.cs
  artifactKey: Guid(1f9c91710e106d84186998d23ae1cf5f) Importer(815301076,1909f56bfc062723c751e8b465ee728b)
Start importing Assets/Scripts/LevelManager.cs using Guid(1f9c91710e106d84186998d23ae1cf5f) Importer(815301076,1909f56bfc062723c751e8b465ee728b) (PreviewImporter) -> (artifact id: '00000000000000000000000000000000') in 0.0007752 seconds
Import Error Code:(4)
Message: Build asset version error: assets/scripts/levelmanager.cs in SourceAssetDB has modification time of '2026-09-17T12:37:51.7670397Z' while content on disk has modification time of '2026-09-17T12:37:58.661Z'
  ERROR: Build asset version error: assets/scripts/levelmanager.cs in SourceAssetDB has modification time of '2026-09-17T12:37:51.7670397Z' while content on disk has modification time of '2026-09-17T12:37:58.661Z'
Number of updated asset objects reloaded before import = 0Number of asset objects unloaded after import = 0

========================================================================
Received Import Request.
  Time since last request: 0.000021 seconds.
  path: Assets/Scripts/LevelManager.cs
  artifactKey: Guid(1f9c91710e106d84186998d23ae1cf5f) Importer(815301076,1909f56bfc062723c751e8b465ee728b)
Start importing Assets/Scripts/LevelManager.cs using Guid(1f9c91710e106d84186998d23ae1cf5f) Importer(815301076,1909f56bfc062723c751e8b465ee728b) (PreviewImporter) -> (artifact id: '00000000000000000000000000000000') in 0.0020575 seconds
Import Error Code:(4)
Message: Build asset version error: assets/scripts/levelmanager.cs in SourceAssetDB has modification time of '2026-09-17T12:37:51.7670397Z' while content on disk has modification time of '2026-09-17T12:37:58.661Z'
  ERROR: Build asset version error: assets/scripts/levelmanager.cs in SourceAssetDB has modification time of '2026-09-17T12:37:51.7670397Z' while content on disk has modification time of '2026-09-17T12:37:58.661Z'
Number of updated asset objects reloaded before import = 0Number of asset objects unloaded after import = 0

========================================================================
Received Import Request.
  Time since last request: 0.000032 seconds.
  path: Assets/Scripts/LevelManager.cs
  artifactKey: Guid(1f9c91710e106d84186998d23ae1cf5f) Importer(815301076,1909f56bfc062723c751e8b465ee728b)
Start importing Assets/Scripts/LevelManager.cs using Guid(1f9c91710e106d84186998d23ae1cf5f) Importer(815301076,1909f56bfc062723c751e8b465ee728b) (PreviewImporter) -> (artifact id: '00000000000000000000000000000000') in 0.0008669 seconds
Import Error Code:(4)
Message: Build asset version error: assets/scripts/levelmanager.cs in SourceAssetDB has modification time of '2026-09-17T12:37:51.7670397Z' while content on disk has modification time of '2026-09-17T12:37:58.661Z'
  ERROR: Build asset version error: assets/scripts/levelmanager.cs in SourceAssetDB has modification time of '2026-09-17T12:37:51.7670397Z' while content on disk has modification time of '2026-09-17T12:37:58.661Z'
Number of updated asset objects reloaded before import = 0Number of asset objects unloaded after import = 0

========================================================================
Received Import Request.
  Time since last request: 0.000034 seconds.
  path: Assets/Scripts/LevelManager.cs
  artifactKey: Guid(1f9c91710e106d84186998d23ae1cf5f) Importer(815301076,1909f56bfc062723c751e8b465ee728b)
Start importing Assets/Scripts/LevelManager.cs using Guid(1f9c91710e106d84186998d23ae1cf5f) Importer(815301076,1909f56bfc062723c751e8b465ee728b) (PreviewImporter) -> (artifact id: '00000000000000000000000000000000') in 0.0007706 seconds
Import Error Code:(4)
Message: Build asset version error: assets/scripts/levelmanager.cs in SourceAssetDB has modification time of '2026-09-17T12:37:51.7670397Z' while content on disk has modification time of '2026-09-17T12:37:58.661Z'
  ERROR: Build asset version error: assets/scripts/levelmanager.cs in SourceAssetDB has modification time of '2026-09-17T12:37:51.7670397Z' while content on disk has modification time of '2026-09-17T12:37:58.661Z'
Number of updated asset objects reloaded before import = 0Number of asset objects unloaded after import = 0

========================================================================
Received Import Request.
  Time since last request: 0.000029 seconds.
  path: Assets/Scripts/LevelManager.cs
  artifactKey: Guid(1f9c91710e106d84186998d23ae1cf5f) Importer(815301076,1909f56bfc062723c751e8b465ee728b)
Start importing Assets/Scripts/LevelManager.cs using Guid(1f9c91710e106d84186998d23ae1cf5f) Importer(815301076,1909f56bfc062723c751e8b465ee728b) (PreviewImporter) -> (artifact id: '00000000000000000000000000000000') in 0.0008133 seconds
Import Error Code:(4)
Message: Build asset version error: assets/scripts/levelmanager.cs in SourceAssetDB has modification time of '2026-09-17T12:37:51.7670397Z' while content on disk has modification time of '2026-09-17T12:37:58.661Z'
  ERROR: Build asset version error: assets/scripts/levelmanager.cs in SourceAssetDB has modification time of '2026-09-17T12:37:51.7670397Z' while content on disk has modification time of '2026-09-17T12:37:58.661Z'
Number of updated asset objects reloaded before import = 0Number of asset objects unloaded after import = 0

========================================================================
Received Import Request.
  Time since last request: 0.000034 seconds.
  path: Assets/Scripts/LevelManager.cs
  artifactKey: Guid(1f9c91710e106d84186998d23ae1cf5f) Importer(815301076,1909f56bfc062723c751e8b465ee728b)
Start importing Assets/Scripts/LevelManager.cs using Guid(1f9c91710e106d84186998d23ae1cf5f) Importer(815301076,1909f56bfc062723c751e8b465ee728b) (PreviewImporter) -> (artifact id: '00000000000000000000000000000000') in 0.0010965 seconds
Import Error Code:(4)
Message: Build asset version error: assets/scripts/levelmanager.cs in SourceAssetDB has modification time of '2026-09-17T12:37:51.7670397Z' while content on disk has modification time of '2026-09-17T12:37:58.661Z'
  ERROR: Build asset version error: assets/scripts/levelmanager.cs in SourceAssetDB has modification time of '2026-09-17T12:37:51.7670397Z' while content on disk has modification time of '2026-09-17T12:37:58.661Z'
Number of updated asset objects reloaded before import = 0Number of asset objects unloaded after import = 0

========================================================================
Received Import Request.
  Time since last request: 0.000025 seconds.
  path: Assets/Scripts/LevelManager.cs
  artifactKey: Guid(1f9c91710e106d84186998d23ae1cf5f) Importer(815301076,1909f56bfc062723c751e8b465ee728b)
Start importing Assets/Scripts/LevelManager.cs using Guid(1f9c91710e106d84186998d23ae1cf5f) Importer(815301076,1909f56bfc062723c751e8b465ee728b) (PreviewImporter) -> (artifact id: '00000000000000000000000000000000') in 0.0007357 seconds
Import Error Code:(4)
Message: Build asset version error: assets/scripts/levelmanager.cs in SourceAssetDB has modification time of '2026-09-17T12:37:51.7670397Z' while content on disk has modification time of '2026-09-17T12:37:58.661Z'
  ERROR: Build asset version error: assets/scripts/levelmanager.cs in SourceAssetDB has modification time of '2026-09-17T12:37:51.7670397Z' while content on disk has modification time of '2026-09-17T12:37:58.661Z'
Number of updated asset objects reloaded before import = 0Number of asset objects unloaded after import = 0

========================================================================
Received Import Request.
  Time since last request: 0.000033 seconds.
  path: Assets/Scripts/LevelManager.cs
  artifactKey: Guid(1f9c91710e106d84186998d23ae1cf5f) Importer(815301076,1909f56bfc062723c751e8b465ee728b)
Start importing Assets/Scripts/LevelManager.cs using Guid(1f9c91710e106d84186998d23ae1cf5f) Importer(815301076,1909f56bfc062723c751e8b465ee728b) (PreviewImporter) -> (artifact id: '00000000000000000000000000000000') in 0.0011739 seconds
Import Error Code:(4)
Message: Build asset version error: assets/scripts/levelmanager.cs in SourceAssetDB has modification time of '2026-09-17T12:37:51.7670397Z' while content on disk has modification time of '2026-09-17T12:37:58.661Z'
  ERROR: Build asset version error: assets/scripts/levelmanager.cs in SourceAssetDB has modification time of '2026-09-17T12:37:51.7670397Z' while content on disk has modification time of '2026-09-17T12:37:58.661Z'
Number of updated asset objects reloaded before import = 0Number of asset objects unloaded after import = 0

========================================================================
Received Import Request.
  Time since last request: 0.000030 seconds.
  path: Assets/Scripts/LevelManager.cs
  artifactKey: Guid(1f9c91710e106d84186998d23ae1cf5f) Importer(815301076,1909f56bfc062723c751e8b465ee728b)
Start importing Assets/Scripts/LevelManager.cs using Guid(1f9c91710e106d84186998d23ae1cf5f) Importer(815301076,1909f56bfc062723c751e8b465ee728b) (PreviewImporter) -> (artifact id: '00000000000000000000000000000000') in 0.0014937 seconds
Import Error Code:(4)
Message: Build asset version error: assets/scripts/levelmanager.cs in SourceAssetDB has modification time of '2026-09-17T12:37:51.7670397Z' while content on disk has modification time of '2026-09-17T12:37:58.661Z'
  ERROR: Build asset version error: assets/scripts/levelmanager.cs in SourceAssetDB has modification time of '2026-09-17T12:37:51.7670397Z' while content on disk has modification time of '2026-09-17T12:37:58.661Z'
Number of updated asset objects reloaded before import = 0Number of asset objects unloaded after import = 0

========================================================================
Received Import Request.
  Time since last request: 0.000027 seconds.
  path: Assets/Scripts/LevelManager.cs
  artifactKey: Guid(1f9c91710e106d84186998d23ae1cf5f) Importer(815301076,1909f56bfc062723c751e8b465ee728b)
Start importing Assets/Scripts/LevelManager.cs using Guid(1f9c91710e106d84186998d23ae1cf5f) Importer(815301076,1909f56bfc062723c751e8b465ee728b) (PreviewImporter) -> (artifact id: '00000000000000000000000000000000') in 0.0007466 seconds
Import Error Code:(4)
Message: Build asset version error: assets/scripts/levelmanager.cs in SourceAssetDB has modification time of '2026-09-17T12:37:51.7670397Z' while content on disk has modification time of '2026-09-17T12:37:58.661Z'
  ERROR: Build asset version error: assets/scripts/levelmanager.cs in SourceAssetDB has modification time of '2026-09-17T12:37:51.7670397Z' while content on disk has modification time of '2026-09-17T12:37:58.661Z'
Number of updated asset objects reloaded before import = 0Number of asset objects unloaded after import = 0

========================================================================
Received Import Request.
  Time since last request: 0.000031 seconds.
  path: Assets/Scripts/LevelManager.cs
  artifactKey: Guid(1f9c91710e106d84186998d23ae1cf5f) Importer(815301076,1909f56bfc062723c751e8b465ee728b)
Start importing Assets/Scripts/LevelManager.cs using Guid(1f9c91710e106d84186998d23ae1cf5f) Importer(815301076,1909f56bfc062723c751e8b465ee728b) (PreviewImporter) -> (artifact id: '00000000000000000000000000000000') in 0.0009983 seconds
Import Error Code:(4)
Message: Build asset version error: assets/scripts/levelmanager.cs in SourceAssetDB has modification time of '2026-09-17T12:37:51.7670397Z' while content on disk has modification time of '2026-09-17T12:37:58.661Z'
  ERROR: Build asset version error: assets/scripts/levelmanager.cs in SourceAssetDB has modification time of '2026-09-17T12:37:51.7670397Z' while content on disk has modification time of '2026-09-17T12:37:58.661Z'
Number of updated asset objects reloaded before import = 0Number of asset objects unloaded after import = 0

========================================================================
Received Import Request.
  Time since last request: 0.000039 seconds.
  path: Assets/Scripts/LevelManager.cs
  artifactKey: Guid(1f9c91710e106d84186998d23ae1cf5f) Importer(815301076,1909f56bfc062723c751e8b465ee728b)
Start importing Assets/Scripts/LevelManager.cs using Guid(1f9c91710e106d84186998d23ae1cf5f) Importer(815301076,1909f56bfc062723c751e8b465ee728b) (PreviewImporter) -> (artifact id: '00000000000000000000000000000000') in 0.0006652 seconds
Import Error Code:(4)
Message: Build asset version error: assets/scripts/levelmanager.cs in SourceAssetDB has modification time of '2026-09-17T12:37:51.7670397Z' while content on disk has modification time of '2026-09-17T12:37:58.661Z'
  ERROR: Build asset version error: assets/scripts/levelmanager.cs in SourceAssetDB has modification time of '2026-09-17T12:37:51.7670397Z' while content on disk has modification time of '2026-09-17T12:37:58.661Z'
Number of updated asset objects reloaded before import = 0Number of asset objects unloaded after import = 0

========================================================================
Received Import Request.
  Time since last request: 0.000026 seconds.
  path: Assets/Scripts/LevelManager.cs
  artifactKey: Guid(1f9c91710e106d84186998d23ae1cf5f) Importer(815301076,1909f56bfc062723c751e8b465ee728b)
Start importing Assets/Scripts/LevelManager.cs using Guid(1f9c91710e106d84186998d23ae1cf5f) Importer(815301076,1909f56bfc062723c751e8b465ee728b) (PreviewImporter) -> (artifact id: '00000000000000000000000000000000') in 0.0007677 seconds
Import Error Code:(4)
Message: Build asset version error: assets/scripts/levelmanager.cs in SourceAssetDB has modification time of '2026-09-17T12:37:51.7670397Z' while content on disk has modification time of '2026-09-17T12:37:58.661Z'
  ERROR: Build asset version error: assets/scripts/levelmanager.cs in SourceAssetDB has modification time of '2026-09-17T12:37:51.7670397Z' while content on disk has modification time of '2026-09-17T12:37:58.661Z'
Number of updated asset objects reloaded before import = 0Number of asset objects unloaded after import = 0

========================================================================
Received Import Request.
  Time since last request: 0.000024 seconds.
  path: Assets/Scripts/LevelManager.cs
  artifactKey: Guid(1f9c91710e106d84186998d23ae1cf5f) Importer(815301076,1909f56bfc062723c751e8b465ee728b)
Start importing Assets/Scripts/LevelManager.cs using Guid(1f9c91710e106d84186998d23ae1cf5f) Importer(815301076,1909f56bfc062723c751e8b465ee728b) (PreviewImporter) -> (artifact id: '00000000000000000000000000000000') in 0.0006925 seconds
Import Error Code:(4)
Message: Build asset version error: assets/scripts/levelmanager.cs in SourceAssetDB has modification time of '2026-09-17T12:37:51.7670397Z' while content on disk has modification time of '2026-09-17T12:37:58.661Z'
  ERROR: Build asset version error: assets/scripts/levelmanager.cs in SourceAssetDB has modification time of '2026-09-17T12:37:51.7670397Z' while content on disk has modification time of '2026-09-17T12:37:58.661Z'
Number of updated asset objects reloaded before import = 0Number of asset objects unloaded after import = 0

========================================================================
Received Import Request.
  Time since last request: 0.000030 seconds.
  path: Assets/Scripts/LevelManager.cs
  artifactKey: Guid(1f9c91710e106d84186998d23ae1cf5f) Importer(815301076,1909f56bfc062723c751e8b465ee728b)
Start importing Assets/Scripts/LevelManager.cs using Guid(1f9c91710e106d84186998d23ae1cf5f) Importer(815301076,1909f56bfc062723c751e8b465ee728b) (PreviewImporter) -> (artifact id: '00000000000000000000000000000000') in 0.0006745 seconds
Import Error Code:(4)
Message: Build asset version error: assets/scripts/levelmanager.cs in SourceAssetDB has modification time of '2026-09-17T12:37:51.7670397Z' while content on disk has modification time of '2026-09-17T12:37:58.661Z'
  ERROR: Build asset version error: assets/scripts/levelmanager.cs in SourceAssetDB has modification time of '2026-09-17T12:37:51.7670397Z' while content on disk has modification time of '2026-09-17T12:37:58.661Z'
Number of updated asset objects reloaded before import = 0Number of asset objects unloaded after import = 0

========================================================================
Received Import Request.
  Time since last request: 0.000039 seconds.
  path: Assets/Scripts/LevelManager.cs
  artifactKey: Guid(1f9c91710e106d84186998d23ae1cf5f) Importer(815301076,1909f56bfc062723c751e8b465ee728b)
Start importing Assets/Scripts/LevelManager.cs using Guid(1f9c91710e106d84186998d23ae1cf5f) Importer(815301076,1909f56bfc062723c751e8b465ee728b) (PreviewImporter) -> (artifact id: '00000000000000000000000000000000') in 0.0009881 seconds
Import Error Code:(4)
Message: Build asset version error: assets/scripts/levelmanager.cs in SourceAssetDB has modification time of '2026-09-17T12:37:51.7670397Z' while content on disk has modification time of '2026-09-17T12:37:58.661Z'
  ERROR: Build asset version error: assets/scripts/levelmanager.cs in SourceAssetDB has modification time of '2026-09-17T12:37:51.7670397Z' while content on disk has modification time of '2026-09-17T12:37:58.661Z'
Number of updated asset objects reloaded before import = 0Number of asset objects unloaded after import = 0

========================================================================
Received Import Request.
  Time since last request: 0.000027 seconds.
  path: Assets/Scripts/LevelManager.cs
  artifactKey: Guid(1f9c91710e106d84186998d23ae1cf5f) Importer(815301076,1909f56bfc062723c751e8b465ee728b)
Start importing Assets/Scripts/LevelManager.cs using Guid(1f9c91710e106d84186998d23ae1cf5f) Importer(815301076,1909f56bfc062723c751e8b465ee728b) (PreviewImporter) -> (artifact id: '00000000000000000000000000000000') in 0.0007231 seconds
Import Error Code:(4)
Message: Build asset version error: assets/scripts/levelmanager.cs in SourceAssetDB has modification time of '2026-09-17T12:37:51.7670397Z' while content on disk has modification time of '2026-09-17T12:37:58.661Z'
  ERROR: Build asset version error: assets/scripts/levelmanager.cs in SourceAssetDB has modification time of '2026-09-17T12:37:51.7670397Z' while content on disk has modification time of '2026-09-17T12:37:58.661Z'
Number of updated asset objects reloaded before import = 0Number of asset objects unloaded after import = 0

========================================================================
Received Import Request.
  Time since last request: 0.000023 seconds.
  path: Assets/Scripts/LevelManager.cs
  artifactKey: Guid(1f9c91710e106d84186998d23ae1cf5f) Importer(815301076,1909f56bfc062723c751e8b465ee728b)
Start importing Assets/Scripts/LevelManager.cs using Guid(1f9c91710e106d84186998d23ae1cf5f) Importer(815301076,1909f56bfc062723c751e8b465ee728b) (PreviewImporter) -> (artifact id: '00000000000000000000000000000000') in 0.0009342 seconds
Import Error Code:(4)
Message: Build asset version error: assets/scripts/levelmanager.cs in SourceAssetDB has modification time of '2026-09-17T12:37:51.7670397Z' while content on disk has modification time of '2026-09-17T12:37:58.661Z'
  ERROR: Build asset version error: assets/scripts/levelmanager.cs in SourceAssetDB has modification time of '2026-09-17T12:37:51.7670397Z' while content on disk has modification time of '2026-09-17T12:37:58.661Z'
Number of updated asset objects reloaded before import = 0Number of asset objects unloaded after import = 0

========================================================================
Received Import Request.
  Time since last request: 0.000214 seconds.
  path: Assets/Scripts/LevelManager.cs
  artifactKey: Guid(1f9c91710e106d84186998d23ae1cf5f) Importer(815301076,1909f56bfc062723c751e8b465ee728b)
Start importing Assets/Scripts/LevelManager.cs using Guid(1f9c91710e106d84186998d23ae1cf5f) Importer(815301076,1909f56bfc062723c751e8b465ee728b) (PreviewImporter) -> (artifact id: '00000000000000000000000000000000') in 0.0008224 seconds
Import Error Code:(4)
Message: Build asset version error: assets/scripts/levelmanager.cs in SourceAssetDB has modification time of '2026-09-17T12:37:51.7670397Z' while content on disk has modification time of '2026-09-17T12:37:58.661Z'
  ERROR: Build asset version error: assets/scripts/levelmanager.cs in SourceAssetDB has modification time of '2026-09-17T12:37:51.7670397Z' while content on disk has modification time of '2026-09-17T12:37:58.661Z'
Number of updated asset objects reloaded before import = 0Number of asset objects unloaded after import = 0

========================================================================
Received Import Request.
  Time since last request: 0.000025 seconds.
  path: Assets/Scripts/LevelManager.cs
  artifactKey: Guid(1f9c91710e106d84186998d23ae1cf5f) Importer(815301076,1909f56bfc062723c751e8b465ee728b)
Start importing Assets/Scripts/LevelManager.cs using Guid(1f9c91710e106d84186998d23ae1cf5f) Importer(815301076,1909f56bfc062723c751e8b465ee728b) (PreviewImporter) -> (artifact id: '00000000000000000000000000000000') in 0.0006749 seconds
Import Error Code:(4)
Message: Build asset version error: assets/scripts/levelmanager.cs in SourceAssetDB has modification time of '2026-09-17T12:37:51.7670397Z' while content on disk has modification time of '2026-09-17T12:37:58.661Z'
  ERROR: Build asset version error: assets/scripts/levelmanager.cs in SourceAssetDB has modification time of '2026-09-17T12:37:51.7670397Z' while content on disk has modification time of '2026-09-17T12:37:58.661Z'
Number of updated asset objects reloaded before import = 0Number of asset objects unloaded after import = 0

========================================================================
Received Import Request.
  Time since last request: 0.000029 seconds.
  path: Assets/Scripts/LevelManager.cs
  artifactKey: Guid(1f9c91710e106d84186998d23ae1cf5f) Importer(815301076,1909f56bfc062723c751e8b465ee728b)
Start importing Assets/Scripts/LevelManager.cs using Guid(1f9c91710e106d84186998d23ae1cf5f) Importer(815301076,1909f56bfc062723c751e8b465ee728b) (PreviewImporter) -> (artifact id: '00000000000000000000000000000000') in 0.0006232 seconds
Import Error Code:(4)
Message: Build asset version error: assets/scripts/levelmanager.cs in SourceAssetDB has modification time of '2026-09-17T12:37:51.7670397Z' while content on disk has modification time of '2026-09-17T12:37:58.661Z'
  ERROR: Build asset version error: assets/scripts/levelmanager.cs in SourceAssetDB has modification time of '2026-09-17T12:37:51.7670397Z' while content on disk has modification time of '2026-09-17T12:37:58.661Z'
Number of updated asset objects reloaded before import = 0Number of asset objects unloaded after import = 0

========================================================================
Received Import Request.
  Time since last request: 0.000019 seconds.
  path: Assets/Scripts/LevelManager.cs
  artifactKey: Guid(1f9c91710e106d84186998d23ae1cf5f) Importer(815301076,1909f56bfc062723c751e8b465ee728b)
Start importing Assets/Scripts/LevelManager.cs using Guid(1f9c91710e106d84186998d23ae1cf5f) Importer(815301076,1909f56bfc062723c751e8b465ee728b) (PreviewImporter) -> (artifact id: '00000000000000000000000000000000') in 0.0006414 seconds
Import Error Code:(4)
Message: Build asset version error: assets/scripts/levelmanager.cs in SourceAssetDB has modification time of '2026-09-17T12:37:51.7670397Z' while content on disk has modification time of '2026-09-17T12:37:58.661Z'
  ERROR: Build asset version error: assets/scripts/levelmanager.cs in SourceAssetDB has modification time of '2026-09-17T12:37:51.7670397Z' while content on disk has modification time of '2026-09-17T12:37:58.661Z'
Number of updated asset objects reloaded before import = 0Number of asset objects unloaded after import = 0

========================================================================
Received Import Request.
  Time since last request: 0.000020 seconds.
  path: Assets/Scripts/LevelManager.cs
  artifactKey: Guid(1f9c91710e106d84186998d23ae1cf5f) Importer(815301076,1909f56bfc062723c751e8b465ee728b)
Start importing Assets/Scripts/LevelManager.cs using Guid(1f9c91710e106d84186998d23ae1cf5f) Importer(815301076,1909f56bfc062723c751e8b465ee728b) (PreviewImporter) -> (artifact id: '00000000000000000000000000000000') in 0.0008059 seconds
Import Error Code:(4)
Message: Build asset version error: assets/scripts/levelmanager.cs in SourceAssetDB has modification time of '2026-09-17T12:37:51.7670397Z' while content on disk has modification time of '2026-09-17T12:37:58.661Z'
  ERROR: Build asset version error: assets/scripts/levelmanager.cs in SourceAssetDB has modification time of '2026-09-17T12:37:51.7670397Z' while content on disk has modification time of '2026-09-17T12:37:58.661Z'
Number of updated asset objects reloaded before import = 0Number of asset objects unloaded after import = 0

========================================================================
Received Import Request.
  Time since last request: 0.000027 seconds.
  path: Assets/Scripts/LevelManager.cs
  artifactKey: Guid(1f9c91710e106d84186998d23ae1cf5f) Importer(815301076,1909f56bfc062723c751e8b465ee728b)
Start importing Assets/Scripts/LevelManager.cs using Guid(1f9c91710e106d84186998d23ae1cf5f) Importer(815301076,1909f56bfc062723c751e8b465ee728b) (PreviewImporter) -> (artifact id: '00000000000000000000000000000000') in 0.0005425 seconds
Import Error Code:(4)
Message: Build asset version error: assets/scripts/levelmanager.cs in SourceAssetDB has modification time of '2026-09-17T12:37:51.7670397Z' while content on disk has modification time of '2026-09-17T12:37:58.661Z'
  ERROR: Build asset version error: assets/scripts/levelmanager.cs in SourceAssetDB has modification time of '2026-09-17T12:37:51.7670397Z' while content on disk has modification time of '2026-09-17T12:37:58.661Z'
Number of updated asset objects reloaded before import = 0Number of asset objects unloaded after import = 0

========================================================================
Received Import Request.
  Time since last request: 0.000020 seconds.
  path: Assets/Scripts/LevelManager.cs
  artifactKey: Guid(1f9c91710e106d84186998d23ae1cf5f) Importer(815301076,1909f56bfc062723c751e8b465ee728b)
Start importing Assets/Scripts/LevelManager.cs using Guid(1f9c91710e106d84186998d23ae1cf5f) Importer(815301076,1909f56bfc062723c751e8b465ee728b) (PreviewImporter) -> (artifact id: '00000000000000000000000000000000') in 0.0005599 seconds
Import Error Code:(4)
Message: Build asset version error: assets/scripts/levelmanager.cs in SourceAssetDB has modification time of '2026-09-17T12:37:51.7670397Z' while content on disk has modification time of '2026-09-17T12:37:58.661Z'
  ERROR: Build asset version error: assets/scripts/levelmanager.cs in SourceAssetDB has modification time of '2026-09-17T12:37:51.7670397Z' while content on disk has modification time of '2026-09-17T12:37:58.661Z'
Number of updated asset objects reloaded before import = 0Number of asset objects unloaded after import = 0

========================================================================
Received Import Request.
  Time since last request: 0.000021 seconds.
  path: Assets/Scripts/LevelManager.cs
  artifactKey: Guid(1f9c91710e106d84186998d23ae1cf5f) Importer(815301076,1909f56bfc062723c751e8b465ee728b)
Start importing Assets/Scripts/LevelManager.cs using Guid(1f9c91710e106d84186998d23ae1cf5f) Importer(815301076,1909f56bfc062723c751e8b465ee728b) (PreviewImporter) -> (artifact id: '00000000000000000000000000000000') in 0.0011254 seconds
Import Error Code:(4)
Message: Build asset version error: assets/scripts/levelmanager.cs in SourceAssetDB has modification time of '2026-09-17T12:37:51.7670397Z' while content on disk has modification time of '2026-09-17T12:37:58.661Z'
  ERROR: Build asset version error: assets/scripts/levelmanager.cs in SourceAssetDB has modification time of '2026-09-17T12:37:51.7670397Z' while content on disk has modification time of '2026-09-17T12:37:58.661Z'
Number of updated asset objects reloaded before import = 0Number of asset objects unloaded after import = 0

========================================================================
Received Import Request.
  Time since last request: 0.000031 seconds.
  path: Assets/Scripts/LevelManager.cs
  artifactKey: Guid(1f9c91710e106d84186998d23ae1cf5f) Importer(815301076,1909f56bfc062723c751e8b465ee728b)
Start importing Assets/Scripts/LevelManager.cs using Guid(1f9c91710e106d84186998d23ae1cf5f) Importer(815301076,1909f56bfc062723c751e8b465ee728b) (PreviewImporter) -> (artifact id: '00000000000000000000000000000000') in 0.0007079 seconds
Import Error Code:(4)
Message: Build asset version error: assets/scripts/levelmanager.cs in SourceAssetDB has modification time of '2026-09-17T12:37:51.7670397Z' while content on disk has modification time of '2026-09-17T12:37:58.661Z'
  ERROR: Build asset version error: assets/scripts/levelmanager.cs in SourceAssetDB has modification time of '2026-09-17T12:37:51.7670397Z' while content on disk has modification time of '2026-09-17T12:37:58.661Z'
Number of updated asset objects reloaded before import = 0Number of asset objects unloaded after import = 0

========================================================================
Received Import Request.
  Time since last request: 0.000022 seconds.
  path: Assets/Scripts/LevelManager.cs
  artifactKey: Guid(1f9c91710e106d84186998d23ae1cf5f) Importer(815301076,1909f56bfc062723c751e8b465ee728b)
Start importing Assets/Scripts/LevelManager.cs using Guid(1f9c91710e106d84186998d23ae1cf5f) Importer(815301076,1909f56bfc062723c751e8b465ee728b) (PreviewImporter) -> (artifact id: '00000000000000000000000000000000') in 0.0005348 seconds
Import Error Code:(4)
Message: Build asset version error: assets/scripts/levelmanager.cs in SourceAssetDB has modification time of '2026-09-17T12:37:51.7670397Z' while content on disk has modification time of '2026-09-17T12:37:58.661Z'
  ERROR: Build asset version error: assets/scripts/levelmanager.cs in SourceAssetDB has modification time of '2026-09-17T12:37:51.7670397Z' while content on disk has modification time of '2026-09-17T12:37:58.661Z'
Number of updated asset objects reloaded before import = 0Number of asset objects unloaded after import = 0

========================================================================
Received Import Request.
  Time since last request: 0.000019 seconds.
  path: Assets/Scripts/LevelManager.cs
  artifactKey: Guid(1f9c91710e106d84186998d23ae1cf5f) Importer(815301076,1909f56bfc062723c751e8b465ee728b)
Start importing Assets/Scripts/LevelManager.cs using Guid(1f9c91710e106d84186998d23ae1cf5f) Importer(815301076,1909f56bfc062723c751e8b465ee728b) (PreviewImporter) -> (artifact id: '00000000000000000000000000000000') in 0.0005453 seconds
Import Error Code:(4)
Message: Build asset version error: assets/scripts/levelmanager.cs in SourceAssetDB has modification time of '2026-09-17T12:37:51.7670397Z' while content on disk has modification time of '2026-09-17T12:37:58.661Z'
  ERROR: Build asset version error: assets/scripts/levelmanager.cs in SourceAssetDB has modification time of '2026-09-17T12:37:51.7670397Z' while content on disk has modification time of '2026-09-17T12:37:58.661Z'
Number of updated asset objects reloaded before import = 0Number of asset objects unloaded after import = 0

========================================================================
Received Import Request.
  Time since last request: 0.000019 seconds.
  path: Assets/Scripts/LevelManager.cs
  artifactKey: Guid(1f9c91710e106d84186998d23ae1cf5f) Importer(815301076,1909f56bfc062723c751e8b465ee728b)
Start importing Assets/Scripts/LevelManager.cs using Guid(1f9c91710e106d84186998d23ae1cf5f) Importer(815301076,1909f56bfc062723c751e8b465ee728b) (PreviewImporter) -> (artifact id: '00000000000000000000000000000000') in 0.0005915 seconds
Import Error Code:(4)
Message: Build asset version error: assets/scripts/levelmanager.cs in SourceAssetDB has modification time of '2026-09-17T12:37:51.7670397Z' while content on disk has modification time of '2026-09-17T12:37:58.661Z'
  ERROR: Build asset version error: assets/scripts/levelmanager.cs in SourceAssetDB has modification time of '2026-09-17T12:37:51.7670397Z' while content on disk has modification time of '2026-09-17T12:37:58.661Z'
Number of updated asset objects reloaded before import = 0Number of asset objects unloaded after import = 0

========================================================================
Received Import Request.
  Time since last request: 0.000020 seconds.
  path: Assets/Scripts/LevelManager.cs
  artifactKey: Guid(1f9c91710e106d84186998d23ae1cf5f) Importer(815301076,1909f56bfc062723c751e8b465ee728b)
Start importing Assets/Scripts/LevelManager.cs using Guid(1f9c91710e106d84186998d23ae1cf5f) Importer(815301076,1909f56bfc062723c751e8b465ee728b) (PreviewImporter) -> (artifact id: '00000000000000000000000000000000') in 0.0005796 seconds
Import Error Code:(4)
Message: Build asset version error: assets/scripts/levelmanager.cs in SourceAssetDB has modification time of '2026-09-17T12:37:51.7670397Z' while content on disk has modification time of '2026-09-17T12:37:58.661Z'
  ERROR: Build asset version error: assets/scripts/levelmanager.cs in SourceAssetDB has modification time of '2026-09-17T12:37:51.7670397Z' while content on disk has modification time of '2026-09-17T12:37:58.661Z'
Number of updated asset objects reloaded before import = 0Number of asset objects unloaded after import = 0

========================================================================
Received Import Request.
  Time since last request: 0.000031 seconds.
  path: Assets/Scripts/LevelManager.cs
  artifactKey: Guid(1f9c91710e106d84186998d23ae1cf5f) Importer(815301076,1909f56bfc062723c751e8b465ee728b)
Start importing Assets/Scripts/LevelManager.cs using Guid(1f9c91710e106d84186998d23ae1cf5f) Importer(815301076,1909f56bfc062723c751e8b465ee728b) (PreviewImporter) -> (artifact id: '00000000000000000000000000000000') in 0.0005706 seconds
Import Error Code:(4)
Message: Build asset version error: assets/scripts/levelmanager.cs in SourceAssetDB has modification time of '2026-09-17T12:37:51.7670397Z' while content on disk has modification time of '2026-09-17T12:37:58.661Z'
  ERROR: Build asset version error: assets/scripts/levelmanager.cs in SourceAssetDB has modification time of '2026-09-17T12:37:51.7670397Z' while content on disk has modification time of '2026-09-17T12:37:58.661Z'
Number of updated asset objects reloaded before import = 0Number of asset objects unloaded after import = 0

========================================================================
Received Import Request.
  Time since last request: 0.000024 seconds.
  path: Assets/Scripts/LevelManager.cs
  artifactKey: Guid(1f9c91710e106d84186998d23ae1cf5f) Importer(815301076,1909f56bfc062723c751e8b465ee728b)
Start importing Assets/Scripts/LevelManager.cs using Guid(1f9c91710e106d84186998d23ae1cf5f) Importer(815301076,1909f56bfc062723c751e8b465ee728b) (PreviewImporter) -> (artifact id: '00000000000000000000000000000000') in 0.0009284 seconds
Import Error Code:(4)
Message: Build asset version error: assets/scripts/levelmanager.cs in SourceAssetDB has modification time of '2026-09-17T12:37:51.7670397Z' while content on disk has modification time of '2026-09-17T12:37:58.661Z'
  ERROR: Build asset version error: assets/scripts/levelmanager.cs in SourceAssetDB has modification time of '2026-09-17T12:37:51.7670397Z' while content on disk has modification time of '2026-09-17T12:37:58.661Z'
Number of updated asset objects reloaded before import = 0Number of asset objects unloaded after import = 0

========================================================================
Received Import Request.
  Time since last request: 0.000021 seconds.
  path: Assets/Scripts/LevelManager.cs
  artifactKey: Guid(1f9c91710e106d84186998d23ae1cf5f) Importer(815301076,1909f56bfc062723c751e8b465ee728b)
Start importing Assets/Scripts/LevelManager.cs using Guid(1f9c91710e106d84186998d23ae1cf5f) Importer(815301076,1909f56bfc062723c751e8b465ee728b) (PreviewImporter) -> (artifact id: '00000000000000000000000000000000') in 0.0006941 seconds
Import Error Code:(4)
Message: Build asset version error: assets/scripts/levelmanager.cs in SourceAssetDB has modification time of '2026-09-17T12:37:51.7670397Z' while content on disk has modification time of '2026-09-17T12:37:58.661Z'
  ERROR: Build asset version error: assets/scripts/levelmanager.cs in SourceAssetDB has modification time of '2026-09-17T12:37:51.7670397Z' while content on disk has modification time of '2026-09-17T12:37:58.661Z'
Number of updated asset objects reloaded before import = 0Number of asset objects unloaded after import = 0

========================================================================
Received Import Request.
  Time since last request: 0.000023 seconds.
  path: Assets/Scripts/LevelManager.cs
  artifactKey: Guid(1f9c91710e106d84186998d23ae1cf5f) Importer(815301076,1909f56bfc062723c751e8b465ee728b)
Start importing Assets/Scripts/LevelManager.cs using Guid(1f9c91710e106d84186998d23ae1cf5f) Importer(815301076,1909f56bfc062723c751e8b465ee728b) (PreviewImporter) -> (artifact id: '00000000000000000000000000000000') in 0.0005604 seconds
Import Error Code:(4)
Message: Build asset version error: assets/scripts/levelmanager.cs in SourceAssetDB has modification time of '2026-09-17T12:37:51.7670397Z' while content on disk has modification time of '2026-09-17T12:37:58.661Z'
  ERROR: Build asset version error: assets/scripts/levelmanager.cs in SourceAssetDB has modification time of '2026-09-17T12:37:51.7670397Z' while content on disk has modification time of '2026-09-17T12:37:58.661Z'
Number of updated asset objects reloaded before import = 0Number of asset objects unloaded after import = 0

========================================================================
Received Import Request.
  Time since last request: 0.000023 seconds.
  path: Assets/Scripts/LevelManager.cs
  artifactKey: Guid(1f9c91710e106d84186998d23ae1cf5f) Importer(815301076,1909f56bfc062723c751e8b465ee728b)
Start importing Assets/Scripts/LevelManager.cs using Guid(1f9c91710e106d84186998d23ae1cf5f) Importer(815301076,1909f56bfc062723c751e8b465ee728b) (PreviewImporter) -> (artifact id: '00000000000000000000000000000000') in 0.0006391 seconds
Import Error Code:(4)
Message: Build asset version error: assets/scripts/levelmanager.cs in SourceAssetDB has modification time of '2026-09-17T12:37:51.7670397Z' while content on disk has modification time of '2026-09-17T12:37:58.661Z'
  ERROR: Build asset version error: assets/scripts/levelmanager.cs in SourceAssetDB has modification time of '2026-09-17T12:37:51.7670397Z' while content on disk has modification time of '2026-09-17T12:37:58.661Z'
Number of updated asset objects reloaded before import = 0Number of asset objects unloaded after import = 0

========================================================================
Received Import Request.
  Time since last request: 0.000059 seconds.
  path: Assets/Scripts/LevelManager.cs
  artifactKey: Guid(1f9c91710e106d84186998d23ae1cf5f) Importer(815301076,1909f56bfc062723c751e8b465ee728b)
Start importing Assets/Scripts/LevelManager.cs using Guid(1f9c91710e106d84186998d23ae1cf5f) Importer(815301076,1909f56bfc062723c751e8b465ee728b) (PreviewImporter) -> (artifact id: '00000000000000000000000000000000') in 0.0008931 seconds
Import Error Code:(4)
Message: Build asset version error: assets/scripts/levelmanager.cs in SourceAssetDB has modification time of '2026-09-17T12:37:51.7670397Z' while content on disk has modification time of '2026-09-17T12:37:58.661Z'
  ERROR: Build asset version error: assets/scripts/levelmanager.cs in SourceAssetDB has modification time of '2026-09-17T12:37:51.7670397Z' while content on disk has modification time of '2026-09-17T12:37:58.661Z'
Number of updated asset objects reloaded before import = 0Number of asset objects unloaded after import = 0

========================================================================
Received Import Request.
  Time since last request: 0.000041 seconds.
  path: Assets/Scripts/LevelManager.cs
  artifactKey: Guid(1f9c91710e106d84186998d23ae1cf5f) Importer(815301076,1909f56bfc062723c751e8b465ee728b)
Start importing Assets/Scripts/LevelManager.cs using Guid(1f9c91710e106d84186998d23ae1cf5f) Importer(815301076,1909f56bfc062723c751e8b465ee728b) (PreviewImporter) -> (artifact id: '00000000000000000000000000000000') in 0.0010018 seconds
Import Error Code:(4)
Message: Build asset version error: assets/scripts/levelmanager.cs in SourceAssetDB has modification time of '2026-09-17T12:37:51.7670397Z' while content on disk has modification time of '2026-09-17T12:37:58.661Z'
  ERROR: Build asset version error: assets/scripts/levelmanager.cs in SourceAssetDB has modification time of '2026-09-17T12:37:51.7670397Z' while content on disk has modification time of '2026-09-17T12:37:58.661Z'
Number of updated asset objects reloaded before import = 0Number of asset objects unloaded after import = 0

========================================================================
Received Import Request.
  Time since last request: 0.000036 seconds.
  path: Assets/Scripts/LevelManager.cs
  artifactKey: Guid(1f9c91710e106d84186998d23ae1cf5f) Importer(815301076,1909f56bfc062723c751e8b465ee728b)
Start importing Assets/Scripts/LevelManager.cs using Guid(1f9c91710e106d84186998d23ae1cf5f) Importer(815301076,1909f56bfc062723c751e8b465ee728b) (PreviewImporter) -> (artifact id: '00000000000000000000000000000000') in 0.0007944 seconds
Import Error Code:(4)
Message: Build asset version error: assets/scripts/levelmanager.cs in SourceAssetDB has modification time of '2026-09-17T12:37:51.7670397Z' while content on disk has modification time of '2026-09-17T12:37:58.661Z'
  ERROR: Build asset version error: assets/scripts/levelmanager.cs in SourceAssetDB has modification time of '2026-09-17T12:37:51.7670397Z' while content on disk has modification time of '2026-09-17T12:37:58.661Z'
Number of updated asset objects reloaded before import = 0Number of asset objects unloaded after import = 0

========================================================================
Received Import Request.
  Time since last request: 0.000020 seconds.
  path: Assets/Scripts/LevelManager.cs
  artifactKey: Guid(1f9c91710e106d84186998d23ae1cf5f) Importer(815301076,1909f56bfc062723c751e8b465ee728b)
Start importing Assets/Scripts/LevelManager.cs using Guid(1f9c91710e106d84186998d23ae1cf5f) Importer(815301076,1909f56bfc062723c751e8b465ee728b) (PreviewImporter) -> (artifact id: '00000000000000000000000000000000') in 0.0007239 seconds
Import Error Code:(4)
Message: Build asset version error: assets/scripts/levelmanager.cs in SourceAssetDB has modification time of '2026-09-17T12:37:51.7670397Z' while content on disk has modification time of '2026-09-17T12:37:58.661Z'
  ERROR: Build asset version error: assets/scripts/levelmanager.cs in SourceAssetDB has modification time of '2026-09-17T12:37:51.7670397Z' while content on disk has modification time of '2026-09-17T12:37:58.661Z'
Number of updated asset objects reloaded before import = 0Number of asset objects unloaded after import = 0

========================================================================
Received Import Request.
  Time since last request: 0.019799 seconds.
  path: Assets/Scripts/LevelManager.cs
  artifactKey: Guid(1f9c91710e106d84186998d23ae1cf5f) Importer(815301076,1909f56bfc062723c751e8b465ee728b)
Start importing Assets/Scripts/LevelManager.cs using Guid(1f9c91710e106d84186998d23ae1cf5f) Importer(815301076,1909f56bfc062723c751e8b465ee728b) (PreviewImporter) -> (artifact id: '00000000000000000000000000000000') in 0.0008575 seconds
Import Error Code:(4)
Message: Build asset version error: assets/scripts/levelmanager.cs in SourceAssetDB has modification time of '2026-09-17T12:37:51.7670397Z' while content on disk has modification time of '2026-09-17T12:37:58.661Z'
  ERROR: Build asset version error: assets/scripts/levelmanager.cs in SourceAssetDB has modification time of '2026-09-17T12:37:51.7670397Z' while content on disk has modification time of '2026-09-17T12:37:58.661Z'
Number of updated asset objects reloaded before import = 0Number of asset objects unloaded after import = 0

========================================================================
Received Import Request.
  Time since last request: 0.000021 seconds.
  path: Assets/Scripts/LevelManager.cs
  artifactKey: Guid(1f9c91710e106d84186998d23ae1cf5f) Importer(815301076,1909f56bfc062723c751e8b465ee728b)
Start importing Assets/Scripts/LevelManager.cs using Guid(1f9c91710e106d84186998d23ae1cf5f) Importer(815301076,1909f56bfc062723c751e8b465ee728b) (PreviewImporter) -> (artifact id: '00000000000000000000000000000000') in 0.0007052 seconds
Import Error Code:(4)
Message: Build asset version error: assets/scripts/levelmanager.cs in SourceAssetDB has modification time of '2026-09-17T12:37:51.7670397Z' while content on disk has modification time of '2026-09-17T12:37:58.661Z'
  ERROR: Build asset version error: assets/scripts/levelmanager.cs in SourceAssetDB has modification time of '2026-09-17T12:37:51.7670397Z' while content on disk has modification time of '2026-09-17T12:37:58.661Z'
Number of updated asset objects reloaded before import = 0Number of asset objects unloaded after import = 0

========================================================================
Received Import Request.
  Time since last request: 0.000040 seconds.
  path: Assets/Scripts/LevelManager.cs
  artifactKey: Guid(1f9c91710e106d84186998d23ae1cf5f) Importer(815301076,1909f56bfc062723c751e8b465ee728b)
Start importing Assets/Scripts/LevelManager.cs using Guid(1f9c91710e106d84186998d23ae1cf5f) Importer(815301076,1909f56bfc062723c751e8b465ee728b) (PreviewImporter) -> (artifact id: '00000000000000000000000000000000') in 0.0008229 seconds
Import Error Code:(4)
Message: Build asset version error: assets/scripts/levelmanager.cs in SourceAssetDB has modification time of '2026-09-17T12:37:51.7670397Z' while content on disk has modification time of '2026-09-17T12:37:58.661Z'
  ERROR: Build asset version error: assets/scripts/levelmanager.cs in SourceAssetDB has modification time of '2026-09-17T12:37:51.7670397Z' while content on disk has modification time of '2026-09-17T12:37:58.661Z'
Number of updated asset objects reloaded before import = 0Number of asset objects unloaded after import = 0

========================================================================
Received Import Request.
  Time since last request: 0.000022 seconds.
  path: Assets/Scripts/LevelManager.cs
  artifactKey: Guid(1f9c91710e106d84186998d23ae1cf5f) Importer(815301076,1909f56bfc062723c751e8b465ee728b)
Start importing Assets/Scripts/LevelManager.cs using Guid(1f9c91710e106d84186998d23ae1cf5f) Importer(815301076,1909f56bfc062723c751e8b465ee728b) (PreviewImporter) -> (artifact id: '00000000000000000000000000000000') in 0.0008777 seconds
Import Error Code:(4)
Message: Build asset version error: assets/scripts/levelmanager.cs in SourceAssetDB has modification time of '2026-09-17T12:37:51.7670397Z' while content on disk has modification time of '2026-09-17T12:37:58.661Z'
  ERROR: Build asset version error: assets/scripts/levelmanager.cs in SourceAssetDB has modification time of '2026-09-17T12:37:51.7670397Z' while content on disk has modification time of '2026-09-17T12:37:58.661Z'
Number of updated asset objects reloaded before import = 0Number of asset objects unloaded after import = 0

========================================================================
Received Import Request.
  Time since last request: 0.000062 seconds.
  path: Assets/Scripts/LevelManager.cs
  artifactKey: Guid(1f9c91710e106d84186998d23ae1cf5f) Importer(815301076,1909f56bfc062723c751e8b465ee728b)
Start importing Assets/Scripts/LevelManager.cs using Guid(1f9c91710e106d84186998d23ae1cf5f) Importer(815301076,1909f56bfc062723c751e8b465ee728b) (PreviewImporter) -> (artifact id: '00000000000000000000000000000000') in 0.000672 seconds
Import Error Code:(4)
Message: Build asset version error: assets/scripts/levelmanager.cs in SourceAssetDB has modification time of '2026-09-17T12:37:51.7670397Z' while content on disk has modification time of '2026-09-17T12:37:58.661Z'
  ERROR: Build asset version error: assets/scripts/levelmanager.cs in SourceAssetDB has modification time of '2026-09-17T12:37:51.7670397Z' while content on disk has modification time of '2026-09-17T12:37:58.661Z'
Number of updated asset objects reloaded before import = 0Number of asset objects unloaded after import = 0

========================================================================
Received Import Request.
  Time since last request: 0.000031 seconds.
  path: Assets/Scripts/LevelManager.cs
  artifactKey: Guid(1f9c91710e106d84186998d23ae1cf5f) Importer(815301076,1909f56bfc062723c751e8b465ee728b)
Start importing Assets/Scripts/LevelManager.cs using Guid(1f9c91710e106d84186998d23ae1cf5f) Importer(815301076,1909f56bfc062723c751e8b465ee728b) (PreviewImporter) -> (artifact id: '00000000000000000000000000000000') in 0.000695 seconds
Import Error Code:(4)
Message: Build asset version error: assets/scripts/levelmanager.cs in SourceAssetDB has modification time of '2026-09-17T12:37:51.7670397Z' while content on disk has modification time of '2026-09-17T12:37:58.661Z'
  ERROR: Build asset version error: assets/scripts/levelmanager.cs in SourceAssetDB has modification time of '2026-09-17T12:37:51.7670397Z' while content on disk has modification time of '2026-09-17T12:37:58.661Z'
Number of updated asset objects reloaded before import = 0Number of asset objects unloaded after import = 0

========================================================================
Received Import Request.
  Time since last request: 0.000025 seconds.
  path: Assets/Scripts/LevelManager.cs
  artifactKey: Guid(1f9c91710e106d84186998d23ae1cf5f) Importer(815301076,1909f56bfc062723c751e8b465ee728b)
Start importing Assets/Scripts/LevelManager.cs using Guid(1f9c91710e106d84186998d23ae1cf5f) Importer(815301076,1909f56bfc062723c751e8b465ee728b) (PreviewImporter) -> (artifact id: '00000000000000000000000000000000') in 0.0007504 seconds
Import Error Code:(4)
Message: Build asset version error: assets/scripts/levelmanager.cs in SourceAssetDB has modification time of '2026-09-17T12:37:51.7670397Z' while content on disk has modification time of '2026-09-17T12:37:58.661Z'
  ERROR: Build asset version error: assets/scripts/levelmanager.cs in SourceAssetDB has modification time of '2026-09-17T12:37:51.7670397Z' while content on disk has modification time of '2026-09-17T12:37:58.661Z'
Number of updated asset objects reloaded before import = 0Number of asset objects unloaded after import = 0

========================================================================
Received Import Request.
  Time since last request: 0.000022 seconds.
  path: Assets/Scripts/LevelManager.cs
  artifactKey: Guid(1f9c91710e106d84186998d23ae1cf5f) Importer(815301076,1909f56bfc062723c751e8b465ee728b)
Start importing Assets/Scripts/LevelManager.cs using Guid(1f9c91710e106d84186998d23ae1cf5f) Importer(815301076,1909f56bfc062723c751e8b465ee728b) (PreviewImporter) -> (artifact id: '00000000000000000000000000000000') in 0.0007183 seconds
Import Error Code:(4)
Message: Build asset version error: assets/scripts/levelmanager.cs in SourceAssetDB has modification time of '2026-09-17T12:37:51.7670397Z' while content on disk has modification time of '2026-09-17T12:37:58.661Z'
  ERROR: Build asset version error: assets/scripts/levelmanager.cs in SourceAssetDB has modification time of '2026-09-17T12:37:51.7670397Z' while content on disk has modification time of '2026-09-17T12:37:58.661Z'
Number of updated asset objects reloaded before import = 0Number of asset objects unloaded after import = 0

========================================================================
Received Import Request.
  Time since last request: 0.000021 seconds.
  path: Assets/Scripts/LevelManager.cs
  artifactKey: Guid(1f9c91710e106d84186998d23ae1cf5f) Importer(815301076,1909f56bfc062723c751e8b465ee728b)
Start importing Assets/Scripts/LevelManager.cs using Guid(1f9c91710e106d84186998d23ae1cf5f) Importer(815301076,1909f56bfc062723c751e8b465ee728b) (PreviewImporter) -> (artifact id: '00000000000000000000000000000000') in 0.0007286 seconds
Import Error Code:(4)
Message: Build asset version error: assets/scripts/levelmanager.cs in SourceAssetDB has modification time of '2026-09-17T12:37:51.7670397Z' while content on disk has modification time of '2026-09-17T12:37:58.661Z'
  ERROR: Build asset version error: assets/scripts/levelmanager.cs in SourceAssetDB has modification time of '2026-09-17T12:37:51.7670397Z' while content on disk has modification time of '2026-09-17T12:37:58.661Z'
Number of updated asset objects reloaded before import = 0Number of asset objects unloaded after import = 0

========================================================================
Received Import Request.
  Time since last request: 0.000029 seconds.
  path: Assets/Scripts/LevelManager.cs
  artifactKey: Guid(1f9c91710e106d84186998d23ae1cf5f) Importer(815301076,1909f56bfc062723c751e8b465ee728b)
Start importing Assets/Scripts/LevelManager.cs using Guid(1f9c91710e106d84186998d23ae1cf5f) Importer(815301076,1909f56bfc062723c751e8b465ee728b) (PreviewImporter) -> (artifact id: '00000000000000000000000000000000') in 0.0014008 seconds
Import Error Code:(4)
Message: Build asset version error: assets/scripts/levelmanager.cs in SourceAssetDB has modification time of '2026-09-17T12:37:51.7670397Z' while content on disk has modification time of '2026-09-17T12:37:58.661Z'
  ERROR: Build asset version error: assets/scripts/levelmanager.cs in SourceAssetDB has modification time of '2026-09-17T12:37:51.7670397Z' while content on disk has modification time of '2026-09-17T12:37:58.661Z'
Number of updated asset objects reloaded before import = 0Number of asset objects unloaded after import = 0

========================================================================
Received Import Request.
  Time since last request: 0.000033 seconds.
  path: Assets/Scripts/LevelManager.cs
  artifactKey: Guid(1f9c91710e106d84186998d23ae1cf5f) Importer(815301076,1909f56bfc062723c751e8b465ee728b)
Start importing Assets/Scripts/LevelManager.cs using Guid(1f9c91710e106d84186998d23ae1cf5f) Importer(815301076,1909f56bfc062723c751e8b465ee728b) (PreviewImporter) -> (artifact id: '00000000000000000000000000000000') in 0.0006503 seconds
Import Error Code:(4)
Message: Build asset version error: assets/scripts/levelmanager.cs in SourceAssetDB has modification time of '2026-09-17T12:37:51.7670397Z' while content on disk has modification time of '2026-09-17T12:37:58.661Z'
  ERROR: Build asset version error: assets/scripts/levelmanager.cs in SourceAssetDB has modification time of '2026-09-17T12:37:51.7670397Z' while content on disk has modification time of '2026-09-17T12:37:58.661Z'
Number of updated asset objects reloaded before import = 0Number of asset objects unloaded after import = 0

========================================================================
Received Import Request.
  Time since last request: 0.000022 seconds.
  path: Assets/Scripts/LevelManager.cs
  artifactKey: Guid(1f9c91710e106d84186998d23ae1cf5f) Importer(815301076,1909f56bfc062723c751e8b465ee728b)
Start importing Assets/Scripts/LevelManager.cs using Guid(1f9c91710e106d84186998d23ae1cf5f) Importer(815301076,1909f56bfc062723c751e8b465ee728b) (PreviewImporter) -> (artifact id: '00000000000000000000000000000000') in 0.0007529 seconds
Import Error Code:(4)
Message: Build asset version error: assets/scripts/levelmanager.cs in SourceAssetDB has modification time of '2026-09-17T12:37:51.7670397Z' while content on disk has modification time of '2026-09-17T12:37:58.661Z'
  ERROR: Build asset version error: assets/scripts/levelmanager.cs in SourceAssetDB has modification time of '2026-09-17T12:37:51.7670397Z' while content on disk has modification time of '2026-09-17T12:37:58.661Z'
Number of updated asset objects reloaded before import = 0Number of asset objects unloaded after import = 0

========================================================================
Received Import Request.
  Time since last request: 0.000023 seconds.
  path: Assets/Scripts/LevelManager.cs
  artifactKey: Guid(1f9c91710e106d84186998d23ae1cf5f) Importer(815301076,1909f56bfc062723c751e8b465ee728b)
Start importing Assets/Scripts/LevelManager.cs using Guid(1f9c91710e106d84186998d23ae1cf5f) Importer(815301076,1909f56bfc062723c751e8b465ee728b) (PreviewImporter) -> (artifact id: '00000000000000000000000000000000') in 0.0007118 seconds
Import Error Code:(4)
Message: Build asset version error: assets/scripts/levelmanager.cs in SourceAssetDB has modification time of '2026-09-17T12:37:51.7670397Z' while content on disk has modification time of '2026-09-17T12:37:58.661Z'
  ERROR: Build asset version error: assets/scripts/levelmanager.cs in SourceAssetDB has modification time of '2026-09-17T12:37:51.7670397Z' while content on disk has modification time of '2026-09-17T12:37:58.661Z'
Number of updated asset objects reloaded before import = 0Number of asset objects unloaded after import = 0

========================================================================
Received Import Request.
  Time since last request: 0.000022 seconds.
  path: Assets/Scripts/LevelManager.cs
  artifactKey: Guid(1f9c91710e106d84186998d23ae1cf5f) Importer(815301076,1909f56bfc062723c751e8b465ee728b)
Start importing Assets/Scripts/LevelManager.cs using Guid(1f9c91710e106d84186998d23ae1cf5f) Importer(815301076,1909f56bfc062723c751e8b465ee728b) (PreviewImporter) -> (artifact id: '00000000000000000000000000000000') in 0.0008385 seconds
Import Error Code:(4)
Message: Build asset version error: assets/scripts/levelmanager.cs in SourceAssetDB has modification time of '2026-09-17T12:37:51.7670397Z' while content on disk has modification time of '2026-09-17T12:37:58.661Z'
  ERROR: Build asset version error: assets/scripts/levelmanager.cs in SourceAssetDB has modification time of '2026-09-17T12:37:51.7670397Z' while content on disk has modification time of '2026-09-17T12:37:58.661Z'
Number of updated asset objects reloaded before import = 0Number of asset objects unloaded after import = 0

========================================================================
Received Import Request.
  Time since last request: 0.000029 seconds.
  path: Assets/Scripts/LevelManager.cs
  artifactKey: Guid(1f9c91710e106d84186998d23ae1cf5f) Importer(815301076,1909f56bfc062723c751e8b465ee728b)
Start importing Assets/Scripts/LevelManager.cs using Guid(1f9c91710e106d84186998d23ae1cf5f) Importer(815301076,1909f56bfc062723c751e8b465ee728b) (PreviewImporter) -> (artifact id: '00000000000000000000000000000000') in 0.0008876 seconds
Import Error Code:(4)
Message: Build asset version error: assets/scripts/levelmanager.cs in SourceAssetDB has modification time of '2026-09-17T12:37:51.7670397Z' while content on disk has modification time of '2026-09-17T12:37:58.661Z'
  ERROR: Build asset version error: assets/scripts/levelmanager.cs in SourceAssetDB has modification time of '2026-09-17T12:37:51.7670397Z' while content on disk has modification time of '2026-09-17T12:37:58.661Z'
Number of updated asset objects reloaded before import = 0Number of asset objects unloaded after import = 0

========================================================================
Received Import Request.
  Time since last request: 0.000079 seconds.
  path: Assets/Scripts/LevelManager.cs
  artifactKey: Guid(1f9c91710e106d84186998d23ae1cf5f) Importer(815301076,1909f56bfc062723c751e8b465ee728b)
Start importing Assets/Scripts/LevelManager.cs using Guid(1f9c91710e106d84186998d23ae1cf5f) Importer(815301076,1909f56bfc062723c751e8b465ee728b) (PreviewImporter) -> (artifact id: '00000000000000000000000000000000') in 0.0006697 seconds
Import Error Code:(4)
Message: Build asset version error: assets/scripts/levelmanager.cs in SourceAssetDB has modification time of '2026-09-17T12:37:51.7670397Z' while content on disk has modification time of '2026-09-17T12:37:58.661Z'
  ERROR: Build asset version error: assets/scripts/levelmanager.cs in SourceAssetDB has modification time of '2026-09-17T12:37:51.7670397Z' while content on disk has modification time of '2026-09-17T12:37:58.661Z'
Number of updated asset objects reloaded before import = 0Number of asset objects unloaded after import = 0

========================================================================
Received Import Request.
  Time since last request: 0.000020 seconds.
  path: Assets/Scripts/LevelManager.cs
  artifactKey: Guid(1f9c91710e106d84186998d23ae1cf5f) Importer(815301076,1909f56bfc062723c751e8b465ee728b)
Start importing Assets/Scripts/LevelManager.cs using Guid(1f9c91710e106d84186998d23ae1cf5f) Importer(815301076,1909f56bfc062723c751e8b465ee728b) (PreviewImporter) -> (artifact id: '00000000000000000000000000000000') in 0.0008425 seconds
Import Error Code:(4)
Message: Build asset version error: assets/scripts/levelmanager.cs in SourceAssetDB has modification time of '2026-09-17T12:37:51.7670397Z' while content on disk has modification time of '2026-09-17T12:37:58.661Z'
  ERROR: Build asset version error: assets/scripts/levelmanager.cs in SourceAssetDB has modification time of '2026-09-17T12:37:51.7670397Z' while content on disk has modification time of '2026-09-17T12:37:58.661Z'
Number of updated asset objects reloaded before import = 0Number of asset objects unloaded after import = 0

========================================================================
Received Import Request.
  Time since last request: 0.000021 seconds.
  path: Assets/Scripts/LevelManager.cs
  artifactKey: Guid(1f9c91710e106d84186998d23ae1cf5f) Importer(815301076,1909f56bfc062723c751e8b465ee728b)
Start importing Assets/Scripts/LevelManager.cs using Guid(1f9c91710e106d84186998d23ae1cf5f) Importer(815301076,1909f56bfc062723c751e8b465ee728b) (PreviewImporter) -> (artifact id: '00000000000000000000000000000000') in 0.0006029 seconds
Import Error Code:(4)
Message: Build asset version error: assets/scripts/levelmanager.cs in SourceAssetDB has modification time of '2026-09-17T12:37:51.7670397Z' while content on disk has modification time of '2026-09-17T12:37:58.661Z'
  ERROR: Build asset version error: assets/scripts/levelmanager.cs in SourceAssetDB has modification time of '2026-09-17T12:37:51.7670397Z' while content on disk has modification time of '2026-09-17T12:37:58.661Z'
Number of updated asset objects reloaded before import = 0Number of asset objects unloaded after import = 0

========================================================================
Received Import Request.
  Time since last request: 0.000020 seconds.
  path: Assets/Scripts/LevelManager.cs
  artifactKey: Guid(1f9c91710e106d84186998d23ae1cf5f) Importer(815301076,1909f56bfc062723c751e8b465ee728b)
Start importing Assets/Scripts/LevelManager.cs using Guid(1f9c91710e106d84186998d23ae1cf5f) Importer(815301076,1909f56bfc062723c751e8b465ee728b) (PreviewImporter) -> (artifact id: '00000000000000000000000000000000') in 0.0006008 seconds
Import Error Code:(4)
Message: Build asset version error: assets/scripts/levelmanager.cs in SourceAssetDB has modification time of '2026-09-17T12:37:51.7670397Z' while content on disk has modification time of '2026-09-17T12:37:58.661Z'
  ERROR: Build asset version error: assets/scripts/levelmanager.cs in SourceAssetDB has modification time of '2026-09-17T12:37:51.7670397Z' while content on disk has modification time of '2026-09-17T12:37:58.661Z'
Number of updated asset objects reloaded before import = 0Number of asset objects unloaded after import = 0

========================================================================
Received Import Request.
  Time since last request: 0.000029 seconds.
  path: Assets/Scripts/LevelManager.cs
  artifactKey: Guid(1f9c91710e106d84186998d23ae1cf5f) Importer(815301076,1909f56bfc062723c751e8b465ee728b)
Start importing Assets/Scripts/LevelManager.cs using Guid(1f9c91710e106d84186998d23ae1cf5f) Importer(815301076,1909f56bfc062723c751e8b465ee728b) (PreviewImporter) -> (artifact id: '00000000000000000000000000000000') in 0.0007594 seconds
Import Error Code:(4)
Message: Build asset version error: assets/scripts/levelmanager.cs in SourceAssetDB has modification time of '2026-09-17T12:37:51.7670397Z' while content on disk has modification time of '2026-09-17T12:37:58.661Z'
  ERROR: Build asset version error: assets/scripts/levelmanager.cs in SourceAssetDB has modification time of '2026-09-17T12:37:51.7670397Z' while content on disk has modification time of '2026-09-17T12:37:58.661Z'
Number of updated asset objects reloaded before import = 0Number of asset objects unloaded after import = 0

========================================================================
Received Import Request.
  Time since last request: 0.000039 seconds.
  path: Assets/Scripts/LevelManager.cs
  artifactKey: Guid(1f9c91710e106d84186998d23ae1cf5f) Importer(815301076,1909f56bfc062723c751e8b465ee728b)
Start importing Assets/Scripts/LevelManager.cs using Guid(1f9c91710e106d84186998d23ae1cf5f) Importer(815301076,1909f56bfc062723c751e8b465ee728b) (PreviewImporter) -> (artifact id: '00000000000000000000000000000000') in 0.0008983 seconds
Import Error Code:(4)
Message: Build asset version error: assets/scripts/levelmanager.cs in SourceAssetDB has modification time of '2026-09-17T12:37:51.7670397Z' while content on disk has modification time of '2026-09-17T12:37:58.661Z'
  ERROR: Build asset version error: assets/scripts/levelmanager.cs in SourceAssetDB has modification time of '2026-09-17T12:37:51.7670397Z' while content on disk has modification time of '2026-09-17T12:37:58.661Z'
Number of updated asset objects reloaded before import = 0Number of asset objects unloaded after import = 0

========================================================================
Received Import Request.
  Time since last request: 0.000028 seconds.
  path: Assets/Scripts/LevelManager.cs
  artifactKey: Guid(1f9c91710e106d84186998d23ae1cf5f) Importer(815301076,1909f56bfc062723c751e8b465ee728b)
Start importing Assets/Scripts/LevelManager.cs using Guid(1f9c91710e106d84186998d23ae1cf5f) Importer(815301076,1909f56bfc062723c751e8b465ee728b) (PreviewImporter) -> (artifact id: '00000000000000000000000000000000') in 0.0010376 seconds
Import Error Code:(4)
Message: Build asset version error: assets/scripts/levelmanager.cs in SourceAssetDB has modification time of '2026-09-17T12:37:51.7670397Z' while content on disk has modification time of '2026-09-17T12:37:58.661Z'
  ERROR: Build asset version error: assets/scripts/levelmanager.cs in SourceAssetDB has modification time of '2026-09-17T12:37:51.7670397Z' while content on disk has modification time of '2026-09-17T12:37:58.661Z'
Number of updated asset objects reloaded before import = 0Number of asset objects unloaded after import = 0

========================================================================
Received Import Request.
  Time since last request: 0.000022 seconds.
  path: Assets/Scripts/LevelManager.cs
  artifactKey: Guid(1f9c91710e106d84186998d23ae1cf5f) Importer(815301076,1909f56bfc062723c751e8b465ee728b)
Start importing Assets/Scripts/LevelManager.cs using Guid(1f9c91710e106d84186998d23ae1cf5f) Importer(815301076,1909f56bfc062723c751e8b465ee728b) (PreviewImporter) -> (artifact id: '00000000000000000000000000000000') in 0.0008694 seconds
Import Error Code:(4)
Message: Build asset version error: assets/scripts/levelmanager.cs in SourceAssetDB has modification time of '2026-09-17T12:37:51.7670397Z' while content on disk has modification time of '2026-09-17T12:37:58.661Z'
  ERROR: Build asset version error: assets/scripts/levelmanager.cs in SourceAssetDB has modification time of '2026-09-17T12:37:51.7670397Z' while content on disk has modification time of '2026-09-17T12:37:58.661Z'
Number of updated asset objects reloaded before import = 0Number of asset objects unloaded after import = 0

========================================================================
Received Import Request.
  Time since last request: 0.000037 seconds.
  path: Assets/Scripts/LevelManager.cs
  artifactKey: Guid(1f9c91710e106d84186998d23ae1cf5f) Importer(815301076,1909f56bfc062723c751e8b465ee728b)
Start importing Assets/Scripts/LevelManager.cs using Guid(1f9c91710e106d84186998d23ae1cf5f) Importer(815301076,1909f56bfc062723c751e8b465ee728b) (PreviewImporter) -> (artifact id: '00000000000000000000000000000000') in 0.0007739 seconds
Import Error Code:(4)
Message: Build asset version error: assets/scripts/levelmanager.cs in SourceAssetDB has modification time of '2026-09-17T12:37:51.7670397Z' while content on disk has modification time of '2026-09-17T12:37:58.661Z'
  ERROR: Build asset version error: assets/scripts/levelmanager.cs in SourceAssetDB has modification time of '2026-09-17T12:37:51.7670397Z' while content on disk has modification time of '2026-09-17T12:37:58.661Z'
Number of updated asset objects reloaded before import = 0Number of asset objects unloaded after import = 0

========================================================================
Received Import Request.
  Time since last request: 0.000029 seconds.
  path: Assets/Scripts/LevelManager.cs
  artifactKey: Guid(1f9c91710e106d84186998d23ae1cf5f) Importer(815301076,1909f56bfc062723c751e8b465ee728b)
Start importing Assets/Scripts/LevelManager.cs using Guid(1f9c91710e106d84186998d23ae1cf5f) Importer(815301076,1909f56bfc062723c751e8b465ee728b) (PreviewImporter) -> (artifact id: '00000000000000000000000000000000') in 0.00104 seconds
Import Error Code:(4)
Message: Build asset version error: assets/scripts/levelmanager.cs in SourceAssetDB has modification time of '2026-09-17T12:37:51.7670397Z' while content on disk has modification time of '2026-09-17T12:37:58.661Z'
  ERROR: Build asset version error: assets/scripts/levelmanager.cs in SourceAssetDB has modification time of '2026-09-17T12:37:51.7670397Z' while content on disk has modification time of '2026-09-17T12:37:58.661Z'
Number of updated asset objects reloaded before import = 0Number of asset objects unloaded after import = 0

========================================================================
Received Import Request.
  Time since last request: 0.000038 seconds.
  path: Assets/Scripts/LevelManager.cs
  artifactKey: Guid(1f9c91710e106d84186998d23ae1cf5f) Importer(815301076,1909f56bfc062723c751e8b465ee728b)
Start importing Assets/Scripts/LevelManager.cs using Guid(1f9c91710e106d84186998d23ae1cf5f) Importer(815301076,1909f56bfc062723c751e8b465ee728b) (PreviewImporter) -> (artifact id: '00000000000000000000000000000000') in 0.0008895 seconds
Import Error Code:(4)
Message: Build asset version error: assets/scripts/levelmanager.cs in SourceAssetDB has modification time of '2026-09-17T12:37:51.7670397Z' while content on disk has modification time of '2026-09-17T12:37:58.661Z'
  ERROR: Build asset version error: assets/scripts/levelmanager.cs in SourceAssetDB has modification time of '2026-09-17T12:37:51.7670397Z' while content on disk has modification time of '2026-09-17T12:37:58.661Z'
Number of updated asset objects reloaded before import = 0Number of asset objects unloaded after import = 0

========================================================================
Received Import Request.
  Time since last request: 0.000023 seconds.
  path: Assets/Scripts/LevelManager.cs
  artifactKey: Guid(1f9c91710e106d84186998d23ae1cf5f) Importer(815301076,1909f56bfc062723c751e8b465ee728b)
Start importing Assets/Scripts/LevelManager.cs using Guid(1f9c91710e106d84186998d23ae1cf5f) Importer(815301076,1909f56bfc062723c751e8b465ee728b) (PreviewImporter) -> (artifact id: '00000000000000000000000000000000') in 0.0007617 seconds
Import Error Code:(4)
Message: Build asset version error: assets/scripts/levelmanager.cs in SourceAssetDB has modification time of '2026-09-17T12:37:51.7670397Z' while content on disk has modification time of '2026-09-17T12:37:58.661Z'
  ERROR: Build asset version error: assets/scripts/levelmanager.cs in SourceAssetDB has modification time of '2026-09-17T12:37:51.7670397Z' while content on disk has modification time of '2026-09-17T12:37:58.661Z'
Number of updated asset objects reloaded before import = 0Number of asset objects unloaded after import = 0

========================================================================
Received Import Request.
  Time since last request: 0.000035 seconds.
  path: Assets/Scripts/LevelManager.cs
  artifactKey: Guid(1f9c91710e106d84186998d23ae1cf5f) Importer(815301076,1909f56bfc062723c751e8b465ee728b)
Start importing Assets/Scripts/LevelManager.cs using Guid(1f9c91710e106d84186998d23ae1cf5f) Importer(815301076,1909f56bfc062723c751e8b465ee728b) (PreviewImporter) -> (artifact id: '00000000000000000000000000000000') in 0.000947 seconds
Import Error Code:(4)
Message: Build asset version error: assets/scripts/levelmanager.cs in SourceAssetDB has modification time of '2026-09-17T12:37:51.7670397Z' while content on disk has modification time of '2026-09-17T12:37:58.661Z'
  ERROR: Build asset version error: assets/scripts/levelmanager.cs in SourceAssetDB has modification time of '2026-09-17T12:37:51.7670397Z' while content on disk has modification time of '2026-09-17T12:37:58.661Z'
Number of updated asset objects reloaded before import = 0Number of asset objects unloaded after import = 0

========================================================================
Received Import Request.
  Time since last request: 0.000023 seconds.
  path: Assets/Scripts/LevelManager.cs
  artifactKey: Guid(1f9c91710e106d84186998d23ae1cf5f) Importer(815301076,1909f56bfc062723c751e8b465ee728b)
Start importing Assets/Scripts/LevelManager.cs using Guid(1f9c91710e106d84186998d23ae1cf5f) Importer(815301076,1909f56bfc062723c751e8b465ee728b) (PreviewImporter) -> (artifact id: '00000000000000000000000000000000') in 0.0009198 seconds
Import Error Code:(4)
Message: Build asset version error: assets/scripts/levelmanager.cs in SourceAssetDB has modification time of '2026-09-17T12:37:51.7670397Z' while content on disk has modification time of '2026-09-17T12:37:58.661Z'
  ERROR: Build asset version error: assets/scripts/levelmanager.cs in SourceAssetDB has modification time of '2026-09-17T12:37:51.7670397Z' while content on disk has modification time of '2026-09-17T12:37:58.661Z'
Number of updated asset objects reloaded before import = 0Number of asset objects unloaded after import = 0

========================================================================
Received Import Request.
  Time since last request: 0.000025 seconds.
  path: Assets/Scripts/LevelManager.cs
  artifactKey: Guid(1f9c91710e106d84186998d23ae1cf5f) Importer(815301076,1909f56bfc062723c751e8b465ee728b)
Start importing Assets/Scripts/LevelManager.cs using Guid(1f9c91710e106d84186998d23ae1cf5f) Importer(815301076,1909f56bfc062723c751e8b465ee728b) (PreviewImporter) -> (artifact id: '00000000000000000000000000000000') in 0.0006935 seconds
Import Error Code:(4)
Message: Build asset version error: assets/scripts/levelmanager.cs in SourceAssetDB has modification time of '2026-09-17T12:37:51.7670397Z' while content on disk has modification time of '2026-09-17T12:37:58.661Z'
  ERROR: Build asset version error: assets/scripts/levelmanager.cs in SourceAssetDB has modification time of '2026-09-17T12:37:51.7670397Z' while content on disk has modification time of '2026-09-17T12:37:58.661Z'
Number of updated asset objects reloaded before import = 0Number of asset objects unloaded after import = 0

========================================================================
Received Import Request.
  Time since last request: 0.000033 seconds.
  path: Assets/Scripts/LevelManager.cs
  artifactKey: Guid(1f9c91710e106d84186998d23ae1cf5f) Importer(815301076,1909f56bfc062723c751e8b465ee728b)
Start importing Assets/Scripts/LevelManager.cs using Guid(1f9c91710e106d84186998d23ae1cf5f) Importer(815301076,1909f56bfc062723c751e8b465ee728b) (PreviewImporter) -> (artifact id: '00000000000000000000000000000000') in 0.0006321 seconds
Import Error Code:(4)
Message: Build asset version error: assets/scripts/levelmanager.cs in SourceAssetDB has modification time of '2026-09-17T12:37:51.7670397Z' while content on disk has modification time of '2026-09-17T12:37:58.661Z'
  ERROR: Build asset version error: assets/scripts/levelmanager.cs in SourceAssetDB has modification time of '2026-09-17T12:37:51.7670397Z' while content on disk has modification time of '2026-09-17T12:37:58.661Z'
Number of updated asset objects reloaded before import = 0Number of asset objects unloaded after import = 0

========================================================================
Received Import Request.
  Time since last request: 0.000055 seconds.
  path: Assets/Scripts/LevelManager.cs
  artifactKey: Guid(1f9c91710e106d84186998d23ae1cf5f) Importer(815301076,1909f56bfc062723c751e8b465ee728b)
Start importing Assets/Scripts/LevelManager.cs using Guid(1f9c91710e106d84186998d23ae1cf5f) Importer(815301076,1909f56bfc062723c751e8b465ee728b) (PreviewImporter) -> (artifact id: '00000000000000000000000000000000') in 0.0007313 seconds
Import Error Code:(4)
Message: Build asset version error: assets/scripts/levelmanager.cs in SourceAssetDB has modification time of '2026-09-17T12:37:51.7670397Z' while content on disk has modification time of '2026-09-17T12:37:58.661Z'
  ERROR: Build asset version error: assets/scripts/levelmanager.cs in SourceAssetDB has modification time of '2026-09-17T12:37:51.7670397Z' while content on disk has modification time of '2026-09-17T12:37:58.661Z'
Number of updated asset objects reloaded before import = 0Number of asset objects unloaded after import = 0

========================================================================
Received Import Request.
  Time since last request: 0.000041 seconds.
  path: Assets/Scripts/LevelManager.cs
  artifactKey: Guid(1f9c91710e106d84186998d23ae1cf5f) Importer(815301076,1909f56bfc062723c751e8b465ee728b)
Start importing Assets/Scripts/LevelManager.cs using Guid(1f9c91710e106d84186998d23ae1cf5f) Importer(815301076,1909f56bfc062723c751e8b465ee728b) (PreviewImporter) -> (artifact id: '00000000000000000000000000000000') in 0.0006711 seconds
Import Error Code:(4)
Message: Build asset version error: assets/scripts/levelmanager.cs in SourceAssetDB has modification time of '2026-09-17T12:37:51.7670397Z' while content on disk has modification time of '2026-09-17T12:37:58.661Z'
  ERROR: Build asset version error: assets/scripts/levelmanager.cs in SourceAssetDB has modification time of '2026-09-17T12:37:51.7670397Z' while content on disk has modification time of '2026-09-17T12:37:58.661Z'
Number of updated asset objects reloaded before import = 0Number of asset objects unloaded after import = 0

========================================================================
Received Import Request.
  Time since last request: 0.000022 seconds.
  path: Assets/Scripts/LevelManager.cs
  artifactKey: Guid(1f9c91710e106d84186998d23ae1cf5f) Importer(815301076,1909f56bfc062723c751e8b465ee728b)
Start importing Assets/Scripts/LevelManager.cs using Guid(1f9c91710e106d84186998d23ae1cf5f) Importer(815301076,1909f56bfc062723c751e8b465ee728b) (PreviewImporter) -> (artifact id: '00000000000000000000000000000000') in 0.0011176 seconds
Import Error Code:(4)
Message: Build asset version error: assets/scripts/levelmanager.cs in SourceAssetDB has modification time of '2026-09-17T12:37:51.7670397Z' while content on disk has modification time of '2026-09-17T12:37:58.661Z'
  ERROR: Build asset version error: assets/scripts/levelmanager.cs in SourceAssetDB has modification time of '2026-09-17T12:37:51.7670397Z' while content on disk has modification time of '2026-09-17T12:37:58.661Z'
Number of updated asset objects reloaded before import = 0Number of asset objects unloaded after import = 0

========================================================================
Received Import Request.
  Time since last request: 0.000024 seconds.
  path: Assets/Scripts/LevelManager.cs
  artifactKey: Guid(1f9c91710e106d84186998d23ae1cf5f) Importer(815301076,1909f56bfc062723c751e8b465ee728b)
Start importing Assets/Scripts/LevelManager.cs using Guid(1f9c91710e106d84186998d23ae1cf5f) Importer(815301076,1909f56bfc062723c751e8b465ee728b) (PreviewImporter) -> (artifact id: '00000000000000000000000000000000') in 0.0007401 seconds
Import Error Code:(4)
Message: Build asset version error: assets/scripts/levelmanager.cs in SourceAssetDB has modification time of '2026-09-17T12:37:51.7670397Z' while content on disk has modification time of '2026-09-17T12:37:58.661Z'
  ERROR: Build asset version error: assets/scripts/levelmanager.cs in SourceAssetDB has modification time of '2026-09-17T12:37:51.7670397Z' while content on disk has modification time of '2026-09-17T12:37:58.661Z'
Number of updated asset objects reloaded before import = 0Number of asset objects unloaded after import = 0

========================================================================
Received Import Request.
  Time since last request: 0.000034 seconds.
  path: Assets/Scripts/LevelManager.cs
  artifactKey: Guid(1f9c91710e106d84186998d23ae1cf5f) Importer(815301076,1909f56bfc062723c751e8b465ee728b)
Start importing Assets/Scripts/LevelManager.cs using Guid(1f9c91710e106d84186998d23ae1cf5f) Importer(815301076,1909f56bfc062723c751e8b465ee728b) (PreviewImporter) -> (artifact id: '00000000000000000000000000000000') in 0.0007223 seconds
Import Error Code:(4)
Message: Build asset version error: assets/scripts/levelmanager.cs in SourceAssetDB has modification time of '2026-09-17T12:37:51.7670397Z' while content on disk has modification time of '2026-09-17T12:37:58.661Z'
  ERROR: Build asset version error: assets/scripts/levelmanager.cs in SourceAssetDB has modification time of '2026-09-17T12:37:51.7670397Z' while content on disk has modification time of '2026-09-17T12:37:58.661Z'
Number of updated asset objects reloaded before import = 0Number of asset objects unloaded after import = 0

========================================================================
Received Import Request.
  Time since last request: 0.000023 seconds.
  path: Assets/Scripts/LevelManager.cs
  artifactKey: Guid(1f9c91710e106d84186998d23ae1cf5f) Importer(815301076,1909f56bfc062723c751e8b465ee728b)
Start importing Assets/Scripts/LevelManager.cs using Guid(1f9c91710e106d84186998d23ae1cf5f) Importer(815301076,1909f56bfc062723c751e8b465ee728b) (PreviewImporter) -> (artifact id: '00000000000000000000000000000000') in 0.0005878 seconds
Import Error Code:(4)
Message: Build asset version error: assets/scripts/levelmanager.cs in SourceAssetDB has modification time of '2026-09-17T12:37:51.7670397Z' while content on disk has modification time of '2026-09-17T12:37:58.661Z'
  ERROR: Build asset version error: assets/scripts/levelmanager.cs in SourceAssetDB has modification time of '2026-09-17T12:37:51.7670397Z' while content on disk has modification time of '2026-09-17T12:37:58.661Z'
Number of updated asset objects reloaded before import = 0Number of asset objects unloaded after import = 0

========================================================================
Received Import Request.
  Time since last request: 0.000021 seconds.
  path: Assets/Scripts/LevelManager.cs
  artifactKey: Guid(1f9c91710e106d84186998d23ae1cf5f) Importer(815301076,1909f56bfc062723c751e8b465ee728b)
Start importing Assets/Scripts/LevelManager.cs using Guid(1f9c91710e106d84186998d23ae1cf5f) Importer(815301076,1909f56bfc062723c751e8b465ee728b) (PreviewImporter) -> (artifact id: '00000000000000000000000000000000') in 0.0010948 seconds
Import Error Code:(4)
Message: Build asset version error: assets/scripts/levelmanager.cs in SourceAssetDB has modification time of '2026-09-17T12:37:51.7670397Z' while content on disk has modification time of '2026-09-17T12:37:58.661Z'
  ERROR: Build asset version error: assets/scripts/levelmanager.cs in SourceAssetDB has modification time of '2026-09-17T12:37:51.7670397Z' while content on disk has modification time of '2026-09-17T12:37:58.661Z'
Number of updated asset objects reloaded before import = 0Number of asset objects unloaded after import = 0

========================================================================
Received Import Request.
  Time since last request: 0.000020 seconds.
  path: Assets/Scripts/LevelManager.cs
  artifactKey: Guid(1f9c91710e106d84186998d23ae1cf5f) Importer(815301076,1909f56bfc062723c751e8b465ee728b)
Start importing Assets/Scripts/LevelManager.cs using Guid(1f9c91710e106d84186998d23ae1cf5f) Importer(815301076,1909f56bfc062723c751e8b465ee728b) (PreviewImporter) -> (artifact id: '00000000000000000000000000000000') in 0.0009686 seconds
Import Error Code:(4)
Message: Build asset version error: assets/scripts/levelmanager.cs in SourceAssetDB has modification time of '2026-09-17T12:37:51.7670397Z' while content on disk has modification time of '2026-09-17T12:37:58.661Z'
  ERROR: Build asset version error: assets/scripts/levelmanager.cs in SourceAssetDB has modification time of '2026-09-17T12:37:51.7670397Z' while content on disk has modification time of '2026-09-17T12:37:58.661Z'
Number of updated asset objects reloaded before import = 0Number of asset objects unloaded after import = 0

========================================================================
Received Import Request.
  Time since last request: 0.000024 seconds.
  path: Assets/Scripts/LevelManager.cs
  artifactKey: Guid(1f9c91710e106d84186998d23ae1cf5f) Importer(815301076,1909f56bfc062723c751e8b465ee728b)
Start importing Assets/Scripts/LevelManager.cs using Guid(1f9c91710e106d84186998d23ae1cf5f) Importer(815301076,1909f56bfc062723c751e8b465ee728b) (PreviewImporter) -> (artifact id: '00000000000000000000000000000000') in 0.0012126 seconds
Import Error Code:(4)
Message: Build asset version error: assets/scripts/levelmanager.cs in SourceAssetDB has modification time of '2026-09-17T12:37:51.7670397Z' while content on disk has modification time of '2026-09-17T12:37:58.661Z'
  ERROR: Build asset version error: assets/scripts/levelmanager.cs in SourceAssetDB has modification time of '2026-09-17T12:37:51.7670397Z' while content on disk has modification time of '2026-09-17T12:37:58.661Z'
Number of updated asset objects reloaded before import = 0Number of asset objects unloaded after import = 0

========================================================================
Received Import Request.
  Time since last request: 0.000053 seconds.
  path: Assets/Scripts/LevelManager.cs
  artifactKey: Guid(1f9c91710e106d84186998d23ae1cf5f) Importer(815301076,1909f56bfc062723c751e8b465ee728b)
Start importing Assets/Scripts/LevelManager.cs using Guid(1f9c91710e106d84186998d23ae1cf5f) Importer(815301076,1909f56bfc062723c751e8b465ee728b) (PreviewImporter) -> (artifact id: '00000000000000000000000000000000') in 0.0009579 seconds
Import Error Code:(4)
Message: Build asset version error: assets/scripts/levelmanager.cs in SourceAssetDB has modification time of '2026-09-17T12:37:51.7670397Z' while content on disk has modification time of '2026-09-17T12:37:58.661Z'
  ERROR: Build asset version error: assets/scripts/levelmanager.cs in SourceAssetDB has modification time of '2026-09-17T12:37:51.7670397Z' while content on disk has modification time of '2026-09-17T12:37:58.661Z'
Number of updated asset objects reloaded before import = 0Number of asset objects unloaded after import = 0

========================================================================
Received Import Request.
  Time since last request: 0.000021 seconds.
  path: Assets/Scripts/LevelManager.cs
  artifactKey: Guid(1f9c91710e106d84186998d23ae1cf5f) Importer(815301076,1909f56bfc062723c751e8b465ee728b)
Start importing Assets/Scripts/LevelManager.cs using Guid(1f9c91710e106d84186998d23ae1cf5f) Importer(815301076,1909f56bfc062723c751e8b465ee728b) (PreviewImporter) -> (artifact id: '00000000000000000000000000000000') in 0.0010642 seconds
Import Error Code:(4)
Message: Build asset version error: assets/scripts/levelmanager.cs in SourceAssetDB has modification time of '2026-09-17T12:37:51.7670397Z' while content on disk has modification time of '2026-09-17T12:37:58.661Z'
  ERROR: Build asset version error: assets/scripts/levelmanager.cs in SourceAssetDB has modification time of '2026-09-17T12:37:51.7670397Z' while content on disk has modification time of '2026-09-17T12:37:58.661Z'
Number of updated asset objects reloaded before import = 0Number of asset objects unloaded after import = 0

========================================================================
Received Import Request.
  Time since last request: 0.000020 seconds.
  path: Assets/Scripts/LevelManager.cs
  artifactKey: Guid(1f9c91710e106d84186998d23ae1cf5f) Importer(815301076,1909f56bfc062723c751e8b465ee728b)
Start importing Assets/Scripts/LevelManager.cs using Guid(1f9c91710e106d84186998d23ae1cf5f) Importer(815301076,1909f56bfc062723c751e8b465ee728b) (PreviewImporter) -> (artifact id: '00000000000000000000000000000000') in 0.0008246 seconds
Import Error Code:(4)
Message: Build asset version error: assets/scripts/levelmanager.cs in SourceAssetDB has modification time of '2026-09-17T12:37:51.7670397Z' while content on disk has modification time of '2026-09-17T12:37:58.661Z'
  ERROR: Build asset version error: assets/scripts/levelmanager.cs in SourceAssetDB has modification time of '2026-09-17T12:37:51.7670397Z' while content on disk has modification time of '2026-09-17T12:37:58.661Z'
Number of updated asset objects reloaded before import = 0Number of asset objects unloaded after import = 0

========================================================================
Received Import Request.
  Time since last request: 0.000023 seconds.
  path: Assets/Scripts/LevelManager.cs
  artifactKey: Guid(1f9c91710e106d84186998d23ae1cf5f) Importer(815301076,1909f56bfc062723c751e8b465ee728b)
Start importing Assets/Scripts/LevelManager.cs using Guid(1f9c91710e106d84186998d23ae1cf5f) Importer(815301076,1909f56bfc062723c751e8b465ee728b) (PreviewImporter) -> (artifact id: '00000000000000000000000000000000') in 0.0007238 seconds
Import Error Code:(4)
Message: Build asset version error: assets/scripts/levelmanager.cs in SourceAssetDB has modification time of '2026-09-17T12:37:51.7670397Z' while content on disk has modification time of '2026-09-17T12:37:58.661Z'
  ERROR: Build asset version error: assets/scripts/levelmanager.cs in SourceAssetDB has modification time of '2026-09-17T12:37:51.7670397Z' while content on disk has modification time of '2026-09-17T12:37:58.661Z'
Number of updated asset objects reloaded before import = 0Number of asset objects unloaded after import = 0

========================================================================
Received Import Request.
  Time since last request: 0.000026 seconds.
  path: Assets/Scripts/LevelManager.cs
  artifactKey: Guid(1f9c91710e106d84186998d23ae1cf5f) Importer(815301076,1909f56bfc062723c751e8b465ee728b)
Start importing Assets/Scripts/LevelManager.cs using Guid(1f9c91710e106d84186998d23ae1cf5f) Importer(815301076,1909f56bfc062723c751e8b465ee728b) (PreviewImporter) -> (artifact id: '00000000000000000000000000000000') in 0.0007521 seconds
Import Error Code:(4)
Message: Build asset version error: assets/scripts/levelmanager.cs in SourceAssetDB has modification time of '2026-09-17T12:37:51.7670397Z' while content on disk has modification time of '2026-09-17T12:37:58.661Z'
  ERROR: Build asset version error: assets/scripts/levelmanager.cs in SourceAssetDB has modification time of '2026-09-17T12:37:51.7670397Z' while content on disk has modification time of '2026-09-17T12:37:58.661Z'
Number of updated asset objects reloaded before import = 0Number of asset objects unloaded after import = 0

========================================================================
Received Import Request.
  Time since last request: 0.000035 seconds.
  path: Assets/Scripts/LevelManager.cs
  artifactKey: Guid(1f9c91710e106d84186998d23ae1cf5f) Importer(815301076,1909f56bfc062723c751e8b465ee728b)
Start importing Assets/Scripts/LevelManager.cs using Guid(1f9c91710e106d84186998d23ae1cf5f) Importer(815301076,1909f56bfc062723c751e8b465ee728b) (PreviewImporter) -> (artifact id: '00000000000000000000000000000000') in 0.0008075 seconds
Import Error Code:(4)
Message: Build asset version error: assets/scripts/levelmanager.cs in SourceAssetDB has modification time of '2026-09-17T12:37:51.7670397Z' while content on disk has modification time of '2026-09-17T12:37:58.661Z'
  ERROR: Build asset version error: assets/scripts/levelmanager.cs in SourceAssetDB has modification time of '2026-09-17T12:37:51.7670397Z' while content on disk has modification time of '2026-09-17T12:37:58.661Z'
Number of updated asset objects reloaded before import = 0Number of asset objects unloaded after import = 0

========================================================================
Received Import Request.
  Time since last request: 0.000029 seconds.
  path: Assets/Scripts/LevelManager.cs
  artifactKey: Guid(1f9c91710e106d84186998d23ae1cf5f) Importer(815301076,1909f56bfc062723c751e8b465ee728b)
Start importing Assets/Scripts/LevelManager.cs using Guid(1f9c91710e106d84186998d23ae1cf5f) Importer(815301076,1909f56bfc062723c751e8b465ee728b) (PreviewImporter) -> (artifact id: '00000000000000000000000000000000') in 0.0011202 seconds
Import Error Code:(4)
Message: Build asset version error: assets/scripts/levelmanager.cs in SourceAssetDB has modification time of '2026-09-17T12:37:51.7670397Z' while content on disk has modification time of '2026-09-17T12:37:58.661Z'
  ERROR: Build asset version error: assets/scripts/levelmanager.cs in SourceAssetDB has modification time of '2026-09-17T12:37:51.7670397Z' while content on disk has modification time of '2026-09-17T12:37:58.661Z'
Number of updated asset objects reloaded before import = 0Number of asset objects unloaded after import = 0

========================================================================
Received Import Request.
  Time since last request: 0.000031 seconds.
  path: Assets/Scripts/LevelManager.cs
  artifactKey: Guid(1f9c91710e106d84186998d23ae1cf5f) Importer(815301076,1909f56bfc062723c751e8b465ee728b)
Start importing Assets/Scripts/LevelManager.cs using Guid(1f9c91710e106d84186998d23ae1cf5f) Importer(815301076,1909f56bfc062723c751e8b465ee728b) (PreviewImporter) -> (artifact id: '00000000000000000000000000000000') in 0.0007682 seconds
Import Error Code:(4)
Message: Build asset version error: assets/scripts/levelmanager.cs in SourceAssetDB has modification time of '2026-09-17T12:37:51.7670397Z' while content on disk has modification time of '2026-09-17T12:37:58.661Z'
  ERROR: Build asset version error: assets/scripts/levelmanager.cs in SourceAssetDB has modification time of '2026-09-17T12:37:51.7670397Z' while content on disk has modification time of '2026-09-17T12:37:58.661Z'
Number of updated asset objects reloaded before import = 0Number of asset objects unloaded after import = 0

========================================================================
Received Import Request.
  Time since last request: 0.000024 seconds.
  path: Assets/Scripts/LevelManager.cs
  artifactKey: Guid(1f9c91710e106d84186998d23ae1cf5f) Importer(815301076,1909f56bfc062723c751e8b465ee728b)
Start importing Assets/Scripts/LevelManager.cs using Guid(1f9c91710e106d84186998d23ae1cf5f) Importer(815301076,1909f56bfc062723c751e8b465ee728b) (PreviewImporter) -> (artifact id: '00000000000000000000000000000000') in 0.0007081 seconds
Import Error Code:(4)
Message: Build asset version error: assets/scripts/levelmanager.cs in SourceAssetDB has modification time of '2026-09-17T12:37:51.7670397Z' while content on disk has modification time of '2026-09-17T12:37:58.661Z'
  ERROR: Build asset version error: assets/scripts/levelmanager.cs in SourceAssetDB has modification time of '2026-09-17T12:37:51.7670397Z' while content on disk has modification time of '2026-09-17T12:37:58.661Z'
Number of updated asset objects reloaded before import = 0Number of asset objects unloaded after import = 0

========================================================================
Received Import Request.
  Time since last request: 0.000027 seconds.
  path: Assets/Scripts/LevelManager.cs
  artifactKey: Guid(1f9c91710e106d84186998d23ae1cf5f) Importer(815301076,1909f56bfc062723c751e8b465ee728b)
Start importing Assets/Scripts/LevelManager.cs using Guid(1f9c91710e106d84186998d23ae1cf5f) Importer(815301076,1909f56bfc062723c751e8b465ee728b) (PreviewImporter) -> (artifact id: '00000000000000000000000000000000') in 0.0007642 seconds
Import Error Code:(4)
Message: Build asset version error: assets/scripts/levelmanager.cs in SourceAssetDB has modification time of '2026-09-17T12:37:51.7670397Z' while content on disk has modification time of '2026-09-17T12:37:58.661Z'
  ERROR: Build asset version error: assets/scripts/levelmanager.cs in SourceAssetDB has modification time of '2026-09-17T12:37:51.7670397Z' while content on disk has modification time of '2026-09-17T12:37:58.661Z'
Number of updated asset objects reloaded before import = 0Number of asset objects unloaded after import = 0

========================================================================
Received Import Request.
  Time since last request: 0.000037 seconds.
  path: Assets/Scripts/LevelManager.cs
  artifactKey: Guid(1f9c91710e106d84186998d23ae1cf5f) Importer(815301076,1909f56bfc062723c751e8b465ee728b)
Start importing Assets/Scripts/LevelManager.cs using Guid(1f9c91710e106d84186998d23ae1cf5f) Importer(815301076,1909f56bfc062723c751e8b465ee728b) (PreviewImporter) -> (artifact id: '00000000000000000000000000000000') in 0.0006481 seconds
Import Error Code:(4)
Message: Build asset version error: assets/scripts/levelmanager.cs in SourceAssetDB has modification time of '2026-09-17T12:37:51.7670397Z' while content on disk has modification time of '2026-09-17T12:37:58.661Z'
  ERROR: Build asset version error: assets/scripts/levelmanager.cs in SourceAssetDB has modification time of '2026-09-17T12:37:51.7670397Z' while content on disk has modification time of '2026-09-17T12:37:58.661Z'
Number of updated asset objects reloaded before import = 0Number of asset objects unloaded after import = 0

========================================================================
Received Import Request.
  Time since last request: 0.000025 seconds.
  path: Assets/Scripts/LevelManager.cs
  artifactKey: Guid(1f9c91710e106d84186998d23ae1cf5f) Importer(815301076,1909f56bfc062723c751e8b465ee728b)
Start importing Assets/Scripts/LevelManager.cs using Guid(1f9c91710e106d84186998d23ae1cf5f) Importer(815301076,1909f56bfc062723c751e8b465ee728b) (PreviewImporter) -> (artifact id: '00000000000000000000000000000000') in 0.000785 seconds
Import Error Code:(4)
Message: Build asset version error: assets/scripts/levelmanager.cs in SourceAssetDB has modification time of '2026-09-17T12:37:51.7670397Z' while content on disk has modification time of '2026-09-17T12:37:58.661Z'
  ERROR: Build asset version error: assets/scripts/levelmanager.cs in SourceAssetDB has modification time of '2026-09-17T12:37:51.7670397Z' while content on disk has modification time of '2026-09-17T12:37:58.661Z'
Number of updated asset objects reloaded before import = 0Number of asset objects unloaded after import = 0

========================================================================
Received Import Request.
  Time since last request: 0.000025 seconds.
  path: Assets/Scripts/LevelManager.cs
  artifactKey: Guid(1f9c91710e106d84186998d23ae1cf5f) Importer(815301076,1909f56bfc062723c751e8b465ee728b)
Start importing Assets/Scripts/LevelManager.cs using Guid(1f9c91710e106d84186998d23ae1cf5f) Importer(815301076,1909f56bfc062723c751e8b465ee728b) (PreviewImporter) -> (artifact id: '00000000000000000000000000000000') in 0.0009532 seconds
Import Error Code:(4)
Message: Build asset version error: assets/scripts/levelmanager.cs in SourceAssetDB has modification time of '2026-09-17T12:37:51.7670397Z' while content on disk has modification time of '2026-09-17T12:37:58.661Z'
  ERROR: Build asset version error: assets/scripts/levelmanager.cs in SourceAssetDB has modification time of '2026-09-17T12:37:51.7670397Z' while content on disk has modification time of '2026-09-17T12:37:58.661Z'
Number of updated asset objects reloaded before import = 0Number of asset objects unloaded after import = 0

========================================================================
Received Import Request.
  Time since last request: 0.000187 seconds.
  path: Assets/Scripts/LevelManager.cs
  artifactKey: Guid(1f9c91710e106d84186998d23ae1cf5f) Importer(815301076,1909f56bfc062723c751e8b465ee728b)
Start importing Assets/Scripts/LevelManager.cs using Guid(1f9c91710e106d84186998d23ae1cf5f) Importer(815301076,1909f56bfc062723c751e8b465ee728b) (PreviewImporter) -> (artifact id: '00000000000000000000000000000000') in 0.002863 seconds
Import Error Code:(4)
Message: Build asset version error: assets/scripts/levelmanager.cs in SourceAssetDB has modification time of '2026-09-17T12:37:51.7670397Z' while content on disk has modification time of '2026-09-17T12:37:58.661Z'
  ERROR: Build asset version error: assets/scripts/levelmanager.cs in SourceAssetDB has modification time of '2026-09-17T12:37:51.7670397Z' while content on disk has modification time of '2026-09-17T12:37:58.661Z'
Number of updated asset objects reloaded before import = 0Number of asset objects unloaded after import = 0

========================================================================
Received Import Request.
  Time since last request: 0.000039 seconds.
  path: Assets/Scripts/LevelManager.cs
  artifactKey: Guid(1f9c91710e106d84186998d23ae1cf5f) Importer(815301076,1909f56bfc062723c751e8b465ee728b)
Start importing Assets/Scripts/LevelManager.cs using Guid(1f9c91710e106d84186998d23ae1cf5f) Importer(815301076,1909f56bfc062723c751e8b465ee728b) (PreviewImporter) -> (artifact id: '00000000000000000000000000000000') in 0.0012646 seconds
Import Error Code:(4)
Message: Build asset version error: assets/scripts/levelmanager.cs in SourceAssetDB has modification time of '2026-09-17T12:37:51.7670397Z' while content on disk has modification time of '2026-09-17T12:37:58.661Z'
  ERROR: Build asset version error: assets/scripts/levelmanager.cs in SourceAssetDB has modification time of '2026-09-17T12:37:51.7670397Z' while content on disk has modification time of '2026-09-17T12:37:58.661Z'
Number of updated asset objects reloaded before import = 0Number of asset objects unloaded after import = 0

========================================================================
Received Import Request.
  Time since last request: 0.000023 seconds.
  path: Assets/Scripts/LevelManager.cs
  artifactKey: Guid(1f9c91710e106d84186998d23ae1cf5f) Importer(815301076,1909f56bfc062723c751e8b465ee728b)
Start importing Assets/Scripts/LevelManager.cs using Guid(1f9c91710e106d84186998d23ae1cf5f) Importer(815301076,1909f56bfc062723c751e8b465ee728b) (PreviewImporter) -> (artifact id: '00000000000000000000000000000000') in 0.0006847 seconds
Import Error Code:(4)
Message: Build asset version error: assets/scripts/levelmanager.cs in SourceAssetDB has modification time of '2026-09-17T12:37:51.7670397Z' while content on disk has modification time of '2026-09-17T12:37:58.661Z'
  ERROR: Build asset version error: assets/scripts/levelmanager.cs in SourceAssetDB has modification time of '2026-09-17T12:37:51.7670397Z' while content on disk has modification time of '2026-09-17T12:37:58.661Z'
Number of updated asset objects reloaded before import = 0Number of asset objects unloaded after import = 0

========================================================================
Received Import Request.
  Time since last request: 0.000027 seconds.
  path: Assets/Scripts/LevelManager.cs
  artifactKey: Guid(1f9c91710e106d84186998d23ae1cf5f) Importer(815301076,1909f56bfc062723c751e8b465ee728b)
Start importing Assets/Scripts/LevelManager.cs using Guid(1f9c91710e106d84186998d23ae1cf5f) Importer(815301076,1909f56bfc062723c751e8b465ee728b) (PreviewImporter) -> (artifact id: '00000000000000000000000000000000') in 0.0006374 seconds
Import Error Code:(4)
Message: Build asset version error: assets/scripts/levelmanager.cs in SourceAssetDB has modification time of '2026-09-17T12:37:51.7670397Z' while content on disk has modification time of '2026-09-17T12:37:58.661Z'
  ERROR: Build asset version error: assets/scripts/levelmanager.cs in SourceAssetDB has modification time of '2026-09-17T12:37:51.7670397Z' while content on disk has modification time of '2026-09-17T12:37:58.661Z'
Number of updated asset objects reloaded before import = 0Number of asset objects unloaded after import = 0

========================================================================
Received Import Request.
  Time since last request: 0.000039 seconds.
  path: Assets/Scripts/LevelManager.cs
  artifactKey: Guid(1f9c91710e106d84186998d23ae1cf5f) Importer(815301076,1909f56bfc062723c751e8b465ee728b)
Start importing Assets/Scripts/LevelManager.cs using Guid(1f9c91710e106d84186998d23ae1cf5f) Importer(815301076,1909f56bfc062723c751e8b465ee728b) (PreviewImporter) -> (artifact id: '00000000000000000000000000000000') in 0.0027078 seconds
Import Error Code:(4)
Message: Build asset version error: assets/scripts/levelmanager.cs in SourceAssetDB has modification time of '2026-09-17T12:37:51.7670397Z' while content on disk has modification time of '2026-09-17T12:37:58.661Z'
  ERROR: Build asset version error: assets/scripts/levelmanager.cs in SourceAssetDB has modification time of '2026-09-17T12:37:51.7670397Z' while content on disk has modification time of '2026-09-17T12:37:58.661Z'
Number of updated asset objects reloaded before import = 0Number of asset objects unloaded after import = 0

========================================================================
Received Import Request.
  Time since last request: 0.000021 seconds.
  path: Assets/Scripts/LevelManager.cs
  artifactKey: Guid(1f9c91710e106d84186998d23ae1cf5f) Importer(815301076,1909f56bfc062723c751e8b465ee728b)
Start importing Assets/Scripts/LevelManager.cs using Guid(1f9c91710e106d84186998d23ae1cf5f) Importer(815301076,1909f56bfc062723c751e8b465ee728b) (PreviewImporter) -> (artifact id: '00000000000000000000000000000000') in 0.0007007 seconds
Import Error Code:(4)
Message: Build asset version error: assets/scripts/levelmanager.cs in SourceAssetDB has modification time of '2026-09-17T12:37:51.7670397Z' while content on disk has modification time of '2026-09-17T12:37:58.661Z'
  ERROR: Build asset version error: assets/scripts/levelmanager.cs in SourceAssetDB has modification time of '2026-09-17T12:37:51.7670397Z' while content on disk has modification time of '2026-09-17T12:37:58.661Z'
Number of updated asset objects reloaded before import = 0Number of asset objects unloaded after import = 0

========================================================================
Received Import Request.
  Time since last request: 0.000020 seconds.
  path: Assets/Scripts/LevelManager.cs
  artifactKey: Guid(1f9c91710e106d84186998d23ae1cf5f) Importer(815301076,1909f56bfc062723c751e8b465ee728b)
Start importing Assets/Scripts/LevelManager.cs using Guid(1f9c91710e106d84186998d23ae1cf5f) Importer(815301076,1909f56bfc062723c751e8b465ee728b) (PreviewImporter) -> (artifact id: '00000000000000000000000000000000') in 0.0010367 seconds
Import Error Code:(4)
Message: Build asset version error: assets/scripts/levelmanager.cs in SourceAssetDB has modification time of '2026-09-17T12:37:51.7670397Z' while content on disk has modification time of '2026-09-17T12:37:58.661Z'
  ERROR: Build asset version error: assets/scripts/levelmanager.cs in SourceAssetDB has modification time of '2026-09-17T12:37:51.7670397Z' while content on disk has modification time of '2026-09-17T12:37:58.661Z'
Number of updated asset objects reloaded before import = 0Number of asset objects unloaded after import = 0

========================================================================
Received Import Request.
  Time since last request: 0.000020 seconds.
  path: Assets/Scripts/LevelManager.cs
  artifactKey: Guid(1f9c91710e106d84186998d23ae1cf5f) Importer(815301076,1909f56bfc062723c751e8b465ee728b)
Start importing Assets/Scripts/LevelManager.cs using Guid(1f9c91710e106d84186998d23ae1cf5f) Importer(815301076,1909f56bfc062723c751e8b465ee728b) (PreviewImporter) -> (artifact id: '00000000000000000000000000000000') in 0.0009897 seconds
Import Error Code:(4)
Message: Build asset version error: assets/scripts/levelmanager.cs in SourceAssetDB has modification time of '2026-09-17T12:37:51.7670397Z' while content on disk has modification time of '2026-09-17T12:37:58.661Z'
  ERROR: Build asset version error: assets/scripts/levelmanager.cs in SourceAssetDB has modification time of '2026-09-17T12:37:51.7670397Z' while content on disk has modification time of '2026-09-17T12:37:58.661Z'
Number of updated asset objects reloaded before import = 0Number of asset objects unloaded after import = 0

========================================================================
Received Import Request.
  Time since last request: 0.000037 seconds.
  path: Assets/Scripts/LevelManager.cs
  artifactKey: Guid(1f9c91710e106d84186998d23ae1cf5f) Importer(815301076,1909f56bfc062723c751e8b465ee728b)
Start importing Assets/Scripts/LevelManager.cs using Guid(1f9c91710e106d84186998d23ae1cf5f) Importer(815301076,1909f56bfc062723c751e8b465ee728b) (PreviewImporter) -> (artifact id: '00000000000000000000000000000000') in 0.0006881 seconds
Import Error Code:(4)
Message: Build asset version error: assets/scripts/levelmanager.cs in SourceAssetDB has modification time of '2026-09-17T12:37:51.7670397Z' while content on disk has modification time of '2026-09-17T12:37:58.661Z'
  ERROR: Build asset version error: assets/scripts/levelmanager.cs in SourceAssetDB has modification time of '2026-09-17T12:37:51.7670397Z' while content on disk has modification time of '2026-09-17T12:37:58.661Z'
Number of updated asset objects reloaded before import = 0Number of asset objects unloaded after import = 0

========================================================================
Received Import Request.
  Time since last request: 0.000038 seconds.
  path: Assets/Scripts/LevelManager.cs
  artifactKey: Guid(1f9c91710e106d84186998d23ae1cf5f) Importer(815301076,1909f56bfc062723c751e8b465ee728b)
Start importing Assets/Scripts/LevelManager.cs using Guid(1f9c91710e106d84186998d23ae1cf5f) Importer(815301076,1909f56bfc062723c751e8b465ee728b) (PreviewImporter) -> (artifact id: '00000000000000000000000000000000') in 0.0007826 seconds
Import Error Code:(4)
Message: Build asset version error: assets/scripts/levelmanager.cs in SourceAssetDB has modification time of '2026-09-17T12:37:51.7670397Z' while content on disk has modification time of '2026-09-17T12:37:58.661Z'
  ERROR: Build asset version error: assets/scripts/levelmanager.cs in SourceAssetDB has modification time of '2026-09-17T12:37:51.7670397Z' while content on disk has modification time of '2026-09-17T12:37:58.661Z'
Number of updated asset objects reloaded before import = 0Number of asset objects unloaded after import = 0

========================================================================
Received Import Request.
  Time since last request: 0.000029 seconds.
  path: Assets/Scripts/LevelManager.cs
  artifactKey: Guid(1f9c91710e106d84186998d23ae1cf5f) Importer(815301076,1909f56bfc062723c751e8b465ee728b)
Start importing Assets/Scripts/LevelManager.cs using Guid(1f9c91710e106d84186998d23ae1cf5f) Importer(815301076,1909f56bfc062723c751e8b465ee728b) (PreviewImporter) -> (artifact id: '00000000000000000000000000000000') in 0.0007708 seconds
Import Error Code:(4)
Message: Build asset version error: assets/scripts/levelmanager.cs in SourceAssetDB has modification time of '2026-09-17T12:37:51.7670397Z' while content on disk has modification time of '2026-09-17T12:37:58.661Z'
  ERROR: Build asset version error: assets/scripts/levelmanager.cs in SourceAssetDB has modification time of '2026-09-17T12:37:51.7670397Z' while content on disk has modification time of '2026-09-17T12:37:58.661Z'
Number of updated asset objects reloaded before import = 0Number of asset objects unloaded after import = 0

========================================================================
Received Import Request.
  Time since last request: 0.000023 seconds.
  path: Assets/Scripts/LevelManager.cs
  artifactKey: Guid(1f9c91710e106d84186998d23ae1cf5f) Importer(815301076,1909f56bfc062723c751e8b465ee728b)
Start importing Assets/Scripts/LevelManager.cs using Guid(1f9c91710e106d84186998d23ae1cf5f) Importer(815301076,1909f56bfc062723c751e8b465ee728b) (PreviewImporter) -> (artifact id: '00000000000000000000000000000000') in 0.0007128 seconds
Import Error Code:(4)
Message: Build asset version error: assets/scripts/levelmanager.cs in SourceAssetDB has modification time of '2026-09-17T12:37:51.7670397Z' while content on disk has modification time of '2026-09-17T12:37:58.661Z'
  ERROR: Build asset version error: assets/scripts/levelmanager.cs in SourceAssetDB has modification time of '2026-09-17T12:37:51.7670397Z' while content on disk has modification time of '2026-09-17T12:37:58.661Z'
Number of updated asset objects reloaded before import = 0Number of asset objects unloaded after import = 0

========================================================================
Received Import Request.
  Time since last request: 0.000048 seconds.
  path: Assets/Scripts/LevelManager.cs
  artifactKey: Guid(1f9c91710e106d84186998d23ae1cf5f) Importer(815301076,1909f56bfc062723c751e8b465ee728b)
Start importing Assets/Scripts/LevelManager.cs using Guid(1f9c91710e106d84186998d23ae1cf5f) Importer(815301076,1909f56bfc062723c751e8b465ee728b) (PreviewImporter) -> (artifact id: '00000000000000000000000000000000') in 0.0007293 seconds
Import Error Code:(4)
Message: Build asset version error: assets/scripts/levelmanager.cs in SourceAssetDB has modification time of '2026-09-17T12:37:51.7670397Z' while content on disk has modification time of '2026-09-17T12:37:58.661Z'
  ERROR: Build asset version error: assets/scripts/levelmanager.cs in SourceAssetDB has modification time of '2026-09-17T12:37:51.7670397Z' while content on disk has modification time of '2026-09-17T12:37:58.661Z'
Number of updated asset objects reloaded before import = 0Number of asset objects unloaded after import = 0

========================================================================
Received Import Request.
  Time since last request: 0.000046 seconds.
  path: Assets/Scripts/LevelManager.cs
  artifactKey: Guid(1f9c91710e106d84186998d23ae1cf5f) Importer(815301076,1909f56bfc062723c751e8b465ee728b)
Start importing Assets/Scripts/LevelManager.cs using Guid(1f9c91710e106d84186998d23ae1cf5f) Importer(815301076,1909f56bfc062723c751e8b465ee728b) (PreviewImporter) -> (artifact id: '00000000000000000000000000000000') in 0.0007168 seconds
Import Error Code:(4)
Message: Build asset version error: assets/scripts/levelmanager.cs in SourceAssetDB has modification time of '2026-09-17T12:37:51.7670397Z' while content on disk has modification time of '2026-09-17T12:37:58.661Z'
  ERROR: Build asset version error: assets/scripts/levelmanager.cs in SourceAssetDB has modification time of '2026-09-17T12:37:51.7670397Z' while content on disk has modification time of '2026-09-17T12:37:58.661Z'
Number of updated asset objects reloaded before import = 0Number of asset objects unloaded after import = 0

========================================================================
Received Import Request.
  Time since last request: 0.000049 seconds.
  path: Assets/Scripts/LevelManager.cs
  artifactKey: Guid(1f9c91710e106d84186998d23ae1cf5f) Importer(815301076,1909f56bfc062723c751e8b465ee728b)
Start importing Assets/Scripts/LevelManager.cs using Guid(1f9c91710e106d84186998d23ae1cf5f) Importer(815301076,1909f56bfc062723c751e8b465ee728b) (PreviewImporter) -> (artifact id: '00000000000000000000000000000000') in 0.0006248 seconds
Import Error Code:(4)
Message: Build asset version error: assets/scripts/levelmanager.cs in SourceAssetDB has modification time of '2026-09-17T12:37:51.7670397Z' while content on disk has modification time of '2026-09-17T12:37:58.661Z'
  ERROR: Build asset version error: assets/scripts/levelmanager.cs in SourceAssetDB has modification time of '2026-09-17T12:37:51.7670397Z' while content on disk has modification time of '2026-09-17T12:37:58.661Z'
Number of updated asset objects reloaded before import = 0Number of asset objects unloaded after import = 0

========================================================================
Received Import Request.
  Time since last request: 0.000055 seconds.
  path: Assets/Scripts/LevelManager.cs
  artifactKey: Guid(1f9c91710e106d84186998d23ae1cf5f) Importer(815301076,1909f56bfc062723c751e8b465ee728b)
Start importing Assets/Scripts/LevelManager.cs using Guid(1f9c91710e106d84186998d23ae1cf5f) Importer(815301076,1909f56bfc062723c751e8b465ee728b) (PreviewImporter) -> (artifact id: '00000000000000000000000000000000') in 0.0015162 seconds
Import Error Code:(4)
Message: Build asset version error: assets/scripts/levelmanager.cs in SourceAssetDB has modification time of '2026-09-17T12:37:51.7670397Z' while content on disk has modification time of '2026-09-17T12:37:58.661Z'
  ERROR: Build asset version error: assets/scripts/levelmanager.cs in SourceAssetDB has modification time of '2026-09-17T12:37:51.7670397Z' while content on disk has modification time of '2026-09-17T12:37:58.661Z'
Number of updated asset objects reloaded before import = 0Number of asset objects unloaded after import = 0

========================================================================
Received Import Request.
  Time since last request: 0.000022 seconds.
  path: Assets/Scripts/LevelManager.cs
  artifactKey: Guid(1f9c91710e106d84186998d23ae1cf5f) Importer(815301076,1909f56bfc062723c751e8b465ee728b)
Start importing Assets/Scripts/LevelManager.cs using Guid(1f9c91710e106d84186998d23ae1cf5f) Importer(815301076,1909f56bfc062723c751e8b465ee728b) (PreviewImporter) -> (artifact id: '00000000000000000000000000000000') in 0.0006852 seconds
Import Error Code:(4)
Message: Build asset version error: assets/scripts/levelmanager.cs in SourceAssetDB has modification time of '2026-09-17T12:37:51.7670397Z' while content on disk has modification time of '2026-09-17T12:37:58.661Z'
  ERROR: Build asset version error: assets/scripts/levelmanager.cs in SourceAssetDB has modification time of '2026-09-17T12:37:51.7670397Z' while content on disk has modification time of '2026-09-17T12:37:58.661Z'
Number of updated asset objects reloaded before import = 0Number of asset objects unloaded after import = 0

========================================================================
Received Import Request.
  Time since last request: 0.000022 seconds.
  path: Assets/Scripts/LevelManager.cs
  artifactKey: Guid(1f9c91710e106d84186998d23ae1cf5f) Importer(815301076,1909f56bfc062723c751e8b465ee728b)
Start importing Assets/Scripts/LevelManager.cs using Guid(1f9c91710e106d84186998d23ae1cf5f) Importer(815301076,1909f56bfc062723c751e8b465ee728b) (PreviewImporter) -> (artifact id: '00000000000000000000000000000000') in 0.0007108 seconds
Import Error Code:(4)
Message: Build asset version error: assets/scripts/levelmanager.cs in SourceAssetDB has modification time of '2026-09-17T12:37:51.7670397Z' while content on disk has modification time of '2026-09-17T12:37:58.661Z'
  ERROR: Build asset version error: assets/scripts/levelmanager.cs in SourceAssetDB has modification time of '2026-09-17T12:37:51.7670397Z' while content on disk has modification time of '2026-09-17T12:37:58.661Z'
Number of updated asset objects reloaded before import = 0Number of asset objects unloaded after import = 0

========================================================================
Received Import Request.
  Time since last request: 0.000029 seconds.
  path: Assets/Scripts/LevelManager.cs
  artifactKey: Guid(1f9c91710e106d84186998d23ae1cf5f) Importer(815301076,1909f56bfc062723c751e8b465ee728b)
Start importing Assets/Scripts/LevelManager.cs using Guid(1f9c91710e106d84186998d23ae1cf5f) Importer(815301076,1909f56bfc062723c751e8b465ee728b) (PreviewImporter) -> (artifact id: '00000000000000000000000000000000') in 0.001098 seconds
Import Error Code:(4)
Message: Build asset version error: assets/scripts/levelmanager.cs in SourceAssetDB has modification time of '2026-09-17T12:37:51.7670397Z' while content on disk has modification time of '2026-09-17T12:37:58.661Z'
  ERROR: Build asset version error: assets/scripts/levelmanager.cs in SourceAssetDB has modification time of '2026-09-17T12:37:51.7670397Z' while content on disk has modification time of '2026-09-17T12:37:58.661Z'
Number of updated asset objects reloaded before import = 0Number of asset objects unloaded after import = 0

========================================================================
Received Import Request.
  Time since last request: 0.000076 seconds.
  path: Assets/Scripts/LevelManager.cs
  artifactKey: Guid(1f9c91710e106d84186998d23ae1cf5f) Importer(815301076,1909f56bfc062723c751e8b465ee728b)
Start importing Assets/Scripts/LevelManager.cs using Guid(1f9c91710e106d84186998d23ae1cf5f) Importer(815301076,1909f56bfc062723c751e8b465ee728b) (PreviewImporter) -> (artifact id: '00000000000000000000000000000000') in 0.000888 seconds
Import Error Code:(4)
Message: Build asset version error: assets/scripts/levelmanager.cs in SourceAssetDB has modification time of '2026-09-17T12:37:51.7670397Z' while content on disk has modification time of '2026-09-17T12:37:58.661Z'
  ERROR: Build asset version error: assets/scripts/levelmanager.cs in SourceAssetDB has modification time of '2026-09-17T12:37:51.7670397Z' while content on disk has modification time of '2026-09-17T12:37:58.661Z'
Number of updated asset objects reloaded before import = 0Number of asset objects unloaded after import = 0

========================================================================
Received Import Request.
  Time since last request: 0.000022 seconds.
  path: Assets/Scripts/LevelManager.cs
  artifactKey: Guid(1f9c91710e106d84186998d23ae1cf5f) Importer(815301076,1909f56bfc062723c751e8b465ee728b)
Start importing Assets/Scripts/LevelManager.cs using Guid(1f9c91710e106d84186998d23ae1cf5f) Importer(815301076,1909f56bfc062723c751e8b465ee728b) (PreviewImporter) -> (artifact id: '00000000000000000000000000000000') in 0.00132 seconds
Import Error Code:(4)
Message: Build asset version error: assets/scripts/levelmanager.cs in SourceAssetDB has modification time of '2026-09-17T12:37:51.7670397Z' while content on disk has modification time of '2026-09-17T12:37:58.661Z'
  ERROR: Build asset version error: assets/scripts/levelmanager.cs in SourceAssetDB has modification time of '2026-09-17T12:37:51.7670397Z' while content on disk has modification time of '2026-09-17T12:37:58.661Z'
Number of updated asset objects reloaded before import = 0Number of asset objects unloaded after import = 0

========================================================================
Received Import Request.
  Time since last request: 0.000031 seconds.
  path: Assets/Scripts/LevelManager.cs
  artifactKey: Guid(1f9c91710e106d84186998d23ae1cf5f) Importer(815301076,1909f56bfc062723c751e8b465ee728b)
Start importing Assets/Scripts/LevelManager.cs using Guid(1f9c91710e106d84186998d23ae1cf5f) Importer(815301076,1909f56bfc062723c751e8b465ee728b) (PreviewImporter) -> (artifact id: '00000000000000000000000000000000') in 0.0022918 seconds
Import Error Code:(4)
Message: Build asset version error: assets/scripts/levelmanager.cs in SourceAssetDB has modification time of '2026-09-17T12:37:51.7670397Z' while content on disk has modification time of '2026-09-17T12:37:58.661Z'
  ERROR: Build asset version error: assets/scripts/levelmanager.cs in SourceAssetDB has modification time of '2026-09-17T12:37:51.7670397Z' while content on disk has modification time of '2026-09-17T12:37:58.661Z'
Number of updated asset objects reloaded before import = 0Number of asset objects unloaded after import = 0

========================================================================
Received Import Request.
  Time since last request: 0.000028 seconds.
  path: Assets/Scripts/LevelManager.cs
  artifactKey: Guid(1f9c91710e106d84186998d23ae1cf5f) Importer(815301076,1909f56bfc062723c751e8b465ee728b)
Start importing Assets/Scripts/LevelManager.cs using Guid(1f9c91710e106d84186998d23ae1cf5f) Importer(815301076,1909f56bfc062723c751e8b465ee728b) (PreviewImporter) -> (artifact id: '00000000000000000000000000000000') in 0.0008524 seconds
Import Error Code:(4)
Message: Build asset version error: assets/scripts/levelmanager.cs in SourceAssetDB has modification time of '2026-09-17T12:37:51.7670397Z' while content on disk has modification time of '2026-09-17T12:37:58.661Z'
  ERROR: Build asset version error: assets/scripts/levelmanager.cs in SourceAssetDB has modification time of '2026-09-17T12:37:51.7670397Z' while content on disk has modification time of '2026-09-17T12:37:58.661Z'
Number of updated asset objects reloaded before import = 0Number of asset objects unloaded after import = 0

========================================================================
Received Import Request.
  Time since last request: 0.000034 seconds.
  path: Assets/Scripts/LevelManager.cs
  artifactKey: Guid(1f9c91710e106d84186998d23ae1cf5f) Importer(815301076,1909f56bfc062723c751e8b465ee728b)
Start importing Assets/Scripts/LevelManager.cs using Guid(1f9c91710e106d84186998d23ae1cf5f) Importer(815301076,1909f56bfc062723c751e8b465ee728b) (PreviewImporter) -> (artifact id: '00000000000000000000000000000000') in 0.000755 seconds
Import Error Code:(4)
Message: Build asset version error: assets/scripts/levelmanager.cs in SourceAssetDB has modification time of '2026-09-17T12:37:51.7670397Z' while content on disk has modification time of '2026-09-17T12:37:58.661Z'
  ERROR: Build asset version error: assets/scripts/levelmanager.cs in SourceAssetDB has modification time of '2026-09-17T12:37:51.7670397Z' while content on disk has modification time of '2026-09-17T12:37:58.661Z'
Number of updated asset objects reloaded before import = 0Number of asset objects unloaded after import = 0

========================================================================
Received Import Request.
  Time since last request: 0.000024 seconds.
  path: Assets/Scripts/LevelManager.cs
  artifactKey: Guid(1f9c91710e106d84186998d23ae1cf5f) Importer(815301076,1909f56bfc062723c751e8b465ee728b)
Start importing Assets/Scripts/LevelManager.cs using Guid(1f9c91710e106d84186998d23ae1cf5f) Importer(815301076,1909f56bfc062723c751e8b465ee728b) (PreviewImporter) -> (artifact id: '00000000000000000000000000000000') in 0.0006556 seconds
Import Error Code:(4)
Message: Build asset version error: assets/scripts/levelmanager.cs in SourceAssetDB has modification time of '2026-09-17T12:37:51.7670397Z' while content on disk has modification time of '2026-09-17T12:37:58.661Z'
  ERROR: Build asset version error: assets/scripts/levelmanager.cs in SourceAssetDB has modification time of '2026-09-17T12:37:51.7670397Z' while content on disk has modification time of '2026-09-17T12:37:58.661Z'
Number of updated asset objects reloaded before import = 0Number of asset objects unloaded after import = 0

========================================================================
Received Import Request.
  Time since last request: 0.000022 seconds.
  path: Assets/Scripts/LevelManager.cs
  artifactKey: Guid(1f9c91710e106d84186998d23ae1cf5f) Importer(815301076,1909f56bfc062723c751e8b465ee728b)
Start importing Assets/Scripts/LevelManager.cs using Guid(1f9c91710e106d84186998d23ae1cf5f) Importer(815301076,1909f56bfc062723c751e8b465ee728b) (PreviewImporter) -> (artifact id: '00000000000000000000000000000000') in 0.0010388 seconds
Import Error Code:(4)
Message: Build asset version error: assets/scripts/levelmanager.cs in SourceAssetDB has modification time of '2026-09-17T12:37:51.7670397Z' while content on disk has modification time of '2026-09-17T12:37:58.661Z'
  ERROR: Build asset version error: assets/scripts/levelmanager.cs in SourceAssetDB has modification time of '2026-09-17T12:37:51.7670397Z' while content on disk has modification time of '2026-09-17T12:37:58.661Z'
Number of updated asset objects reloaded before import = 0Number of asset objects unloaded after import = 0

========================================================================
Received Import Request.
  Time since last request: 0.000027 seconds.
  path: Assets/Scripts/LevelManager.cs
  artifactKey: Guid(1f9c91710e106d84186998d23ae1cf5f) Importer(815301076,1909f56bfc062723c751e8b465ee728b)
Start importing Assets/Scripts/LevelManager.cs using Guid(1f9c91710e106d84186998d23ae1cf5f) Importer(815301076,1909f56bfc062723c751e8b465ee728b) (PreviewImporter) -> (artifact id: '00000000000000000000000000000000') in 0.0007057 seconds
Import Error Code:(4)
Message: Build asset version error: assets/scripts/levelmanager.cs in SourceAssetDB has modification time of '2026-09-17T12:37:51.7670397Z' while content on disk has modification time of '2026-09-17T12:37:58.661Z'
  ERROR: Build asset version error: assets/scripts/levelmanager.cs in SourceAssetDB has modification time of '2026-09-17T12:37:51.7670397Z' while content on disk has modification time of '2026-09-17T12:37:58.661Z'
Number of updated asset objects reloaded before import = 0Number of asset objects unloaded after import = 0

========================================================================
Received Import Request.
  Time since last request: 0.000032 seconds.
  path: Assets/Scripts/LevelManager.cs
  artifactKey: Guid(1f9c91710e106d84186998d23ae1cf5f) Importer(815301076,1909f56bfc062723c751e8b465ee728b)
Start importing Assets/Scripts/LevelManager.cs using Guid(1f9c91710e106d84186998d23ae1cf5f) Importer(815301076,1909f56bfc062723c751e8b465ee728b) (PreviewImporter) -> (artifact id: '00000000000000000000000000000000') in 0.0007056 seconds
Import Error Code:(4)
Message: Build asset version error: assets/scripts/levelmanager.cs in SourceAssetDB has modification time of '2026-09-17T12:37:51.7670397Z' while content on disk has modification time of '2026-09-17T12:37:58.661Z'
  ERROR: Build asset version error: assets/scripts/levelmanager.cs in SourceAssetDB has modification time of '2026-09-17T12:37:51.7670397Z' while content on disk has modification time of '2026-09-17T12:37:58.661Z'
Number of updated asset objects reloaded before import = 0Number of asset objects unloaded after import = 0

========================================================================
Received Import Request.
  Time since last request: 0.000049 seconds.
  path: Assets/Scripts/LevelManager.cs
  artifactKey: Guid(1f9c91710e106d84186998d23ae1cf5f) Importer(815301076,1909f56bfc062723c751e8b465ee728b)
Start importing Assets/Scripts/LevelManager.cs using Guid(1f9c91710e106d84186998d23ae1cf5f) Importer(815301076,1909f56bfc062723c751e8b465ee728b) (PreviewImporter) -> (artifact id: '00000000000000000000000000000000') in 0.0013805 seconds
Import Error Code:(4)
Message: Build asset version error: assets/scripts/levelmanager.cs in SourceAssetDB has modification time of '2026-09-17T12:37:51.7670397Z' while content on disk has modification time of '2026-09-17T12:37:58.661Z'
  ERROR: Build asset version error: assets/scripts/levelmanager.cs in SourceAssetDB has modification time of '2026-09-17T12:37:51.7670397Z' while content on disk has modification time of '2026-09-17T12:37:58.661Z'
Number of updated asset objects reloaded before import = 0Number of asset objects unloaded after import = 0

========================================================================
Received Import Request.
  Time since last request: 0.000022 seconds.
  path: Assets/Scripts/LevelManager.cs
  artifactKey: Guid(1f9c91710e106d84186998d23ae1cf5f) Importer(815301076,1909f56bfc062723c751e8b465ee728b)
Start importing Assets/Scripts/LevelManager.cs using Guid(1f9c91710e106d84186998d23ae1cf5f) Importer(815301076,1909f56bfc062723c751e8b465ee728b) (PreviewImporter) -> (artifact id: '00000000000000000000000000000000') in 0.000698 seconds
Import Error Code:(4)
Message: Build asset version error: assets/scripts/levelmanager.cs in SourceAssetDB has modification time of '2026-09-17T12:37:51.7670397Z' while content on disk has modification time of '2026-09-17T12:37:58.661Z'
  ERROR: Build asset version error: assets/scripts/levelmanager.cs in SourceAssetDB has modification time of '2026-09-17T12:37:51.7670397Z' while content on disk has modification time of '2026-09-17T12:37:58.661Z'
Number of updated asset objects reloaded before import = 0Number of asset objects unloaded after import = 0

========================================================================
Received Import Request.
  Time since last request: 0.000024 seconds.
  path: Assets/Scripts/LevelManager.cs
  artifactKey: Guid(1f9c91710e106d84186998d23ae1cf5f) Importer(815301076,1909f56bfc062723c751e8b465ee728b)
Start importing Assets/Scripts/LevelManager.cs using Guid(1f9c91710e106d84186998d23ae1cf5f) Importer(815301076,1909f56bfc062723c751e8b465ee728b) (PreviewImporter) -> (artifact id: '00000000000000000000000000000000') in 0.0006303 seconds
Import Error Code:(4)
Message: Build asset version error: assets/scripts/levelmanager.cs in SourceAssetDB has modification time of '2026-09-17T12:37:51.7670397Z' while content on disk has modification time of '2026-09-17T12:37:58.661Z'
  ERROR: Build asset version error: assets/scripts/levelmanager.cs in SourceAssetDB has modification time of '2026-09-17T12:37:51.7670397Z' while content on disk has modification time of '2026-09-17T12:37:58.661Z'
Number of updated asset objects reloaded before import = 0Number of asset objects unloaded after import = 0

========================================================================
Received Import Request.
  Time since last request: 0.000023 seconds.
  path: Assets/Scripts/LevelManager.cs
  artifactKey: Guid(1f9c91710e106d84186998d23ae1cf5f) Importer(815301076,1909f56bfc062723c751e8b465ee728b)
Start importing Assets/Scripts/LevelManager.cs using Guid(1f9c91710e106d84186998d23ae1cf5f) Importer(815301076,1909f56bfc062723c751e8b465ee728b) (PreviewImporter) -> (artifact id: '00000000000000000000000000000000') in 0.0008896 seconds
Import Error Code:(4)
Message: Build asset version error: assets/scripts/levelmanager.cs in SourceAssetDB has modification time of '2026-09-17T12:37:51.7670397Z' while content on disk has modification time of '2026-09-17T12:37:58.661Z'
  ERROR: Build asset version error: assets/scripts/levelmanager.cs in SourceAssetDB has modification time of '2026-09-17T12:37:51.7670397Z' while content on disk has modification time of '2026-09-17T12:37:58.661Z'
Number of updated asset objects reloaded before import = 0Number of asset objects unloaded after import = 0

========================================================================
Received Import Request.
  Time since last request: 0.000029 seconds.
  path: Assets/Scripts/LevelManager.cs
  artifactKey: Guid(1f9c91710e106d84186998d23ae1cf5f) Importer(815301076,1909f56bfc062723c751e8b465ee728b)
Start importing Assets/Scripts/LevelManager.cs using Guid(1f9c91710e106d84186998d23ae1cf5f) Importer(815301076,1909f56bfc062723c751e8b465ee728b) (PreviewImporter) -> (artifact id: '00000000000000000000000000000000') in 0.0007473 seconds
Import Error Code:(4)
Message: Build asset version error: assets/scripts/levelmanager.cs in SourceAssetDB has modification time of '2026-09-17T12:37:51.7670397Z' while content on disk has modification time of '2026-09-17T12:37:58.661Z'
  ERROR: Build asset version error: assets/scripts/levelmanager.cs in SourceAssetDB has modification time of '2026-09-17T12:37:51.7670397Z' while content on disk has modification time of '2026-09-17T12:37:58.661Z'
Number of updated asset objects reloaded before import = 0Number of asset objects unloaded after import = 0

========================================================================
Received Import Request.
  Time since last request: 0.000031 seconds.
  path: Assets/Scripts/LevelManager.cs
  artifactKey: Guid(1f9c91710e106d84186998d23ae1cf5f) Importer(815301076,1909f56bfc062723c751e8b465ee728b)
Start importing Assets/Scripts/LevelManager.cs using Guid(1f9c91710e106d84186998d23ae1cf5f) Importer(815301076,1909f56bfc062723c751e8b465ee728b) (PreviewImporter) -> (artifact id: '00000000000000000000000000000000') in 0.0006104 seconds
Import Error Code:(4)
Message: Build asset version error: assets/scripts/levelmanager.cs in SourceAssetDB has modification time of '2026-09-17T12:37:51.7670397Z' while content on disk has modification time of '2026-09-17T12:37:58.661Z'
  ERROR: Build asset version error: assets/scripts/levelmanager.cs in SourceAssetDB has modification time of '2026-09-17T12:37:51.7670397Z' while content on disk has modification time of '2026-09-17T12:37:58.661Z'
Number of updated asset objects reloaded before import = 0Number of asset objects unloaded after import = 0

========================================================================
Received Import Request.
  Time since last request: 0.000022 seconds.
  path: Assets/Scripts/LevelManager.cs
  artifactKey: Guid(1f9c91710e106d84186998d23ae1cf5f) Importer(815301076,1909f56bfc062723c751e8b465ee728b)
Start importing Assets/Scripts/LevelManager.cs using Guid(1f9c91710e106d84186998d23ae1cf5f) Importer(815301076,1909f56bfc062723c751e8b465ee728b) (PreviewImporter) -> (artifact id: '00000000000000000000000000000000') in 0.0007756 seconds
Import Error Code:(4)
Message: Build asset version error: assets/scripts/levelmanager.cs in SourceAssetDB has modification time of '2026-09-17T12:37:51.7670397Z' while content on disk has modification time of '2026-09-17T12:37:58.661Z'
  ERROR: Build asset version error: assets/scripts/levelmanager.cs in SourceAssetDB has modification time of '2026-09-17T12:37:51.7670397Z' while content on disk has modification time of '2026-09-17T12:37:58.661Z'
Number of updated asset objects reloaded before import = 0Number of asset objects unloaded after import = 0

========================================================================
Received Import Request.
  Time since last request: 0.000023 seconds.
  path: Assets/Scripts/LevelManager.cs
  artifactKey: Guid(1f9c91710e106d84186998d23ae1cf5f) Importer(815301076,1909f56bfc062723c751e8b465ee728b)
Start importing Assets/Scripts/LevelManager.cs using Guid(1f9c91710e106d84186998d23ae1cf5f) Importer(815301076,1909f56bfc062723c751e8b465ee728b) (PreviewImporter) -> (artifact id: '00000000000000000000000000000000') in 0.0007698 seconds
Import Error Code:(4)
Message: Build asset version error: assets/scripts/levelmanager.cs in SourceAssetDB has modification time of '2026-09-17T12:37:51.7670397Z' while content on disk has modification time of '2026-09-17T12:37:58.661Z'
  ERROR: Build asset version error: assets/scripts/levelmanager.cs in SourceAssetDB has modification time of '2026-09-17T12:37:51.7670397Z' while content on disk has modification time of '2026-09-17T12:37:58.661Z'
Number of updated asset objects reloaded before import = 0Number of asset objects unloaded after import = 0

========================================================================
Received Import Request.
  Time since last request: 0.000021 seconds.
  path: Assets/Scripts/LevelManager.cs
  artifactKey: Guid(1f9c91710e106d84186998d23ae1cf5f) Importer(815301076,1909f56bfc062723c751e8b465ee728b)
Start importing Assets/Scripts/LevelManager.cs using Guid(1f9c91710e106d84186998d23ae1cf5f) Importer(815301076,1909f56bfc062723c751e8b465ee728b) (PreviewImporter) -> (artifact id: '00000000000000000000000000000000') in 0.0007348 seconds
Import Error Code:(4)
Message: Build asset version error: assets/scripts/levelmanager.cs in SourceAssetDB has modification time of '2026-09-17T12:37:51.7670397Z' while content on disk has modification time of '2026-09-17T12:37:58.661Z'
  ERROR: Build asset version error: assets/scripts/levelmanager.cs in SourceAssetDB has modification time of '2026-09-17T12:37:51.7670397Z' while content on disk has modification time of '2026-09-17T12:37:58.661Z'
Number of updated asset objects reloaded before import = 0Number of asset objects unloaded after import = 0

========================================================================
Received Import Request.
  Time since last request: 0.000026 seconds.
  path: Assets/Scripts/LevelManager.cs
  artifactKey: Guid(1f9c91710e106d84186998d23ae1cf5f) Importer(815301076,1909f56bfc062723c751e8b465ee728b)
Start importing Assets/Scripts/LevelManager.cs using Guid(1f9c91710e106d84186998d23ae1cf5f) Importer(815301076,1909f56bfc062723c751e8b465ee728b) (PreviewImporter) -> (artifact id: '00000000000000000000000000000000') in 0.0009967 seconds
Import Error Code:(4)
Message: Build asset version error: assets/scripts/levelmanager.cs in SourceAssetDB has modification time of '2026-09-17T12:37:51.7670397Z' while content on disk has modification time of '2026-09-17T12:37:58.661Z'
  ERROR: Build asset version error: assets/scripts/levelmanager.cs in SourceAssetDB has modification time of '2026-09-17T12:37:51.7670397Z' while content on disk has modification time of '2026-09-17T12:37:58.661Z'
Number of updated asset objects reloaded before import = 0Number of asset objects unloaded after import = 0

========================================================================
Received Import Request.
  Time since last request: 0.000037 seconds.
  path: Assets/Scripts/LevelManager.cs
  artifactKey: Guid(1f9c91710e106d84186998d23ae1cf5f) Importer(815301076,1909f56bfc062723c751e8b465ee728b)
Start importing Assets/Scripts/LevelManager.cs using Guid(1f9c91710e106d84186998d23ae1cf5f) Importer(815301076,1909f56bfc062723c751e8b465ee728b) (PreviewImporter) -> (artifact id: '00000000000000000000000000000000') in 0.0008048 seconds
Import Error Code:(4)
Message: Build asset version error: assets/scripts/levelmanager.cs in SourceAssetDB has modification time of '2026-09-17T12:37:51.7670397Z' while content on disk has modification time of '2026-09-17T12:37:58.661Z'
  ERROR: Build asset version error: assets/scripts/levelmanager.cs in SourceAssetDB has modification time of '2026-09-17T12:37:51.7670397Z' while content on disk has modification time of '2026-09-17T12:37:58.661Z'
Number of updated asset objects reloaded before import = 0Number of asset objects unloaded after import = 0

========================================================================
Received Import Request.
  Time since last request: 0.000027 seconds.
  path: Assets/Scripts/LevelManager.cs
  artifactKey: Guid(1f9c91710e106d84186998d23ae1cf5f) Importer(815301076,1909f56bfc062723c751e8b465ee728b)
Start importing Assets/Scripts/LevelManager.cs using Guid(1f9c91710e106d84186998d23ae1cf5f) Importer(815301076,1909f56bfc062723c751e8b465ee728b) (PreviewImporter) -> (artifact id: '00000000000000000000000000000000') in 0.0007508 seconds
Import Error Code:(4)
Message: Build asset version error: assets/scripts/levelmanager.cs in SourceAssetDB has modification time of '2026-09-17T12:37:51.7670397Z' while content on disk has modification time of '2026-09-17T12:37:58.661Z'
  ERROR: Build asset version error: assets/scripts/levelmanager.cs in SourceAssetDB has modification time of '2026-09-17T12:37:51.7670397Z' while content on disk has modification time of '2026-09-17T12:37:58.661Z'
Number of updated asset objects reloaded before import = 0Number of asset objects unloaded after import = 0

========================================================================
Received Import Request.
  Time since last request: 0.000022 seconds.
  path: Assets/Scripts/LevelManager.cs
  artifactKey: Guid(1f9c91710e106d84186998d23ae1cf5f) Importer(815301076,1909f56bfc062723c751e8b465ee728b)
Start importing Assets/Scripts/LevelManager.cs using Guid(1f9c91710e106d84186998d23ae1cf5f) Importer(815301076,1909f56bfc062723c751e8b465ee728b) (PreviewImporter) -> (artifact id: '00000000000000000000000000000000') in 0.0006719 seconds
Import Error Code:(4)
Message: Build asset version error: assets/scripts/levelmanager.cs in SourceAssetDB has modification time of '2026-09-17T12:37:51.7670397Z' while content on disk has modification time of '2026-09-17T12:37:58.661Z'
  ERROR: Build asset version error: assets/scripts/levelmanager.cs in SourceAssetDB has modification time of '2026-09-17T12:37:51.7670397Z' while content on disk has modification time of '2026-09-17T12:37:58.661Z'
Number of updated asset objects reloaded before import = 0Number of asset objects unloaded after import = 0

========================================================================
Received Import Request.
  Time since last request: 0.000022 seconds.
  path: Assets/Scripts/LevelManager.cs
  artifactKey: Guid(1f9c91710e106d84186998d23ae1cf5f) Importer(815301076,1909f56bfc062723c751e8b465ee728b)
Start importing Assets/Scripts/LevelManager.cs using Guid(1f9c91710e106d84186998d23ae1cf5f) Importer(815301076,1909f56bfc062723c751e8b465ee728b) (PreviewImporter) -> (artifact id: '00000000000000000000000000000000') in 0.0006492 seconds
Import Error Code:(4)
Message: Build asset version error: assets/scripts/levelmanager.cs in SourceAssetDB has modification time of '2026-09-17T12:37:51.7670397Z' while content on disk has modification time of '2026-09-17T12:37:58.661Z'
  ERROR: Build asset version error: assets/scripts/levelmanager.cs in SourceAssetDB has modification time of '2026-09-17T12:37:51.7670397Z' while content on disk has modification time of '2026-09-17T12:37:58.661Z'
Number of updated asset objects reloaded before import = 0Number of asset objects unloaded after import = 0

========================================================================
Received Import Request.
  Time since last request: 0.000024 seconds.
  path: Assets/Scripts/LevelManager.cs
  artifactKey: Guid(1f9c91710e106d84186998d23ae1cf5f) Importer(815301076,1909f56bfc062723c751e8b465ee728b)
Start importing Assets/Scripts/LevelManager.cs using Guid(1f9c91710e106d84186998d23ae1cf5f) Importer(815301076,1909f56bfc062723c751e8b465ee728b) (PreviewImporter) -> (artifact id: '00000000000000000000000000000000') in 0.0006768 seconds
Import Error Code:(4)
Message: Build asset version error: assets/scripts/levelmanager.cs in SourceAssetDB has modification time of '2026-09-17T12:37:51.7670397Z' while content on disk has modification time of '2026-09-17T12:37:58.661Z'
  ERROR: Build asset version error: assets/scripts/levelmanager.cs in SourceAssetDB has modification time of '2026-09-17T12:37:51.7670397Z' while content on disk has modification time of '2026-09-17T12:37:58.661Z'
Number of updated asset objects reloaded before import = 0Number of asset objects unloaded after import = 0

========================================================================
Received Import Request.
  Time since last request: 0.000031 seconds.
  path: Assets/Scripts/LevelManager.cs
  artifactKey: Guid(1f9c91710e106d84186998d23ae1cf5f) Importer(815301076,1909f56bfc062723c751e8b465ee728b)
Start importing Assets/Scripts/LevelManager.cs using Guid(1f9c91710e106d84186998d23ae1cf5f) Importer(815301076,1909f56bfc062723c751e8b465ee728b) (PreviewImporter) -> (artifact id: '00000000000000000000000000000000') in 0.0006796 seconds
Import Error Code:(4)
Message: Build asset version error: assets/scripts/levelmanager.cs in SourceAssetDB has modification time of '2026-09-17T12:37:51.7670397Z' while content on disk has modification time of '2026-09-17T12:37:58.661Z'
  ERROR: Build asset version error: assets/scripts/levelmanager.cs in SourceAssetDB has modification time of '2026-09-17T12:37:51.7670397Z' while content on disk has modification time of '2026-09-17T12:37:58.661Z'
Number of updated asset objects reloaded before import = 0Number of asset objects unloaded after import = 0

========================================================================
Received Import Request.
  Time since last request: 0.000038 seconds.
  path: Assets/Scripts/LevelManager.cs
  artifactKey: Guid(1f9c91710e106d84186998d23ae1cf5f) Importer(815301076,1909f56bfc062723c751e8b465ee728b)
Start importing Assets/Scripts/LevelManager.cs using Guid(1f9c91710e106d84186998d23ae1cf5f) Importer(815301076,1909f56bfc062723c751e8b465ee728b) (PreviewImporter) -> (artifact id: '00000000000000000000000000000000') in 0.0006756 seconds
Import Error Code:(4)
Message: Build asset version error: assets/scripts/levelmanager.cs in SourceAssetDB has modification time of '2026-09-17T12:37:51.7670397Z' while content on disk has modification time of '2026-09-17T12:37:58.661Z'
  ERROR: Build asset version error: assets/scripts/levelmanager.cs in SourceAssetDB has modification time of '2026-09-17T12:37:51.7670397Z' while content on disk has modification time of '2026-09-17T12:37:58.661Z'
Number of updated asset objects reloaded before import = 0Number of asset objects unloaded after import = 0

========================================================================
Received Import Request.
  Time since last request: 0.000020 seconds.
  path: Assets/Scripts/LevelManager.cs
  artifactKey: Guid(1f9c91710e106d84186998d23ae1cf5f) Importer(815301076,1909f56bfc062723c751e8b465ee728b)
Start importing Assets/Scripts/LevelManager.cs using Guid(1f9c91710e106d84186998d23ae1cf5f) Importer(815301076,1909f56bfc062723c751e8b465ee728b) (PreviewImporter) -> (artifact id: '00000000000000000000000000000000') in 0.001095 seconds
Import Error Code:(4)
Message: Build asset version error: assets/scripts/levelmanager.cs in SourceAssetDB has modification time of '2026-09-17T12:37:51.7670397Z' while content on disk has modification time of '2026-09-17T12:37:58.661Z'
  ERROR: Build asset version error: assets/scripts/levelmanager.cs in SourceAssetDB has modification time of '2026-09-17T12:37:51.7670397Z' while content on disk has modification time of '2026-09-17T12:37:58.661Z'
Number of updated asset objects reloaded before import = 0Number of asset objects unloaded after import = 0

========================================================================
Received Import Request.
  Time since last request: 0.000022 seconds.
  path: Assets/Scripts/LevelManager.cs
  artifactKey: Guid(1f9c91710e106d84186998d23ae1cf5f) Importer(815301076,1909f56bfc062723c751e8b465ee728b)
Start importing Assets/Scripts/LevelManager.cs using Guid(1f9c91710e106d84186998d23ae1cf5f) Importer(815301076,1909f56bfc062723c751e8b465ee728b) (PreviewImporter) -> (artifact id: '00000000000000000000000000000000') in 0.0006608 seconds
Import Error Code:(4)
Message: Build asset version error: assets/scripts/levelmanager.cs in SourceAssetDB has modification time of '2026-09-17T12:37:51.7670397Z' while content on disk has modification time of '2026-09-17T12:37:58.661Z'
  ERROR: Build asset version error: assets/scripts/levelmanager.cs in SourceAssetDB has modification time of '2026-09-17T12:37:51.7670397Z' while content on disk has modification time of '2026-09-17T12:37:58.661Z'
Number of updated asset objects reloaded before import = 0Number of asset objects unloaded after import = 0

========================================================================
Received Import Request.
  Time since last request: 0.000031 seconds.
  path: Assets/Scripts/LevelManager.cs
  artifactKey: Guid(1f9c91710e106d84186998d23ae1cf5f) Importer(815301076,1909f56bfc062723c751e8b465ee728b)
Start importing Assets/Scripts/LevelManager.cs using Guid(1f9c91710e106d84186998d23ae1cf5f) Importer(815301076,1909f56bfc062723c751e8b465ee728b) (PreviewImporter) -> (artifact id: '00000000000000000000000000000000') in 0.0007341 seconds
Import Error Code:(4)
Message: Build asset version error: assets/scripts/levelmanager.cs in SourceAssetDB has modification time of '2026-09-17T12:37:51.7670397Z' while content on disk has modification time of '2026-09-17T12:37:58.661Z'
  ERROR: Build asset version error: assets/scripts/levelmanager.cs in SourceAssetDB has modification time of '2026-09-17T12:37:51.7670397Z' while content on disk has modification time of '2026-09-17T12:37:58.661Z'
Number of updated asset objects reloaded before import = 0Number of asset objects unloaded after import = 0

========================================================================
Received Import Request.
  Time since last request: 0.000060 seconds.
  path: Assets/Scripts/LevelManager.cs
  artifactKey: Guid(1f9c91710e106d84186998d23ae1cf5f) Importer(815301076,1909f56bfc062723c751e8b465ee728b)
Start importing Assets/Scripts/LevelManager.cs using Guid(1f9c91710e106d84186998d23ae1cf5f) Importer(815301076,1909f56bfc062723c751e8b465ee728b) (PreviewImporter) -> (artifact id: '00000000000000000000000000000000') in 0.0008119 seconds
Import Error Code:(4)
Message: Build asset version error: assets/scripts/levelmanager.cs in SourceAssetDB has modification time of '2026-09-17T12:37:51.7670397Z' while content on disk has modification time of '2026-09-17T12:37:58.661Z'
  ERROR: Build asset version error: assets/scripts/levelmanager.cs in SourceAssetDB has modification time of '2026-09-17T12:37:51.7670397Z' while content on disk has modification time of '2026-09-17T12:37:58.661Z'
Number of updated asset objects reloaded before import = 0Number of asset objects unloaded after import = 0

========================================================================
Received Import Request.
  Time since last request: 0.000026 seconds.
  path: Assets/Scripts/LevelManager.cs
  artifactKey: Guid(1f9c91710e106d84186998d23ae1cf5f) Importer(815301076,1909f56bfc062723c751e8b465ee728b)
Start importing Assets/Scripts/LevelManager.cs using Guid(1f9c91710e106d84186998d23ae1cf5f) Importer(815301076,1909f56bfc062723c751e8b465ee728b) (PreviewImporter) -> (artifact id: '00000000000000000000000000000000') in 0.0009384 seconds
Import Error Code:(4)
Message: Build asset version error: assets/scripts/levelmanager.cs in SourceAssetDB has modification time of '2026-09-17T12:37:51.7670397Z' while content on disk has modification time of '2026-09-17T12:37:58.661Z'
  ERROR: Build asset version error: assets/scripts/levelmanager.cs in SourceAssetDB has modification time of '2026-09-17T12:37:51.7670397Z' while content on disk has modification time of '2026-09-17T12:37:58.661Z'
Number of updated asset objects reloaded before import = 0Number of asset objects unloaded after import = 0

========================================================================
Received Import Request.
  Time since last request: 0.000022 seconds.
  path: Assets/Scripts/LevelManager.cs
  artifactKey: Guid(1f9c91710e106d84186998d23ae1cf5f) Importer(815301076,1909f56bfc062723c751e8b465ee728b)
Start importing Assets/Scripts/LevelManager.cs using Guid(1f9c91710e106d84186998d23ae1cf5f) Importer(815301076,1909f56bfc062723c751e8b465ee728b) (PreviewImporter) -> (artifact id: '00000000000000000000000000000000') in 0.0006869 seconds
Import Error Code:(4)
Message: Build asset version error: assets/scripts/levelmanager.cs in SourceAssetDB has modification time of '2026-09-17T12:37:51.7670397Z' while content on disk has modification time of '2026-09-17T12:37:58.661Z'
  ERROR: Build asset version error: assets/scripts/levelmanager.cs in SourceAssetDB has modification time of '2026-09-17T12:37:51.7670397Z' while content on disk has modification time of '2026-09-17T12:37:58.661Z'
Number of updated asset objects reloaded before import = 0Number of asset objects unloaded after import = 0

========================================================================
Received Import Request.
  Time since last request: 0.000043 seconds.
  path: Assets/Scripts/LevelManager.cs
  artifactKey: Guid(1f9c91710e106d84186998d23ae1cf5f) Importer(815301076,1909f56bfc062723c751e8b465ee728b)
Start importing Assets/Scripts/LevelManager.cs using Guid(1f9c91710e106d84186998d23ae1cf5f) Importer(815301076,1909f56bfc062723c751e8b465ee728b) (PreviewImporter) -> (artifact id: '00000000000000000000000000000000') in 0.001166 seconds
Import Error Code:(4)
Message: Build asset version error: assets/scripts/levelmanager.cs in SourceAssetDB has modification time of '2026-09-17T12:37:51.7670397Z' while content on disk has modification time of '2026-09-17T12:37:58.661Z'
  ERROR: Build asset version error: assets/scripts/levelmanager.cs in SourceAssetDB has modification time of '2026-09-17T12:37:51.7670397Z' while content on disk has modification time of '2026-09-17T12:37:58.661Z'
Number of updated asset objects reloaded before import = 0Number of asset objects unloaded after import = 0

========================================================================
Received Import Request.
  Time since last request: 0.000025 seconds.
  path: Assets/Scripts/LevelManager.cs
  artifactKey: Guid(1f9c91710e106d84186998d23ae1cf5f) Importer(815301076,1909f56bfc062723c751e8b465ee728b)
Start importing Assets/Scripts/LevelManager.cs using Guid(1f9c91710e106d84186998d23ae1cf5f) Importer(815301076,1909f56bfc062723c751e8b465ee728b) (PreviewImporter) -> (artifact id: '00000000000000000000000000000000') in 0.0007578 seconds
Import Error Code:(4)
Message: Build asset version error: assets/scripts/levelmanager.cs in SourceAssetDB has modification time of '2026-09-17T12:37:51.7670397Z' while content on disk has modification time of '2026-09-17T12:37:58.661Z'
  ERROR: Build asset version error: assets/scripts/levelmanager.cs in SourceAssetDB has modification time of '2026-09-17T12:37:51.7670397Z' while content on disk has modification time of '2026-09-17T12:37:58.661Z'
Number of updated asset objects reloaded before import = 0Number of asset objects unloaded after import = 0

========================================================================
Received Import Request.
  Time since last request: 0.000032 seconds.
  path: Assets/Scripts/LevelManager.cs
  artifactKey: Guid(1f9c91710e106d84186998d23ae1cf5f) Importer(815301076,1909f56bfc062723c751e8b465ee728b)
Start importing Assets/Scripts/LevelManager.cs using Guid(1f9c91710e106d84186998d23ae1cf5f) Importer(815301076,1909f56bfc062723c751e8b465ee728b) (PreviewImporter) -> (artifact id: '00000000000000000000000000000000') in 0.0006133 seconds
Import Error Code:(4)
Message: Build asset version error: assets/scripts/levelmanager.cs in SourceAssetDB has modification time of '2026-09-17T12:37:51.7670397Z' while content on disk has modification time of '2026-09-17T12:37:58.661Z'
  ERROR: Build asset version error: assets/scripts/levelmanager.cs in SourceAssetDB has modification time of '2026-09-17T12:37:51.7670397Z' while content on disk has modification time of '2026-09-17T12:37:58.661Z'
Number of updated asset objects reloaded before import = 0Number of asset objects unloaded after import = 0

========================================================================
Received Import Request.
  Time since last request: 0.000037 seconds.
  path: Assets/Scripts/LevelManager.cs
  artifactKey: Guid(1f9c91710e106d84186998d23ae1cf5f) Importer(815301076,1909f56bfc062723c751e8b465ee728b)
Start importing Assets/Scripts/LevelManager.cs using Guid(1f9c91710e106d84186998d23ae1cf5f) Importer(815301076,1909f56bfc062723c751e8b465ee728b) (PreviewImporter) -> (artifact id: '00000000000000000000000000000000') in 0.0006406 seconds
Import Error Code:(4)
Message: Build asset version error: assets/scripts/levelmanager.cs in SourceAssetDB has modification time of '2026-09-17T12:37:51.7670397Z' while content on disk has modification time of '2026-09-17T12:37:58.661Z'
  ERROR: Build asset version error: assets/scripts/levelmanager.cs in SourceAssetDB has modification time of '2026-09-17T12:37:51.7670397Z' while content on disk has modification time of '2026-09-17T12:37:58.661Z'
Number of updated asset objects reloaded before import = 0Number of asset objects unloaded after import = 0

========================================================================
Received Import Request.
  Time since last request: 0.000019 seconds.
  path: Assets/Scripts/LevelManager.cs
  artifactKey: Guid(1f9c91710e106d84186998d23ae1cf5f) Importer(815301076,1909f56bfc062723c751e8b465ee728b)
Start importing Assets/Scripts/LevelManager.cs using Guid(1f9c91710e106d84186998d23ae1cf5f) Importer(815301076,1909f56bfc062723c751e8b465ee728b) (PreviewImporter) -> (artifact id: '00000000000000000000000000000000') in 0.0008734 seconds
Import Error Code:(4)
Message: Build asset version error: assets/scripts/levelmanager.cs in SourceAssetDB has modification time of '2026-09-17T12:37:51.7670397Z' while content on disk has modification time of '2026-09-17T12:37:58.661Z'
  ERROR: Build asset version error: assets/scripts/levelmanager.cs in SourceAssetDB has modification time of '2026-09-17T12:37:51.7670397Z' while content on disk has modification time of '2026-09-17T12:37:58.661Z'
Number of updated asset objects reloaded before import = 0Number of asset objects unloaded after import = 0

========================================================================
Received Import Request.
  Time since last request: 0.000020 seconds.
  path: Assets/Scripts/LevelManager.cs
  artifactKey: Guid(1f9c91710e106d84186998d23ae1cf5f) Importer(815301076,1909f56bfc062723c751e8b465ee728b)
Start importing Assets/Scripts/LevelManager.cs using Guid(1f9c91710e106d84186998d23ae1cf5f) Importer(815301076,1909f56bfc062723c751e8b465ee728b) (PreviewImporter) -> (artifact id: '00000000000000000000000000000000') in 0.0006583 seconds
Import Error Code:(4)
Message: Build asset version error: assets/scripts/levelmanager.cs in SourceAssetDB has modification time of '2026-09-17T12:37:51.7670397Z' while content on disk has modification time of '2026-09-17T12:37:58.661Z'
  ERROR: Build asset version error: assets/scripts/levelmanager.cs in SourceAssetDB has modification time of '2026-09-17T12:37:51.7670397Z' while content on disk has modification time of '2026-09-17T12:37:58.661Z'
Number of updated asset objects reloaded before import = 0Number of asset objects unloaded after import = 0

========================================================================
Received Import Request.
  Time since last request: 0.000025 seconds.
  path: Assets/Scripts/LevelManager.cs
  artifactKey: Guid(1f9c91710e106d84186998d23ae1cf5f) Importer(815301076,1909f56bfc062723c751e8b465ee728b)
Start importing Assets/Scripts/LevelManager.cs using Guid(1f9c91710e106d84186998d23ae1cf5f) Importer(815301076,1909f56bfc062723c751e8b465ee728b) (PreviewImporter) -> (artifact id: '00000000000000000000000000000000') in 0.0006779 seconds
Import Error Code:(4)
Message: Build asset version error: assets/scripts/levelmanager.cs in SourceAssetDB has modification time of '2026-09-17T12:37:51.7670397Z' while content on disk has modification time of '2026-09-17T12:37:58.661Z'
  ERROR: Build asset version error: assets/scripts/levelmanager.cs in SourceAssetDB has modification time of '2026-09-17T12:37:51.7670397Z' while content on disk has modification time of '2026-09-17T12:37:58.661Z'
Number of updated asset objects reloaded before import = 0Number of asset objects unloaded after import = 0

========================================================================
Received Import Request.
  Time since last request: 0.000052 seconds.
  path: Assets/Scripts/LevelManager.cs
  artifactKey: Guid(1f9c91710e106d84186998d23ae1cf5f) Importer(815301076,1909f56bfc062723c751e8b465ee728b)
Start importing Assets/Scripts/LevelManager.cs using Guid(1f9c91710e106d84186998d23ae1cf5f) Importer(815301076,1909f56bfc062723c751e8b465ee728b) (PreviewImporter) -> (artifact id: '00000000000000000000000000000000') in 0.0006664 seconds
Import Error Code:(4)
Message: Build asset version error: assets/scripts/levelmanager.cs in SourceAssetDB has modification time of '2026-09-17T12:37:51.7670397Z' while content on disk has modification time of '2026-09-17T12:37:58.661Z'
  ERROR: Build asset version error: assets/scripts/levelmanager.cs in SourceAssetDB has modification time of '2026-09-17T12:37:51.7670397Z' while content on disk has modification time of '2026-09-17T12:37:58.661Z'
Number of updated asset objects reloaded before import = 0Number of asset objects unloaded after import = 0

========================================================================
Received Import Request.
  Time since last request: 0.000031 seconds.
  path: Assets/Scripts/LevelManager.cs
  artifactKey: Guid(1f9c91710e106d84186998d23ae1cf5f) Importer(815301076,1909f56bfc062723c751e8b465ee728b)
Start importing Assets/Scripts/LevelManager.cs using Guid(1f9c91710e106d84186998d23ae1cf5f) Importer(815301076,1909f56bfc062723c751e8b465ee728b) (PreviewImporter) -> (artifact id: '00000000000000000000000000000000') in 0.0007772 seconds
Import Error Code:(4)
Message: Build asset version error: assets/scripts/levelmanager.cs in SourceAssetDB has modification time of '2026-09-17T12:37:51.7670397Z' while content on disk has modification time of '2026-09-17T12:37:58.661Z'
  ERROR: Build asset version error: assets/scripts/levelmanager.cs in SourceAssetDB has modification time of '2026-09-17T12:37:51.7670397Z' while content on disk has modification time of '2026-09-17T12:37:58.661Z'
Number of updated asset objects reloaded before import = 0Number of asset objects unloaded after import = 0

========================================================================
Received Import Request.
  Time since last request: 0.000020 seconds.
  path: Assets/Scripts/LevelManager.cs
  artifactKey: Guid(1f9c91710e106d84186998d23ae1cf5f) Importer(815301076,1909f56bfc062723c751e8b465ee728b)
Start importing Assets/Scripts/LevelManager.cs using Guid(1f9c91710e106d84186998d23ae1cf5f) Importer(815301076,1909f56bfc062723c751e8b465ee728b) (PreviewImporter) -> (artifact id: '00000000000000000000000000000000') in 0.0008634 seconds
Import Error Code:(4)
Message: Build asset version error: assets/scripts/levelmanager.cs in SourceAssetDB has modification time of '2026-09-17T12:37:51.7670397Z' while content on disk has modification time of '2026-09-17T12:37:58.661Z'
  ERROR: Build asset version error: assets/scripts/levelmanager.cs in SourceAssetDB has modification time of '2026-09-17T12:37:51.7670397Z' while content on disk has modification time of '2026-09-17T12:37:58.661Z'
Number of updated asset objects reloaded before import = 0Number of asset objects unloaded after import = 0

========================================================================
Received Import Request.
  Time since last request: 0.000027 seconds.
  path: Assets/Scripts/LevelManager.cs
  artifactKey: Guid(1f9c91710e106d84186998d23ae1cf5f) Importer(815301076,1909f56bfc062723c751e8b465ee728b)
Start importing Assets/Scripts/LevelManager.cs using Guid(1f9c91710e106d84186998d23ae1cf5f) Importer(815301076,1909f56bfc062723c751e8b465ee728b) (PreviewImporter) -> (artifact id: '00000000000000000000000000000000') in 0.0008841 seconds
Import Error Code:(4)
Message: Build asset version error: assets/scripts/levelmanager.cs in SourceAssetDB has modification time of '2026-09-17T12:37:51.7670397Z' while content on disk has modification time of '2026-09-17T12:37:58.661Z'
  ERROR: Build asset version error: assets/scripts/levelmanager.cs in SourceAssetDB has modification time of '2026-09-17T12:37:51.7670397Z' while content on disk has modification time of '2026-09-17T12:37:58.661Z'
Number of updated asset objects reloaded before import = 0Number of asset objects unloaded after import = 0

========================================================================
Received Import Request.
  Time since last request: 0.000032 seconds.
  path: Assets/Scripts/LevelManager.cs
  artifactKey: Guid(1f9c91710e106d84186998d23ae1cf5f) Importer(815301076,1909f56bfc062723c751e8b465ee728b)
Start importing Assets/Scripts/LevelManager.cs using Guid(1f9c91710e106d84186998d23ae1cf5f) Importer(815301076,1909f56bfc062723c751e8b465ee728b) (PreviewImporter) -> (artifact id: '00000000000000000000000000000000') in 0.0008615 seconds
Import Error Code:(4)
Message: Build asset version error: assets/scripts/levelmanager.cs in SourceAssetDB has modification time of '2026-09-17T12:37:51.7670397Z' while content on disk has modification time of '2026-09-17T12:37:58.661Z'
  ERROR: Build asset version error: assets/scripts/levelmanager.cs in SourceAssetDB has modification time of '2026-09-17T12:37:51.7670397Z' while content on disk has modification time of '2026-09-17T12:37:58.661Z'
Number of updated asset objects reloaded before import = 0Number of asset objects unloaded after import = 0

========================================================================
Received Import Request.
  Time since last request: 0.000033 seconds.
  path: Assets/Scripts/LevelManager.cs
  artifactKey: Guid(1f9c91710e106d84186998d23ae1cf5f) Importer(815301076,1909f56bfc062723c751e8b465ee728b)
Start importing Assets/Scripts/LevelManager.cs using Guid(1f9c91710e106d84186998d23ae1cf5f) Importer(815301076,1909f56bfc062723c751e8b465ee728b) (PreviewImporter) -> (artifact id: '00000000000000000000000000000000') in 0.0012868 seconds
Import Error Code:(4)
Message: Build asset version error: assets/scripts/levelmanager.cs in SourceAssetDB has modification time of '2026-09-17T12:37:51.7670397Z' while content on disk has modification time of '2026-09-17T12:37:58.661Z'
  ERROR: Build asset version error: assets/scripts/levelmanager.cs in SourceAssetDB has modification time of '2026-09-17T12:37:51.7670397Z' while content on disk has modification time of '2026-09-17T12:37:58.661Z'
Number of updated asset objects reloaded before import = 0Number of asset objects unloaded after import = 0

========================================================================
Received Import Request.
  Time since last request: 0.000049 seconds.
  path: Assets/Scripts/LevelManager.cs
  artifactKey: Guid(1f9c91710e106d84186998d23ae1cf5f) Importer(815301076,1909f56bfc062723c751e8b465ee728b)
Start importing Assets/Scripts/LevelManager.cs using Guid(1f9c91710e106d84186998d23ae1cf5f) Importer(815301076,1909f56bfc062723c751e8b465ee728b) (PreviewImporter) -> (artifact id: '00000000000000000000000000000000') in 0.000855 seconds
Import Error Code:(4)
Message: Build asset version error: assets/scripts/levelmanager.cs in SourceAssetDB has modification time of '2026-09-17T12:37:51.7670397Z' while content on disk has modification time of '2026-09-17T12:37:58.661Z'
  ERROR: Build asset version error: assets/scripts/levelmanager.cs in SourceAssetDB has modification time of '2026-09-17T12:37:51.7670397Z' while content on disk has modification time of '2026-09-17T12:37:58.661Z'
Number of updated asset objects reloaded before import = 0Number of asset objects unloaded after import = 0

========================================================================
Received Import Request.
  Time since last request: 0.000019 seconds.
  path: Assets/Scripts/LevelManager.cs
  artifactKey: Guid(1f9c91710e106d84186998d23ae1cf5f) Importer(815301076,1909f56bfc062723c751e8b465ee728b)
Start importing Assets/Scripts/LevelManager.cs using Guid(1f9c91710e106d84186998d23ae1cf5f) Importer(815301076,1909f56bfc062723c751e8b465ee728b) (PreviewImporter) -> (artifact id: '00000000000000000000000000000000') in 0.0009968 seconds
Import Error Code:(4)
Message: Build asset version error: assets/scripts/levelmanager.cs in SourceAssetDB has modification time of '2026-09-17T12:37:51.7670397Z' while content on disk has modification time of '2026-09-17T12:37:58.661Z'
  ERROR: Build asset version error: assets/scripts/levelmanager.cs in SourceAssetDB has modification time of '2026-09-17T12:37:51.7670397Z' while content on disk has modification time of '2026-09-17T12:37:58.661Z'
Number of updated asset objects reloaded before import = 0Number of asset objects unloaded after import = 0

========================================================================
Received Import Request.
  Time since last request: 0.000021 seconds.
  path: Assets/Scripts/LevelManager.cs
  artifactKey: Guid(1f9c91710e106d84186998d23ae1cf5f) Importer(815301076,1909f56bfc062723c751e8b465ee728b)
Start importing Assets/Scripts/LevelManager.cs using Guid(1f9c91710e106d84186998d23ae1cf5f) Importer(815301076,1909f56bfc062723c751e8b465ee728b) (PreviewImporter) -> (artifact id: '00000000000000000000000000000000') in 0.0006238 seconds
Import Error Code:(4)
Message: Build asset version error: assets/scripts/levelmanager.cs in SourceAssetDB has modification time of '2026-09-17T12:37:51.7670397Z' while content on disk has modification time of '2026-09-17T12:37:58.661Z'
  ERROR: Build asset version error: assets/scripts/levelmanager.cs in SourceAssetDB has modification time of '2026-09-17T12:37:51.7670397Z' while content on disk has modification time of '2026-09-17T12:37:58.661Z'
Number of updated asset objects reloaded before import = 0Number of asset objects unloaded after import = 0

========================================================================
Received Import Request.
  Time since last request: 0.000027 seconds.
  path: Assets/Scripts/LevelManager.cs
  artifactKey: Guid(1f9c91710e106d84186998d23ae1cf5f) Importer(815301076,1909f56bfc062723c751e8b465ee728b)
Start importing Assets/Scripts/LevelManager.cs using Guid(1f9c91710e106d84186998d23ae1cf5f) Importer(815301076,1909f56bfc062723c751e8b465ee728b) (PreviewImporter) -> (artifact id: '00000000000000000000000000000000') in 0.0007715 seconds
Import Error Code:(4)
Message: Build asset version error: assets/scripts/levelmanager.cs in SourceAssetDB has modification time of '2026-09-17T12:37:51.7670397Z' while content on disk has modification time of '2026-09-17T12:37:58.661Z'
  ERROR: Build asset version error: assets/scripts/levelmanager.cs in SourceAssetDB has modification time of '2026-09-17T12:37:51.7670397Z' while content on disk has modification time of '2026-09-17T12:37:58.661Z'
Number of updated asset objects reloaded before import = 0Number of asset objects unloaded after import = 0

========================================================================
Received Import Request.
  Time since last request: 0.000038 seconds.
  path: Assets/Scripts/LevelManager.cs
  artifactKey: Guid(1f9c91710e106d84186998d23ae1cf5f) Importer(815301076,1909f56bfc062723c751e8b465ee728b)
Start importing Assets/Scripts/LevelManager.cs using Guid(1f9c91710e106d84186998d23ae1cf5f) Importer(815301076,1909f56bfc062723c751e8b465ee728b) (PreviewImporter) -> (artifact id: '00000000000000000000000000000000') in 0.0007627 seconds
Import Error Code:(4)
Message: Build asset version error: assets/scripts/levelmanager.cs in SourceAssetDB has modification time of '2026-09-17T12:37:51.7670397Z' while content on disk has modification time of '2026-09-17T12:37:58.661Z'
  ERROR: Build asset version error: assets/scripts/levelmanager.cs in SourceAssetDB has modification time of '2026-09-17T12:37:51.7670397Z' while content on disk has modification time of '2026-09-17T12:37:58.661Z'
Number of updated asset objects reloaded before import = 0Number of asset objects unloaded after import = 0

========================================================================
Received Import Request.
  Time since last request: 0.000026 seconds.
  path: Assets/Scripts/LevelManager.cs
  artifactKey: Guid(1f9c91710e106d84186998d23ae1cf5f) Importer(815301076,1909f56bfc062723c751e8b465ee728b)
Start importing Assets/Scripts/LevelManager.cs using Guid(1f9c91710e106d84186998d23ae1cf5f) Importer(815301076,1909f56bfc062723c751e8b465ee728b) (PreviewImporter) -> (artifact id: '00000000000000000000000000000000') in 0.0006549 seconds
Import Error Code:(4)
Message: Build asset version error: assets/scripts/levelmanager.cs in SourceAssetDB has modification time of '2026-09-17T12:37:51.7670397Z' while content on disk has modification time of '2026-09-17T12:37:58.661Z'
  ERROR: Build asset version error: assets/scripts/levelmanager.cs in SourceAssetDB has modification time of '2026-09-17T12:37:51.7670397Z' while content on disk has modification time of '2026-09-17T12:37:58.661Z'
Number of updated asset objects reloaded before import = 0Number of asset objects unloaded after import = 0

========================================================================
Received Import Request.
  Time since last request: 0.000037 seconds.
  path: Assets/Scripts/LevelManager.cs
  artifactKey: Guid(1f9c91710e106d84186998d23ae1cf5f) Importer(815301076,1909f56bfc062723c751e8b465ee728b)
Start importing Assets/Scripts/LevelManager.cs using Guid(1f9c91710e106d84186998d23ae1cf5f) Importer(815301076,1909f56bfc062723c751e8b465ee728b) (PreviewImporter) -> (artifact id: '00000000000000000000000000000000') in 0.0006375 seconds
Import Error Code:(4)
Message: Build asset version error: assets/scripts/levelmanager.cs in SourceAssetDB has modification time of '2026-09-17T12:37:51.7670397Z' while content on disk has modification time of '2026-09-17T12:37:58.661Z'
  ERROR: Build asset version error: assets/scripts/levelmanager.cs in SourceAssetDB has modification time of '2026-09-17T12:37:51.7670397Z' while content on disk has modification time of '2026-09-17T12:37:58.661Z'
Number of updated asset objects reloaded before import = 0Number of asset objects unloaded after import = 0

========================================================================
Received Import Request.
  Time since last request: 0.000024 seconds.
  path: Assets/Scripts/LevelManager.cs
  artifactKey: Guid(1f9c91710e106d84186998d23ae1cf5f) Importer(815301076,1909f56bfc062723c751e8b465ee728b)
Start importing Assets/Scripts/LevelManager.cs using Guid(1f9c91710e106d84186998d23ae1cf5f) Importer(815301076,1909f56bfc062723c751e8b465ee728b) (PreviewImporter) -> (artifact id: '00000000000000000000000000000000') in 0.0006162 seconds
Import Error Code:(4)
Message: Build asset version error: assets/scripts/levelmanager.cs in SourceAssetDB has modification time of '2026-09-17T12:37:51.7670397Z' while content on disk has modification time of '2026-09-17T12:37:58.661Z'
  ERROR: Build asset version error: assets/scripts/levelmanager.cs in SourceAssetDB has modification time of '2026-09-17T12:37:51.7670397Z' while content on disk has modification time of '2026-09-17T12:37:58.661Z'
Number of updated asset objects reloaded before import = 0Number of asset objects unloaded after import = 0

========================================================================
Received Import Request.
  Time since last request: 0.000024 seconds.
  path: Assets/Scripts/LevelManager.cs
  artifactKey: Guid(1f9c91710e106d84186998d23ae1cf5f) Importer(815301076,1909f56bfc062723c751e8b465ee728b)
Start importing Assets/Scripts/LevelManager.cs using Guid(1f9c91710e106d84186998d23ae1cf5f) Importer(815301076,1909f56bfc062723c751e8b465ee728b) (PreviewImporter) -> (artifact id: '00000000000000000000000000000000') in 0.0006061 seconds
Import Error Code:(4)
Message: Build asset version error: assets/scripts/levelmanager.cs in SourceAssetDB has modification time of '2026-09-17T12:37:51.7670397Z' while content on disk has modification time of '2026-09-17T12:37:58.661Z'
  ERROR: Build asset version error: assets/scripts/levelmanager.cs in SourceAssetDB has modification time of '2026-09-17T12:37:51.7670397Z' while content on disk has modification time of '2026-09-17T12:37:58.661Z'
Number of updated asset objects reloaded before import = 0Number of asset objects unloaded after import = 0

========================================================================
Received Import Request.
  Time since last request: 0.000051 seconds.
  path: Assets/Scripts/LevelManager.cs
  artifactKey: Guid(1f9c91710e106d84186998d23ae1cf5f) Importer(815301076,1909f56bfc062723c751e8b465ee728b)
Start importing Assets/Scripts/LevelManager.cs using Guid(1f9c91710e106d84186998d23ae1cf5f) Importer(815301076,1909f56bfc062723c751e8b465ee728b) (PreviewImporter) -> (artifact id: '00000000000000000000000000000000') in 0.000826 seconds
Import Error Code:(4)
Message: Build asset version error: assets/scripts/levelmanager.cs in SourceAssetDB has modification time of '2026-09-17T12:37:51.7670397Z' while content on disk has modification time of '2026-09-17T12:37:58.661Z'
  ERROR: Build asset version error: assets/scripts/levelmanager.cs in SourceAssetDB has modification time of '2026-09-17T12:37:51.7670397Z' while content on disk has modification time of '2026-09-17T12:37:58.661Z'
Number of updated asset objects reloaded before import = 0Number of asset objects unloaded after import = 0

========================================================================
Received Import Request.
  Time since last request: 0.000033 seconds.
  path: Assets/Scripts/LevelManager.cs
  artifactKey: Guid(1f9c91710e106d84186998d23ae1cf5f) Importer(815301076,1909f56bfc062723c751e8b465ee728b)
Start importing Assets/Scripts/LevelManager.cs using Guid(1f9c91710e106d84186998d23ae1cf5f) Importer(815301076,1909f56bfc062723c751e8b465ee728b) (PreviewImporter) -> (artifact id: '00000000000000000000000000000000') in 0.0007963 seconds
Import Error Code:(4)
Message: Build asset version error: assets/scripts/levelmanager.cs in SourceAssetDB has modification time of '2026-09-17T12:37:51.7670397Z' while content on disk has modification time of '2026-09-17T12:37:58.661Z'
  ERROR: Build asset version error: assets/scripts/levelmanager.cs in SourceAssetDB has modification time of '2026-09-17T12:37:51.7670397Z' while content on disk has modification time of '2026-09-17T12:37:58.661Z'
Number of updated asset objects reloaded before import = 0Number of asset objects unloaded after import = 0

========================================================================
Received Import Request.
  Time since last request: 0.000029 seconds.
  path: Assets/Scripts/LevelManager.cs
  artifactKey: Guid(1f9c91710e106d84186998d23ae1cf5f) Importer(815301076,1909f56bfc062723c751e8b465ee728b)
Start importing Assets/Scripts/LevelManager.cs using Guid(1f9c91710e106d84186998d23ae1cf5f) Importer(815301076,1909f56bfc062723c751e8b465ee728b) (PreviewImporter) -> (artifact id: '00000000000000000000000000000000') in 0.0006368 seconds
Import Error Code:(4)
Message: Build asset version error: assets/scripts/levelmanager.cs in SourceAssetDB has modification time of '2026-09-17T12:37:51.7670397Z' while content on disk has modification time of '2026-09-17T12:37:58.661Z'
  ERROR: Build asset version error: assets/scripts/levelmanager.cs in SourceAssetDB has modification time of '2026-09-17T12:37:51.7670397Z' while content on disk has modification time of '2026-09-17T12:37:58.661Z'
Number of updated asset objects reloaded before import = 0Number of asset objects unloaded after import = 0

========================================================================
Received Import Request.
  Time since last request: 0.000021 seconds.
  path: Assets/Scripts/LevelManager.cs
  artifactKey: Guid(1f9c91710e106d84186998d23ae1cf5f) Importer(815301076,1909f56bfc062723c751e8b465ee728b)
Start importing Assets/Scripts/LevelManager.cs using Guid(1f9c91710e106d84186998d23ae1cf5f) Importer(815301076,1909f56bfc062723c751e8b465ee728b) (PreviewImporter) -> (artifact id: '00000000000000000000000000000000') in 0.0006651 seconds
Import Error Code:(4)
Message: Build asset version error: assets/scripts/levelmanager.cs in SourceAssetDB has modification time of '2026-09-17T12:37:51.7670397Z' while content on disk has modification time of '2026-09-17T12:37:58.661Z'
  ERROR: Build asset version error: assets/scripts/levelmanager.cs in SourceAssetDB has modification time of '2026-09-17T12:37:51.7670397Z' while content on disk has modification time of '2026-09-17T12:37:58.661Z'
Number of updated asset objects reloaded before import = 0Number of asset objects unloaded after import = 0

========================================================================
Received Import Request.
  Time since last request: 0.000022 seconds.
  path: Assets/Scripts/LevelManager.cs
  artifactKey: Guid(1f9c91710e106d84186998d23ae1cf5f) Importer(815301076,1909f56bfc062723c751e8b465ee728b)
Start importing Assets/Scripts/LevelManager.cs using Guid(1f9c91710e106d84186998d23ae1cf5f) Importer(815301076,1909f56bfc062723c751e8b465ee728b) (PreviewImporter) -> (artifact id: '00000000000000000000000000000000') in 0.0009616 seconds
Import Error Code:(4)
Message: Build asset version error: assets/scripts/levelmanager.cs in SourceAssetDB has modification time of '2026-09-17T12:37:51.7670397Z' while content on disk has modification time of '2026-09-17T12:37:58.661Z'
  ERROR: Build asset version error: assets/scripts/levelmanager.cs in SourceAssetDB has modification time of '2026-09-17T12:37:51.7670397Z' while content on disk has modification time of '2026-09-17T12:37:58.661Z'
Number of updated asset objects reloaded before import = 0Number of asset objects unloaded after import = 0

========================================================================
Received Import Request.
  Time since last request: 0.000037 seconds.
  path: Assets/Scripts/LevelManager.cs
  artifactKey: Guid(1f9c91710e106d84186998d23ae1cf5f) Importer(815301076,1909f56bfc062723c751e8b465ee728b)
Start importing Assets/Scripts/LevelManager.cs using Guid(1f9c91710e106d84186998d23ae1cf5f) Importer(815301076,1909f56bfc062723c751e8b465ee728b) (PreviewImporter) -> (artifact id: '00000000000000000000000000000000') in 0.0013044 seconds
Import Error Code:(4)
Message: Build asset version error: assets/scripts/levelmanager.cs in SourceAssetDB has modification time of '2026-09-17T12:37:51.7670397Z' while content on disk has modification time of '2026-09-17T12:37:58.661Z'
  ERROR: Build asset version error: assets/scripts/levelmanager.cs in SourceAssetDB has modification time of '2026-09-17T12:37:51.7670397Z' while content on disk has modification time of '2026-09-17T12:37:58.661Z'
Number of updated asset objects reloaded before import = 0Number of asset objects unloaded after import = 0

========================================================================
Received Import Request.
  Time since last request: 0.000027 seconds.
  path: Assets/Scripts/LevelManager.cs
  artifactKey: Guid(1f9c91710e106d84186998d23ae1cf5f) Importer(815301076,1909f56bfc062723c751e8b465ee728b)
Start importing Assets/Scripts/LevelManager.cs using Guid(1f9c91710e106d84186998d23ae1cf5f) Importer(815301076,1909f56bfc062723c751e8b465ee728b) (PreviewImporter) -> (artifact id: '00000000000000000000000000000000') in 0.0007555 seconds
Import Error Code:(4)
Message: Build asset version error: assets/scripts/levelmanager.cs in SourceAssetDB has modification time of '2026-09-17T12:37:51.7670397Z' while content on disk has modification time of '2026-09-17T12:37:58.661Z'
  ERROR: Build asset version error: assets/scripts/levelmanager.cs in SourceAssetDB has modification time of '2026-09-17T12:37:51.7670397Z' while content on disk has modification time of '2026-09-17T12:37:58.661Z'
Number of updated asset objects reloaded before import = 0Number of asset objects unloaded after import = 0

========================================================================
Received Import Request.
  Time since last request: 0.000023 seconds.
  path: Assets/Scripts/LevelManager.cs
  artifactKey: Guid(1f9c91710e106d84186998d23ae1cf5f) Importer(815301076,1909f56bfc062723c751e8b465ee728b)
Start importing Assets/Scripts/LevelManager.cs using Guid(1f9c91710e106d84186998d23ae1cf5f) Importer(815301076,1909f56bfc062723c751e8b465ee728b) (PreviewImporter) -> (artifact id: '00000000000000000000000000000000') in 0.0007322 seconds
Import Error Code:(4)
Message: Build asset version error: assets/scripts/levelmanager.cs in SourceAssetDB has modification time of '2026-09-17T12:37:51.7670397Z' while content on disk has modification time of '2026-09-17T12:37:58.661Z'
  ERROR: Build asset version error: assets/scripts/levelmanager.cs in SourceAssetDB has modification time of '2026-09-17T12:37:51.7670397Z' while content on disk has modification time of '2026-09-17T12:37:58.661Z'
Number of updated asset objects reloaded before import = 0Number of asset objects unloaded after import = 0

========================================================================
Received Import Request.
  Time since last request: 0.000068 seconds.
  path: Assets/Scripts/LevelManager.cs
  artifactKey: Guid(1f9c91710e106d84186998d23ae1cf5f) Importer(815301076,1909f56bfc062723c751e8b465ee728b)
Start importing Assets/Scripts/LevelManager.cs using Guid(1f9c91710e106d84186998d23ae1cf5f) Importer(815301076,1909f56bfc062723c751e8b465ee728b) (PreviewImporter) -> (artifact id: '00000000000000000000000000000000') in 0.0006809 seconds
Import Error Code:(4)
Message: Build asset version error: assets/scripts/levelmanager.cs in SourceAssetDB has modification time of '2026-09-17T12:37:51.7670397Z' while content on disk has modification time of '2026-09-17T12:37:58.661Z'
  ERROR: Build asset version error: assets/scripts/levelmanager.cs in SourceAssetDB has modification time of '2026-09-17T12:37:51.7670397Z' while content on disk has modification time of '2026-09-17T12:37:58.661Z'
Number of updated asset objects reloaded before import = 0Number of asset objects unloaded after import = 0

========================================================================
Received Import Request.
  Time since last request: 0.000030 seconds.
  path: Assets/Scripts/LevelManager.cs
  artifactKey: Guid(1f9c91710e106d84186998d23ae1cf5f) Importer(815301076,1909f56bfc062723c751e8b465ee728b)
Start importing Assets/Scripts/LevelManager.cs using Guid(1f9c91710e106d84186998d23ae1cf5f) Importer(815301076,1909f56bfc062723c751e8b465ee728b) (PreviewImporter) -> (artifact id: '00000000000000000000000000000000') in 0.0009969 seconds
Import Error Code:(4)
Message: Build asset version error: assets/scripts/levelmanager.cs in SourceAssetDB has modification time of '2026-09-17T12:37:51.7670397Z' while content on disk has modification time of '2026-09-17T12:37:58.661Z'
  ERROR: Build asset version error: assets/scripts/levelmanager.cs in SourceAssetDB has modification time of '2026-09-17T12:37:51.7670397Z' while content on disk has modification time of '2026-09-17T12:37:58.661Z'
Number of updated asset objects reloaded before import = 0Number of asset objects unloaded after import = 0

========================================================================
Received Import Request.
  Time since last request: 0.000034 seconds.
  path: Assets/Scripts/LevelManager.cs
  artifactKey: Guid(1f9c91710e106d84186998d23ae1cf5f) Importer(815301076,1909f56bfc062723c751e8b465ee728b)
Start importing Assets/Scripts/LevelManager.cs using Guid(1f9c91710e106d84186998d23ae1cf5f) Importer(815301076,1909f56bfc062723c751e8b465ee728b) (PreviewImporter) -> (artifact id: '00000000000000000000000000000000') in 0.000607 seconds
Import Error Code:(4)
Message: Build asset version error: assets/scripts/levelmanager.cs in SourceAssetDB has modification time of '2026-09-17T12:37:51.7670397Z' while content on disk has modification time of '2026-09-17T12:37:58.661Z'
  ERROR: Build asset version error: assets/scripts/levelmanager.cs in SourceAssetDB has modification time of '2026-09-17T12:37:51.7670397Z' while content on disk has modification time of '2026-09-17T12:37:58.661Z'
Number of updated asset objects reloaded before import = 0Number of asset objects unloaded after import = 0

========================================================================
Received Import Request.
  Time since last request: 0.000023 seconds.
  path: Assets/Scripts/LevelManager.cs
  artifactKey: Guid(1f9c91710e106d84186998d23ae1cf5f) Importer(815301076,1909f56bfc062723c751e8b465ee728b)
Start importing Assets/Scripts/LevelManager.cs using Guid(1f9c91710e106d84186998d23ae1cf5f) Importer(815301076,1909f56bfc062723c751e8b465ee728b) (PreviewImporter) -> (artifact id: '00000000000000000000000000000000') in 0.0010433 seconds
Import Error Code:(4)
Message: Build asset version error: assets/scripts/levelmanager.cs in SourceAssetDB has modification time of '2026-09-17T12:37:51.7670397Z' while content on disk has modification time of '2026-09-17T12:37:58.661Z'
  ERROR: Build asset version error: assets/scripts/levelmanager.cs in SourceAssetDB has modification time of '2026-09-17T12:37:51.7670397Z' while content on disk has modification time of '2026-09-17T12:37:58.661Z'
Number of updated asset objects reloaded before import = 0Number of asset objects unloaded after import = 0

========================================================================
Received Import Request.
  Time since last request: 0.000023 seconds.
  path: Assets/Scripts/LevelManager.cs
  artifactKey: Guid(1f9c91710e106d84186998d23ae1cf5f) Importer(815301076,1909f56bfc062723c751e8b465ee728b)
Start importing Assets/Scripts/LevelManager.cs using Guid(1f9c91710e106d84186998d23ae1cf5f) Importer(815301076,1909f56bfc062723c751e8b465ee728b) (PreviewImporter) -> (artifact id: '00000000000000000000000000000000') in 0.000737 seconds
Import Error Code:(4)
Message: Build asset version error: assets/scripts/levelmanager.cs in SourceAssetDB has modification time of '2026-09-17T12:37:51.7670397Z' while content on disk has modification time of '2026-09-17T12:37:58.661Z'
  ERROR: Build asset version error: assets/scripts/levelmanager.cs in SourceAssetDB has modification time of '2026-09-17T12:37:51.7670397Z' while content on disk has modification time of '2026-09-17T12:37:58.661Z'
Number of updated asset objects reloaded before import = 0Number of asset objects unloaded after import = 0

========================================================================
Received Import Request.
  Time since last request: 0.000020 seconds.
  path: Assets/Scripts/LevelManager.cs
  artifactKey: Guid(1f9c91710e106d84186998d23ae1cf5f) Importer(815301076,1909f56bfc062723c751e8b465ee728b)
Start importing Assets/Scripts/LevelManager.cs using Guid(1f9c91710e106d84186998d23ae1cf5f) Importer(815301076,1909f56bfc062723c751e8b465ee728b) (PreviewImporter) -> (artifact id: '00000000000000000000000000000000') in 0.001214 seconds
Import Error Code:(4)
Message: Build asset version error: assets/scripts/levelmanager.cs in SourceAssetDB has modification time of '2026-09-17T12:37:51.7670397Z' while content on disk has modification time of '2026-09-17T12:37:58.661Z'
  ERROR: Build asset version error: assets/scripts/levelmanager.cs in SourceAssetDB has modification time of '2026-09-17T12:37:51.7670397Z' while content on disk has modification time of '2026-09-17T12:37:58.661Z'
Number of updated asset objects reloaded before import = 0Number of asset objects unloaded after import = 0

========================================================================
Received Import Request.
  Time since last request: 0.000023 seconds.
  path: Assets/Scripts/LevelManager.cs
  artifactKey: Guid(1f9c91710e106d84186998d23ae1cf5f) Importer(815301076,1909f56bfc062723c751e8b465ee728b)
Start importing Assets/Scripts/LevelManager.cs using Guid(1f9c91710e106d84186998d23ae1cf5f) Importer(815301076,1909f56bfc062723c751e8b465ee728b) (PreviewImporter) -> (artifact id: '00000000000000000000000000000000') in 0.0014736 seconds
Import Error Code:(4)
Message: Build asset version error: assets/scripts/levelmanager.cs in SourceAssetDB has modification time of '2026-09-17T12:37:51.7670397Z' while content on disk has modification time of '2026-09-17T12:37:58.661Z'
  ERROR: Build asset version error: assets/scripts/levelmanager.cs in SourceAssetDB has modification time of '2026-09-17T12:37:51.7670397Z' while content on disk has modification time of '2026-09-17T12:37:58.661Z'
Number of updated asset objects reloaded before import = 0Number of asset objects unloaded after import = 0

========================================================================
Received Import Request.
  Time since last request: 0.000041 seconds.
  path: Assets/Scripts/LevelManager.cs
  artifactKey: Guid(1f9c91710e106d84186998d23ae1cf5f) Importer(815301076,1909f56bfc062723c751e8b465ee728b)
Start importing Assets/Scripts/LevelManager.cs using Guid(1f9c91710e106d84186998d23ae1cf5f) Importer(815301076,1909f56bfc062723c751e8b465ee728b) (PreviewImporter) -> (artifact id: '00000000000000000000000000000000') in 0.0007107 seconds
Import Error Code:(4)
Message: Build asset version error: assets/scripts/levelmanager.cs in SourceAssetDB has modification time of '2026-09-17T12:37:51.7670397Z' while content on disk has modification time of '2026-09-17T12:37:58.661Z'
  ERROR: Build asset version error: assets/scripts/levelmanager.cs in SourceAssetDB has modification time of '2026-09-17T12:37:51.7670397Z' while content on disk has modification time of '2026-09-17T12:37:58.661Z'
Number of updated asset objects reloaded before import = 0Number of asset objects unloaded after import = 0

========================================================================
Received Import Request.
  Time since last request: 0.000022 seconds.
  path: Assets/Scripts/LevelManager.cs
  artifactKey: Guid(1f9c91710e106d84186998d23ae1cf5f) Importer(815301076,1909f56bfc062723c751e8b465ee728b)
Start importing Assets/Scripts/LevelManager.cs using Guid(1f9c91710e106d84186998d23ae1cf5f) Importer(815301076,1909f56bfc062723c751e8b465ee728b) (PreviewImporter) -> (artifact id: '00000000000000000000000000000000') in 0.0007031 seconds
Import Error Code:(4)
Message: Build asset version error: assets/scripts/levelmanager.cs in SourceAssetDB has modification time of '2026-09-17T12:37:51.7670397Z' while content on disk has modification time of '2026-09-17T12:37:58.661Z'
  ERROR: Build asset version error: assets/scripts/levelmanager.cs in SourceAssetDB has modification time of '2026-09-17T12:37:51.7670397Z' while content on disk has modification time of '2026-09-17T12:37:58.661Z'
Number of updated asset objects reloaded before import = 0Number of asset objects unloaded after import = 0

========================================================================
Received Import Request.
  Time since last request: 0.000020 seconds.
  path: Assets/Scripts/LevelManager.cs
  artifactKey: Guid(1f9c91710e106d84186998d23ae1cf5f) Importer(815301076,1909f56bfc062723c751e8b465ee728b)
Start importing Assets/Scripts/LevelManager.cs using Guid(1f9c91710e106d84186998d23ae1cf5f) Importer(815301076,1909f56bfc062723c751e8b465ee728b) (PreviewImporter) -> (artifact id: '00000000000000000000000000000000') in 0.0006785 seconds
Import Error Code:(4)
Message: Build asset version error: assets/scripts/levelmanager.cs in SourceAssetDB has modification time of '2026-09-17T12:37:51.7670397Z' while content on disk has modification time of '2026-09-17T12:37:58.661Z'
  ERROR: Build asset version error: assets/scripts/levelmanager.cs in SourceAssetDB has modification time of '2026-09-17T12:37:51.7670397Z' while content on disk has modification time of '2026-09-17T12:37:58.661Z'
Number of updated asset objects reloaded before import = 0Number of asset objects unloaded after import = 0

========================================================================
Received Import Request.
  Time since last request: 0.000044 seconds.
  path: Assets/Scripts/LevelManager.cs
  artifactKey: Guid(1f9c91710e106d84186998d23ae1cf5f) Importer(815301076,1909f56bfc062723c751e8b465ee728b)
Start importing Assets/Scripts/LevelManager.cs using Guid(1f9c91710e106d84186998d23ae1cf5f) Importer(815301076,1909f56bfc062723c751e8b465ee728b) (PreviewImporter) -> (artifact id: '00000000000000000000000000000000') in 0.0008458 seconds
Import Error Code:(4)
Message: Build asset version error: assets/scripts/levelmanager.cs in SourceAssetDB has modification time of '2026-09-17T12:37:51.7670397Z' while content on disk has modification time of '2026-09-17T12:37:58.661Z'
  ERROR: Build asset version error: assets/scripts/levelmanager.cs in SourceAssetDB has modification time of '2026-09-17T12:37:51.7670397Z' while content on disk has modification time of '2026-09-17T12:37:58.661Z'
Number of updated asset objects reloaded before import = 0Number of asset objects unloaded after import = 0

========================================================================
Received Import Request.
  Time since last request: 0.000072 seconds.
  path: Assets/Scripts/LevelManager.cs
  artifactKey: Guid(1f9c91710e106d84186998d23ae1cf5f) Importer(815301076,1909f56bfc062723c751e8b465ee728b)
Start importing Assets/Scripts/LevelManager.cs using Guid(1f9c91710e106d84186998d23ae1cf5f) Importer(815301076,1909f56bfc062723c751e8b465ee728b) (PreviewImporter) -> (artifact id: '00000000000000000000000000000000') in 0.0031851 seconds
Import Error Code:(4)
Message: Build asset version error: assets/scripts/levelmanager.cs in SourceAssetDB has modification time of '2026-09-17T12:37:51.7670397Z' while content on disk has modification time of '2026-09-17T12:37:58.661Z'
  ERROR: Build asset version error: assets/scripts/levelmanager.cs in SourceAssetDB has modification time of '2026-09-17T12:37:51.7670397Z' while content on disk has modification time of '2026-09-17T12:37:58.661Z'
Number of updated asset objects reloaded before import = 0Number of asset objects unloaded after import = 0

========================================================================
Received Import Request.
  Time since last request: 0.000036 seconds.
  path: Assets/Scripts/LevelManager.cs
  artifactKey: Guid(1f9c91710e106d84186998d23ae1cf5f) Importer(815301076,1909f56bfc062723c751e8b465ee728b)
Start importing Assets/Scripts/LevelManager.cs using Guid(1f9c91710e106d84186998d23ae1cf5f) Importer(815301076,1909f56bfc062723c751e8b465ee728b) (PreviewImporter) -> (artifact id: '00000000000000000000000000000000') in 0.0007976 seconds
Import Error Code:(4)
Message: Build asset version error: assets/scripts/levelmanager.cs in SourceAssetDB has modification time of '2026-09-17T12:37:51.7670397Z' while content on disk has modification time of '2026-09-17T12:37:58.661Z'
  ERROR: Build asset version error: assets/scripts/levelmanager.cs in SourceAssetDB has modification time of '2026-09-17T12:37:51.7670397Z' while content on disk has modification time of '2026-09-17T12:37:58.661Z'
Number of updated asset objects reloaded before import = 0Number of asset objects unloaded after import = 0

========================================================================
Received Import Request.
  Time since last request: 0.000031 seconds.
  path: Assets/Scripts/LevelManager.cs
  artifactKey: Guid(1f9c91710e106d84186998d23ae1cf5f) Importer(815301076,1909f56bfc062723c751e8b465ee728b)
Start importing Assets/Scripts/LevelManager.cs using Guid(1f9c91710e106d84186998d23ae1cf5f) Importer(815301076,1909f56bfc062723c751e8b465ee728b) (PreviewImporter) -> (artifact id: '00000000000000000000000000000000') in 0.0005474 seconds
Import Error Code:(4)
Message: Build asset version error: assets/scripts/levelmanager.cs in SourceAssetDB has modification time of '2026-09-17T12:37:51.7670397Z' while content on disk has modification time of '2026-09-17T12:37:58.661Z'
  ERROR: Build asset version error: assets/scripts/levelmanager.cs in SourceAssetDB has modification time of '2026-09-17T12:37:51.7670397Z' while content on disk has modification time of '2026-09-17T12:37:58.661Z'
Number of updated asset objects reloaded before import = 0Number of asset objects unloaded after import = 0

========================================================================
Received Import Request.
  Time since last request: 0.000053 seconds.
  path: Assets/Scripts/LevelManager.cs
  artifactKey: Guid(1f9c91710e106d84186998d23ae1cf5f) Importer(815301076,1909f56bfc062723c751e8b465ee728b)
Start importing Assets/Scripts/LevelManager.cs using Guid(1f9c91710e106d84186998d23ae1cf5f) Importer(815301076,1909f56bfc062723c751e8b465ee728b) (PreviewImporter) -> (artifact id: '00000000000000000000000000000000') in 0.0008305 seconds
Import Error Code:(4)
Message: Build asset version error: assets/scripts/levelmanager.cs in SourceAssetDB has modification time of '2026-09-17T12:37:51.7670397Z' while content on disk has modification time of '2026-09-17T12:37:58.661Z'
  ERROR: Build asset version error: assets/scripts/levelmanager.cs in SourceAssetDB has modification time of '2026-09-17T12:37:51.7670397Z' while content on disk has modification time of '2026-09-17T12:37:58.661Z'
Number of updated asset objects reloaded before import = 0Number of asset objects unloaded after import = 0

========================================================================
Received Import Request.
  Time since last request: 0.000021 seconds.
  path: Assets/Scripts/LevelManager.cs
  artifactKey: Guid(1f9c91710e106d84186998d23ae1cf5f) Importer(815301076,1909f56bfc062723c751e8b465ee728b)
Start importing Assets/Scripts/LevelManager.cs using Guid(1f9c91710e106d84186998d23ae1cf5f) Importer(815301076,1909f56bfc062723c751e8b465ee728b) (PreviewImporter) -> (artifact id: '00000000000000000000000000000000') in 0.0010072 seconds
Import Error Code:(4)
Message: Build asset version error: assets/scripts/levelmanager.cs in SourceAssetDB has modification time of '2026-09-17T12:37:51.7670397Z' while content on disk has modification time of '2026-09-17T12:37:58.661Z'
  ERROR: Build asset version error: assets/scripts/levelmanager.cs in SourceAssetDB has modification time of '2026-09-17T12:37:51.7670397Z' while content on disk has modification time of '2026-09-17T12:37:58.661Z'
Number of updated asset objects reloaded before import = 0Number of asset objects unloaded after import = 0

========================================================================
Received Import Request.
  Time since last request: 0.000050 seconds.
  path: Assets/Scripts/LevelManager.cs
  artifactKey: Guid(1f9c91710e106d84186998d23ae1cf5f) Importer(815301076,1909f56bfc062723c751e8b465ee728b)
Start importing Assets/Scripts/LevelManager.cs using Guid(1f9c91710e106d84186998d23ae1cf5f) Importer(815301076,1909f56bfc062723c751e8b465ee728b) (PreviewImporter) -> (artifact id: '00000000000000000000000000000000') in 0.0009478 seconds
Import Error Code:(4)
Message: Build asset version error: assets/scripts/levelmanager.cs in SourceAssetDB has modification time of '2026-09-17T12:37:51.7670397Z' while content on disk has modification time of '2026-09-17T12:37:58.661Z'
  ERROR: Build asset version error: assets/scripts/levelmanager.cs in SourceAssetDB has modification time of '2026-09-17T12:37:51.7670397Z' while content on disk has modification time of '2026-09-17T12:37:58.661Z'
Number of updated asset objects reloaded before import = 0Number of asset objects unloaded after import = 0

========================================================================
Received Import Request.
  Time since last request: 0.000031 seconds.
  path: Assets/Scripts/LevelManager.cs
  artifactKey: Guid(1f9c91710e106d84186998d23ae1cf5f) Importer(815301076,1909f56bfc062723c751e8b465ee728b)
Start importing Assets/Scripts/LevelManager.cs using Guid(1f9c91710e106d84186998d23ae1cf5f) Importer(815301076,1909f56bfc062723c751e8b465ee728b) (PreviewImporter) -> (artifact id: '00000000000000000000000000000000') in 0.0010653 seconds
Import Error Code:(4)
Message: Build asset version error: assets/scripts/levelmanager.cs in SourceAssetDB has modification time of '2026-09-17T12:37:51.7670397Z' while content on disk has modification time of '2026-09-17T12:37:58.661Z'
  ERROR: Build asset version error: assets/scripts/levelmanager.cs in SourceAssetDB has modification time of '2026-09-17T12:37:51.7670397Z' while content on disk has modification time of '2026-09-17T12:37:58.661Z'
Number of updated asset objects reloaded before import = 0Number of asset objects unloaded after import = 0

========================================================================
Received Import Request.
  Time since last request: 0.000056 seconds.
  path: Assets/Scripts/LevelManager.cs
  artifactKey: Guid(1f9c91710e106d84186998d23ae1cf5f) Importer(815301076,1909f56bfc062723c751e8b465ee728b)
Start importing Assets/Scripts/LevelManager.cs using Guid(1f9c91710e106d84186998d23ae1cf5f) Importer(815301076,1909f56bfc062723c751e8b465ee728b) (PreviewImporter) -> (artifact id: '00000000000000000000000000000000') in 0.0010847 seconds
Import Error Code:(4)
Message: Build asset version error: assets/scripts/levelmanager.cs in SourceAssetDB has modification time of '2026-09-17T12:37:51.7670397Z' while content on disk has modification time of '2026-09-17T12:37:58.661Z'
  ERROR: Build asset version error: assets/scripts/levelmanager.cs in SourceAssetDB has modification time of '2026-09-17T12:37:51.7670397Z' while content on disk has modification time of '2026-09-17T12:37:58.661Z'
Number of updated asset objects reloaded before import = 0Number of asset objects unloaded after import = 0

========================================================================
Received Import Request.
  Time since last request: 0.000020 seconds.
  path: Assets/Scripts/LevelManager.cs
  artifactKey: Guid(1f9c91710e106d84186998d23ae1cf5f) Importer(815301076,1909f56bfc062723c751e8b465ee728b)
Start importing Assets/Scripts/LevelManager.cs using Guid(1f9c91710e106d84186998d23ae1cf5f) Importer(815301076,1909f56bfc062723c751e8b465ee728b) (PreviewImporter) -> (artifact id: '00000000000000000000000000000000') in 0.0015008 seconds
Import Error Code:(4)
Message: Build asset version error: assets/scripts/levelmanager.cs in SourceAssetDB has modification time of '2026-09-17T12:37:51.7670397Z' while content on disk has modification time of '2026-09-17T12:37:58.661Z'
  ERROR: Build asset version error: assets/scripts/levelmanager.cs in SourceAssetDB has modification time of '2026-09-17T12:37:51.7670397Z' while content on disk has modification time of '2026-09-17T12:37:58.661Z'
Number of updated asset objects reloaded before import = 0Number of asset objects unloaded after import = 0

========================================================================
Received Import Request.
  Time since last request: 0.000020 seconds.
  path: Assets/Scripts/LevelManager.cs
  artifactKey: Guid(1f9c91710e106d84186998d23ae1cf5f) Importer(815301076,1909f56bfc062723c751e8b465ee728b)
Start importing Assets/Scripts/LevelManager.cs using Guid(1f9c91710e106d84186998d23ae1cf5f) Importer(815301076,1909f56bfc062723c751e8b465ee728b) (PreviewImporter) -> (artifact id: '00000000000000000000000000000000') in 0.0011563 seconds
Import Error Code:(4)
Message: Build asset version error: assets/scripts/levelmanager.cs in SourceAssetDB has modification time of '2026-09-17T12:37:51.7670397Z' while content on disk has modification time of '2026-09-17T12:37:58.661Z'
  ERROR: Build asset version error: assets/scripts/levelmanager.cs in SourceAssetDB has modification time of '2026-09-17T12:37:51.7670397Z' while content on disk has modification time of '2026-09-17T12:37:58.661Z'
Number of updated asset objects reloaded before import = 0Number of asset objects unloaded after import = 0

========================================================================
Received Import Request.
  Time since last request: 0.000029 seconds.
  path: Assets/Scripts/LevelManager.cs
  artifactKey: Guid(1f9c91710e106d84186998d23ae1cf5f) Importer(815301076,1909f56bfc062723c751e8b465ee728b)
Start importing Assets/Scripts/LevelManager.cs using Guid(1f9c91710e106d84186998d23ae1cf5f) Importer(815301076,1909f56bfc062723c751e8b465ee728b) (PreviewImporter) -> (artifact id: '00000000000000000000000000000000') in 0.0010165 seconds
Import Error Code:(4)
Message: Build asset version error: assets/scripts/levelmanager.cs in SourceAssetDB has modification time of '2026-09-17T12:37:51.7670397Z' while content on disk has modification time of '2026-09-17T12:37:58.661Z'
  ERROR: Build asset version error: assets/scripts/levelmanager.cs in SourceAssetDB has modification time of '2026-09-17T12:37:51.7670397Z' while content on disk has modification time of '2026-09-17T12:37:58.661Z'
Number of updated asset objects reloaded before import = 0Number of asset objects unloaded after import = 0

========================================================================
Received Import Request.
  Time since last request: 0.000058 seconds.
  path: Assets/Scripts/LevelManager.cs
  artifactKey: Guid(1f9c91710e106d84186998d23ae1cf5f) Importer(815301076,1909f56bfc062723c751e8b465ee728b)
Start importing Assets/Scripts/LevelManager.cs using Guid(1f9c91710e106d84186998d23ae1cf5f) Importer(815301076,1909f56bfc062723c751e8b465ee728b) (PreviewImporter) -> (artifact id: '00000000000000000000000000000000') in 0.0010888 seconds
Import Error Code:(4)
Message: Build asset version error: assets/scripts/levelmanager.cs in SourceAssetDB has modification time of '2026-09-17T12:37:51.7670397Z' while content on disk has modification time of '2026-09-17T12:37:58.661Z'
  ERROR: Build asset version error: assets/scripts/levelmanager.cs in SourceAssetDB has modification time of '2026-09-17T12:37:51.7670397Z' while content on disk has modification time of '2026-09-17T12:37:58.661Z'
Number of updated asset objects reloaded before import = 0Number of asset objects unloaded after import = 0

========================================================================
Received Import Request.
  Time since last request: 0.000023 seconds.
  path: Assets/Scripts/LevelManager.cs
  artifactKey: Guid(1f9c91710e106d84186998d23ae1cf5f) Importer(815301076,1909f56bfc062723c751e8b465ee728b)
Start importing Assets/Scripts/LevelManager.cs using Guid(1f9c91710e106d84186998d23ae1cf5f) Importer(815301076,1909f56bfc062723c751e8b465ee728b) (PreviewImporter) -> (artifact id: '00000000000000000000000000000000') in 0.000623 seconds
Import Error Code:(4)
Message: Build asset version error: assets/scripts/levelmanager.cs in SourceAssetDB has modification time of '2026-09-17T12:37:51.7670397Z' while content on disk has modification time of '2026-09-17T12:37:58.661Z'
  ERROR: Build asset version error: assets/scripts/levelmanager.cs in SourceAssetDB has modification time of '2026-09-17T12:37:51.7670397Z' while content on disk has modification time of '2026-09-17T12:37:58.661Z'
Number of updated asset objects reloaded before import = 0Number of asset objects unloaded after import = 0

========================================================================
Received Import Request.
  Time since last request: 0.000020 seconds.
  path: Assets/Scripts/LevelManager.cs
  artifactKey: Guid(1f9c91710e106d84186998d23ae1cf5f) Importer(815301076,1909f56bfc062723c751e8b465ee728b)
Start importing Assets/Scripts/LevelManager.cs using Guid(1f9c91710e106d84186998d23ae1cf5f) Importer(815301076,1909f56bfc062723c751e8b465ee728b) (PreviewImporter) -> (artifact id: '00000000000000000000000000000000') in 0.0008699 seconds
Import Error Code:(4)
Message: Build asset version error: assets/scripts/levelmanager.cs in SourceAssetDB has modification time of '2026-09-17T12:37:51.7670397Z' while content on disk has modification time of '2026-09-17T12:37:58.661Z'
  ERROR: Build asset version error: assets/scripts/levelmanager.cs in SourceAssetDB has modification time of '2026-09-17T12:37:51.7670397Z' while content on disk has modification time of '2026-09-17T12:37:58.661Z'
Number of updated asset objects reloaded before import = 0Number of asset objects unloaded after import = 0

========================================================================
Received Import Request.
  Time since last request: 0.000023 seconds.
  path: Assets/Scripts/LevelManager.cs
  artifactKey: Guid(1f9c91710e106d84186998d23ae1cf5f) Importer(815301076,1909f56bfc062723c751e8b465ee728b)
Start importing Assets/Scripts/LevelManager.cs using Guid(1f9c91710e106d84186998d23ae1cf5f) Importer(815301076,1909f56bfc062723c751e8b465ee728b) (PreviewImporter) -> (artifact id: '00000000000000000000000000000000') in 0.0006931 seconds
Import Error Code:(4)
Message: Build asset version error: assets/scripts/levelmanager.cs in SourceAssetDB has modification time of '2026-09-17T12:37:51.7670397Z' while content on disk has modification time of '2026-09-17T12:37:58.661Z'
  ERROR: Build asset version error: assets/scripts/levelmanager.cs in SourceAssetDB has modification time of '2026-09-17T12:37:51.7670397Z' while content on disk has modification time of '2026-09-17T12:37:58.661Z'
Number of updated asset objects reloaded before import = 0Number of asset objects unloaded after import = 0

========================================================================
Received Import Request.
  Time since last request: 0.000027 seconds.
  path: Assets/Scripts/LevelManager.cs
  artifactKey: Guid(1f9c91710e106d84186998d23ae1cf5f) Importer(815301076,1909f56bfc062723c751e8b465ee728b)
Start importing Assets/Scripts/LevelManager.cs using Guid(1f9c91710e106d84186998d23ae1cf5f) Importer(815301076,1909f56bfc062723c751e8b465ee728b) (PreviewImporter) -> (artifact id: '00000000000000000000000000000000') in 0.0008673 seconds
Import Error Code:(4)
Message: Build asset version error: assets/scripts/levelmanager.cs in SourceAssetDB has modification time of '2026-09-17T12:37:51.7670397Z' while content on disk has modification time of '2026-09-17T12:37:58.661Z'
  ERROR: Build asset version error: assets/scripts/levelmanager.cs in SourceAssetDB has modification time of '2026-09-17T12:37:51.7670397Z' while content on disk has modification time of '2026-09-17T12:37:58.661Z'
Number of updated asset objects reloaded before import = 0Number of asset objects unloaded after import = 0

========================================================================
Received Import Request.
  Time since last request: 0.000032 seconds.
  path: Assets/Scripts/LevelManager.cs
  artifactKey: Guid(1f9c91710e106d84186998d23ae1cf5f) Importer(815301076,1909f56bfc062723c751e8b465ee728b)
Start importing Assets/Scripts/LevelManager.cs using Guid(1f9c91710e106d84186998d23ae1cf5f) Importer(815301076,1909f56bfc062723c751e8b465ee728b) (PreviewImporter) -> (artifact id: '00000000000000000000000000000000') in 0.0006248 seconds
Import Error Code:(4)
Message: Build asset version error: assets/scripts/levelmanager.cs in SourceAssetDB has modification time of '2026-09-17T12:37:51.7670397Z' while content on disk has modification time of '2026-09-17T12:37:58.661Z'
  ERROR: Build asset version error: assets/scripts/levelmanager.cs in SourceAssetDB has modification time of '2026-09-17T12:37:51.7670397Z' while content on disk has modification time of '2026-09-17T12:37:58.661Z'
Number of updated asset objects reloaded before import = 0Number of asset objects unloaded after import = 0

========================================================================
Received Import Request.
  Time since last request: 0.000022 seconds.
  path: Assets/Scripts/LevelManager.cs
  artifactKey: Guid(1f9c91710e106d84186998d23ae1cf5f) Importer(815301076,1909f56bfc062723c751e8b465ee728b)
Start importing Assets/Scripts/LevelManager.cs using Guid(1f9c91710e106d84186998d23ae1cf5f) Importer(815301076,1909f56bfc062723c751e8b465ee728b) (PreviewImporter) -> (artifact id: '00000000000000000000000000000000') in 0.0007528 seconds
Import Error Code:(4)
Message: Build asset version error: assets/scripts/levelmanager.cs in SourceAssetDB has modification time of '2026-09-17T12:37:51.7670397Z' while content on disk has modification time of '2026-09-17T12:37:58.661Z'
  ERROR: Build asset version error: assets/scripts/levelmanager.cs in SourceAssetDB has modification time of '2026-09-17T12:37:51.7670397Z' while content on disk has modification time of '2026-09-17T12:37:58.661Z'
Number of updated asset objects reloaded before import = 0Number of asset objects unloaded after import = 0

========================================================================
Received Import Request.
  Time since last request: 0.000022 seconds.
  path: Assets/Scripts/LevelManager.cs
  artifactKey: Guid(1f9c91710e106d84186998d23ae1cf5f) Importer(815301076,1909f56bfc062723c751e8b465ee728b)
Start importing Assets/Scripts/LevelManager.cs using Guid(1f9c91710e106d84186998d23ae1cf5f) Importer(815301076,1909f56bfc062723c751e8b465ee728b) (PreviewImporter) -> (artifact id: '00000000000000000000000000000000') in 0.0010547 seconds
Import Error Code:(4)
Message: Build asset version error: assets/scripts/levelmanager.cs in SourceAssetDB has modification time of '2026-09-17T12:37:51.7670397Z' while content on disk has modification time of '2026-09-17T12:37:58.661Z'
  ERROR: Build asset version error: assets/scripts/levelmanager.cs in SourceAssetDB has modification time of '2026-09-17T12:37:51.7670397Z' while content on disk has modification time of '2026-09-17T12:37:58.661Z'
Number of updated asset objects reloaded before import = 0Number of asset objects unloaded after import = 0

========================================================================
Received Import Request.
  Time since last request: 0.000022 seconds.
  path: Assets/Scripts/LevelManager.cs
  artifactKey: Guid(1f9c91710e106d84186998d23ae1cf5f) Importer(815301076,1909f56bfc062723c751e8b465ee728b)
Start importing Assets/Scripts/LevelManager.cs using Guid(1f9c91710e106d84186998d23ae1cf5f) Importer(815301076,1909f56bfc062723c751e8b465ee728b) (PreviewImporter) -> (artifact id: '00000000000000000000000000000000') in 0.000685 seconds
Import Error Code:(4)
Message: Build asset version error: assets/scripts/levelmanager.cs in SourceAssetDB has modification time of '2026-09-17T12:37:51.7670397Z' while content on disk has modification time of '2026-09-17T12:37:58.661Z'
  ERROR: Build asset version error: assets/scripts/levelmanager.cs in SourceAssetDB has modification time of '2026-09-17T12:37:51.7670397Z' while content on disk has modification time of '2026-09-17T12:37:58.661Z'
Number of updated asset objects reloaded before import = 0Number of asset objects unloaded after import = 0

========================================================================
Received Import Request.
  Time since last request: 0.000024 seconds.
  path: Assets/Scripts/LevelManager.cs
  artifactKey: Guid(1f9c91710e106d84186998d23ae1cf5f) Importer(815301076,1909f56bfc062723c751e8b465ee728b)
Start importing Assets/Scripts/LevelManager.cs using Guid(1f9c91710e106d84186998d23ae1cf5f) Importer(815301076,1909f56bfc062723c751e8b465ee728b) (PreviewImporter) -> (artifact id: '00000000000000000000000000000000') in 0.0007118 seconds
Import Error Code:(4)
Message: Build asset version error: assets/scripts/levelmanager.cs in SourceAssetDB has modification time of '2026-09-17T12:37:51.7670397Z' while content on disk has modification time of '2026-09-17T12:37:58.661Z'
  ERROR: Build asset version error: assets/scripts/levelmanager.cs in SourceAssetDB has modification time of '2026-09-17T12:37:51.7670397Z' while content on disk has modification time of '2026-09-17T12:37:58.661Z'
Number of updated asset objects reloaded before import = 0Number of asset objects unloaded after import = 0

========================================================================
Received Import Request.
  Time since last request: 0.000031 seconds.
  path: Assets/Scripts/LevelManager.cs
  artifactKey: Guid(1f9c91710e106d84186998d23ae1cf5f) Importer(815301076,1909f56bfc062723c751e8b465ee728b)
Start importing Assets/Scripts/LevelManager.cs using Guid(1f9c91710e106d84186998d23ae1cf5f) Importer(815301076,1909f56bfc062723c751e8b465ee728b) (PreviewImporter) -> (artifact id: '00000000000000000000000000000000') in 0.0007344 seconds
Import Error Code:(4)
Message: Build asset version error: assets/scripts/levelmanager.cs in SourceAssetDB has modification time of '2026-09-17T12:37:51.7670397Z' while content on disk has modification time of '2026-09-17T12:37:58.661Z'
  ERROR: Build asset version error: assets/scripts/levelmanager.cs in SourceAssetDB has modification time of '2026-09-17T12:37:51.7670397Z' while content on disk has modification time of '2026-09-17T12:37:58.661Z'
Number of updated asset objects reloaded before import = 0Number of asset objects unloaded after import = 0

========================================================================
Received Import Request.
  Time since last request: 0.000021 seconds.
  path: Assets/Scripts/LevelManager.cs
  artifactKey: Guid(1f9c91710e106d84186998d23ae1cf5f) Importer(815301076,1909f56bfc062723c751e8b465ee728b)
Start importing Assets/Scripts/LevelManager.cs using Guid(1f9c91710e106d84186998d23ae1cf5f) Importer(815301076,1909f56bfc062723c751e8b465ee728b) (PreviewImporter) -> (artifact id: '00000000000000000000000000000000') in 0.0005898 seconds
Import Error Code:(4)
Message: Build asset version error: assets/scripts/levelmanager.cs in SourceAssetDB has modification time of '2026-09-17T12:37:51.7670397Z' while content on disk has modification time of '2026-09-17T12:37:58.661Z'
  ERROR: Build asset version error: assets/scripts/levelmanager.cs in SourceAssetDB has modification time of '2026-09-17T12:37:51.7670397Z' while content on disk has modification time of '2026-09-17T12:37:58.661Z'
Number of updated asset objects reloaded before import = 0Number of asset objects unloaded after import = 0

========================================================================
Received Import Request.
  Time since last request: 0.000023 seconds.
  path: Assets/Scripts/LevelManager.cs
  artifactKey: Guid(1f9c91710e106d84186998d23ae1cf5f) Importer(815301076,1909f56bfc062723c751e8b465ee728b)
Start importing Assets/Scripts/LevelManager.cs using Guid(1f9c91710e106d84186998d23ae1cf5f) Importer(815301076,1909f56bfc062723c751e8b465ee728b) (PreviewImporter) -> (artifact id: '00000000000000000000000000000000') in 0.0012023 seconds
Import Error Code:(4)
Message: Build asset version error: assets/scripts/levelmanager.cs in SourceAssetDB has modification time of '2026-09-17T12:37:51.7670397Z' while content on disk has modification time of '2026-09-17T12:37:58.661Z'
  ERROR: Build asset version error: assets/scripts/levelmanager.cs in SourceAssetDB has modification time of '2026-09-17T12:37:51.7670397Z' while content on disk has modification time of '2026-09-17T12:37:58.661Z'
Number of updated asset objects reloaded before import = 0Number of asset objects unloaded after import = 0

========================================================================
Received Import Request.
  Time since last request: 0.000020 seconds.
  path: Assets/Scripts/LevelManager.cs
  artifactKey: Guid(1f9c91710e106d84186998d23ae1cf5f) Importer(815301076,1909f56bfc062723c751e8b465ee728b)
Start importing Assets/Scripts/LevelManager.cs using Guid(1f9c91710e106d84186998d23ae1cf5f) Importer(815301076,1909f56bfc062723c751e8b465ee728b) (PreviewImporter) -> (artifact id: '00000000000000000000000000000000') in 0.0006778 seconds
Import Error Code:(4)
Message: Build asset version error: assets/scripts/levelmanager.cs in SourceAssetDB has modification time of '2026-09-17T12:37:51.7670397Z' while content on disk has modification time of '2026-09-17T12:37:58.661Z'
  ERROR: Build asset version error: assets/scripts/levelmanager.cs in SourceAssetDB has modification time of '2026-09-17T12:37:51.7670397Z' while content on disk has modification time of '2026-09-17T12:37:58.661Z'
Number of updated asset objects reloaded before import = 0Number of asset objects unloaded after import = 0

========================================================================
Received Import Request.
  Time since last request: 0.000039 seconds.
  path: Assets/Scripts/LevelManager.cs
  artifactKey: Guid(1f9c91710e106d84186998d23ae1cf5f) Importer(815301076,1909f56bfc062723c751e8b465ee728b)
Start importing Assets/Scripts/LevelManager.cs using Guid(1f9c91710e106d84186998d23ae1cf5f) Importer(815301076,1909f56bfc062723c751e8b465ee728b) (PreviewImporter) -> (artifact id: '00000000000000000000000000000000') in 0.000994 seconds
Import Error Code:(4)
Message: Build asset version error: assets/scripts/levelmanager.cs in SourceAssetDB has modification time of '2026-09-17T12:37:51.7670397Z' while content on disk has modification time of '2026-09-17T12:37:58.661Z'
  ERROR: Build asset version error: assets/scripts/levelmanager.cs in SourceAssetDB has modification time of '2026-09-17T12:37:51.7670397Z' while content on disk has modification time of '2026-09-17T12:37:58.661Z'
Number of updated asset objects reloaded before import = 0Number of asset objects unloaded after import = 0

========================================================================
Received Import Request.
  Time since last request: 0.000029 seconds.
  path: Assets/Scripts/LevelManager.cs
  artifactKey: Guid(1f9c91710e106d84186998d23ae1cf5f) Importer(815301076,1909f56bfc062723c751e8b465ee728b)
Start importing Assets/Scripts/LevelManager.cs using Guid(1f9c91710e106d84186998d23ae1cf5f) Importer(815301076,1909f56bfc062723c751e8b465ee728b) (PreviewImporter) -> (artifact id: '00000000000000000000000000000000') in 0.000782 seconds
Import Error Code:(4)
Message: Build asset version error: assets/scripts/levelmanager.cs in SourceAssetDB has modification time of '2026-09-17T12:37:51.7670397Z' while content on disk has modification time of '2026-09-17T12:37:58.661Z'
  ERROR: Build asset version error: assets/scripts/levelmanager.cs in SourceAssetDB has modification time of '2026-09-17T12:37:51.7670397Z' while content on disk has modification time of '2026-09-17T12:37:58.661Z'
Number of updated asset objects reloaded before import = 0Number of asset objects unloaded after import = 0

========================================================================
Received Import Request.
  Time since last request: 0.000039 seconds.
  path: Assets/Scripts/LevelManager.cs
  artifactKey: Guid(1f9c91710e106d84186998d23ae1cf5f) Importer(815301076,1909f56bfc062723c751e8b465ee728b)
Start importing Assets/Scripts/LevelManager.cs using Guid(1f9c91710e106d84186998d23ae1cf5f) Importer(815301076,1909f56bfc062723c751e8b465ee728b) (PreviewImporter) -> (artifact id: '00000000000000000000000000000000') in 0.0009639 seconds
Import Error Code:(4)
Message: Build asset version error: assets/scripts/levelmanager.cs in SourceAssetDB has modification time of '2026-09-17T12:37:51.7670397Z' while content on disk has modification time of '2026-09-17T12:37:58.661Z'
  ERROR: Build asset version error: assets/scripts/levelmanager.cs in SourceAssetDB has modification time of '2026-09-17T12:37:51.7670397Z' while content on disk has modification time of '2026-09-17T12:37:58.661Z'
Number of updated asset objects reloaded before import = 0Number of asset objects unloaded after import = 0

========================================================================
Received Import Request.
  Time since last request: 0.000023 seconds.
  path: Assets/Scripts/LevelManager.cs
  artifactKey: Guid(1f9c91710e106d84186998d23ae1cf5f) Importer(815301076,1909f56bfc062723c751e8b465ee728b)
Start importing Assets/Scripts/LevelManager.cs using Guid(1f9c91710e106d84186998d23ae1cf5f) Importer(815301076,1909f56bfc062723c751e8b465ee728b) (PreviewImporter) -> (artifact id: '00000000000000000000000000000000') in 0.0007975 seconds
Import Error Code:(4)
Message: Build asset version error: assets/scripts/levelmanager.cs in SourceAssetDB has modification time of '2026-09-17T12:37:51.7670397Z' while content on disk has modification time of '2026-09-17T12:37:58.661Z'
  ERROR: Build asset version error: assets/scripts/levelmanager.cs in SourceAssetDB has modification time of '2026-09-17T12:37:51.7670397Z' while content on disk has modification time of '2026-09-17T12:37:58.661Z'
Number of updated asset objects reloaded before import = 0Number of asset objects unloaded after import = 0

========================================================================
Received Import Request.
  Time since last request: 0.000024 seconds.
  path: Assets/Scripts/LevelManager.cs
  artifactKey: Guid(1f9c91710e106d84186998d23ae1cf5f) Importer(815301076,1909f56bfc062723c751e8b465ee728b)
Start importing Assets/Scripts/LevelManager.cs using Guid(1f9c91710e106d84186998d23ae1cf5f) Importer(815301076,1909f56bfc062723c751e8b465ee728b) (PreviewImporter) -> (artifact id: '00000000000000000000000000000000') in 0.0009922 seconds
Import Error Code:(4)
Message: Build asset version error: assets/scripts/levelmanager.cs in SourceAssetDB has modification time of '2026-09-17T12:37:51.7670397Z' while content on disk has modification time of '2026-09-17T12:37:58.661Z'
  ERROR: Build asset version error: assets/scripts/levelmanager.cs in SourceAssetDB has modification time of '2026-09-17T12:37:51.7670397Z' while content on disk has modification time of '2026-09-17T12:37:58.661Z'
Number of updated asset objects reloaded before import = 0Number of asset objects unloaded after import = 0

========================================================================
Received Import Request.
  Time since last request: 0.000024 seconds.
  path: Assets/Scripts/LevelManager.cs
  artifactKey: Guid(1f9c91710e106d84186998d23ae1cf5f) Importer(815301076,1909f56bfc062723c751e8b465ee728b)
Start importing Assets/Scripts/LevelManager.cs using Guid(1f9c91710e106d84186998d23ae1cf5f) Importer(815301076,1909f56bfc062723c751e8b465ee728b) (PreviewImporter) -> (artifact id: '00000000000000000000000000000000') in 0.0007741 seconds
Import Error Code:(4)
Message: Build asset version error: assets/scripts/levelmanager.cs in SourceAssetDB has modification time of '2026-09-17T12:37:51.7670397Z' while content on disk has modification time of '2026-09-17T12:37:58.661Z'
  ERROR: Build asset version error: assets/scripts/levelmanager.cs in SourceAssetDB has modification time of '2026-09-17T12:37:51.7670397Z' while content on disk has modification time of '2026-09-17T12:37:58.661Z'
Number of updated asset objects reloaded before import = 0Number of asset objects unloaded after import = 0

========================================================================
Received Import Request.
  Time since last request: 0.000023 seconds.
  path: Assets/Scripts/LevelManager.cs
  artifactKey: Guid(1f9c91710e106d84186998d23ae1cf5f) Importer(815301076,1909f56bfc062723c751e8b465ee728b)
Start importing Assets/Scripts/LevelManager.cs using Guid(1f9c91710e106d84186998d23ae1cf5f) Importer(815301076,1909f56bfc062723c751e8b465ee728b) (PreviewImporter) -> (artifact id: '00000000000000000000000000000000') in 0.0015057 seconds
Import Error Code:(4)
Message: Build asset version error: assets/scripts/levelmanager.cs in SourceAssetDB has modification time of '2026-09-17T12:37:51.7670397Z' while content on disk has modification time of '2026-09-17T12:37:58.661Z'
  ERROR: Build asset version error: assets/scripts/levelmanager.cs in SourceAssetDB has modification time of '2026-09-17T12:37:51.7670397Z' while content on disk has modification time of '2026-09-17T12:37:58.661Z'
Number of updated asset objects reloaded before import = 0Number of asset objects unloaded after import = 0

========================================================================
Received Import Request.
  Time since last request: 0.000031 seconds.
  path: Assets/Scripts/LevelManager.cs
  artifactKey: Guid(1f9c91710e106d84186998d23ae1cf5f) Importer(815301076,1909f56bfc062723c751e8b465ee728b)
Start importing Assets/Scripts/LevelManager.cs using Guid(1f9c91710e106d84186998d23ae1cf5f) Importer(815301076,1909f56bfc062723c751e8b465ee728b) (PreviewImporter) -> (artifact id: '00000000000000000000000000000000') in 0.0006387 seconds
Import Error Code:(4)
Message: Build asset version error: assets/scripts/levelmanager.cs in SourceAssetDB has modification time of '2026-09-17T12:37:51.7670397Z' while content on disk has modification time of '2026-09-17T12:37:58.661Z'
  ERROR: Build asset version error: assets/scripts/levelmanager.cs in SourceAssetDB has modification time of '2026-09-17T12:37:51.7670397Z' while content on disk has modification time of '2026-09-17T12:37:58.661Z'
Number of updated asset objects reloaded before import = 0Number of asset objects unloaded after import = 0

========================================================================
Received Import Request.
  Time since last request: 0.000021 seconds.
  path: Assets/Scripts/LevelManager.cs
  artifactKey: Guid(1f9c91710e106d84186998d23ae1cf5f) Importer(815301076,1909f56bfc062723c751e8b465ee728b)
Start importing Assets/Scripts/LevelManager.cs using Guid(1f9c91710e106d84186998d23ae1cf5f) Importer(815301076,1909f56bfc062723c751e8b465ee728b) (PreviewImporter) -> (artifact id: '00000000000000000000000000000000') in 0.0010932 seconds
Import Error Code:(4)
Message: Build asset version error: assets/scripts/levelmanager.cs in SourceAssetDB has modification time of '2026-09-17T12:37:51.7670397Z' while content on disk has modification time of '2026-09-17T12:37:58.661Z'
  ERROR: Build asset version error: assets/scripts/levelmanager.cs in SourceAssetDB has modification time of '2026-09-17T12:37:51.7670397Z' while content on disk has modification time of '2026-09-17T12:37:58.661Z'
Number of updated asset objects reloaded before import = 0Number of asset objects unloaded after import = 0

========================================================================
Received Import Request.
  Time since last request: 0.000033 seconds.
  path: Assets/Scripts/LevelManager.cs
  artifactKey: Guid(1f9c91710e106d84186998d23ae1cf5f) Importer(815301076,1909f56bfc062723c751e8b465ee728b)
Start importing Assets/Scripts/LevelManager.cs using Guid(1f9c91710e106d84186998d23ae1cf5f) Importer(815301076,1909f56bfc062723c751e8b465ee728b) (PreviewImporter) -> (artifact id: '00000000000000000000000000000000') in 0.0006233 seconds
Import Error Code:(4)
Message: Build asset version error: assets/scripts/levelmanager.cs in SourceAssetDB has modification time of '2026-09-17T12:37:51.7670397Z' while content on disk has modification time of '2026-09-17T12:37:58.661Z'
  ERROR: Build asset version error: assets/scripts/levelmanager.cs in SourceAssetDB has modification time of '2026-09-17T12:37:51.7670397Z' while content on disk has modification time of '2026-09-17T12:37:58.661Z'
Number of updated asset objects reloaded before import = 0Number of asset objects unloaded after import = 0

========================================================================
Received Import Request.
  Time since last request: 0.000022 seconds.
  path: Assets/Scripts/LevelManager.cs
  artifactKey: Guid(1f9c91710e106d84186998d23ae1cf5f) Importer(815301076,1909f56bfc062723c751e8b465ee728b)
Start importing Assets/Scripts/LevelManager.cs using Guid(1f9c91710e106d84186998d23ae1cf5f) Importer(815301076,1909f56bfc062723c751e8b465ee728b) (PreviewImporter) -> (artifact id: '00000000000000000000000000000000') in 0.000876 seconds
Import Error Code:(4)
Message: Build asset version error: assets/scripts/levelmanager.cs in SourceAssetDB has modification time of '2026-09-17T12:37:51.7670397Z' while content on disk has modification time of '2026-09-17T12:37:58.661Z'
  ERROR: Build asset version error: assets/scripts/levelmanager.cs in SourceAssetDB has modification time of '2026-09-17T12:37:51.7670397Z' while content on disk has modification time of '2026-09-17T12:37:58.661Z'
Number of updated asset objects reloaded before import = 0Number of asset objects unloaded after import = 0

========================================================================
Received Import Request.
  Time since last request: 0.000025 seconds.
  path: Assets/Scripts/LevelManager.cs
  artifactKey: Guid(1f9c91710e106d84186998d23ae1cf5f) Importer(815301076,1909f56bfc062723c751e8b465ee728b)
Start importing Assets/Scripts/LevelManager.cs using Guid(1f9c91710e106d84186998d23ae1cf5f) Importer(815301076,1909f56bfc062723c751e8b465ee728b) (PreviewImporter) -> (artifact id: '00000000000000000000000000000000') in 0.0007785 seconds
Import Error Code:(4)
Message: Build asset version error: assets/scripts/levelmanager.cs in SourceAssetDB has modification time of '2026-09-17T12:37:51.7670397Z' while content on disk has modification time of '2026-09-17T12:37:58.661Z'
  ERROR: Build asset version error: assets/scripts/levelmanager.cs in SourceAssetDB has modification time of '2026-09-17T12:37:51.7670397Z' while content on disk has modification time of '2026-09-17T12:37:58.661Z'
Number of updated asset objects reloaded before import = 0Number of asset objects unloaded after import = 0

========================================================================
Received Import Request.
  Time since last request: 0.000034 seconds.
  path: Assets/Scripts/LevelManager.cs
  artifactKey: Guid(1f9c91710e106d84186998d23ae1cf5f) Importer(815301076,1909f56bfc062723c751e8b465ee728b)
Start importing Assets/Scripts/LevelManager.cs using Guid(1f9c91710e106d84186998d23ae1cf5f) Importer(815301076,1909f56bfc062723c751e8b465ee728b) (PreviewImporter) -> (artifact id: '00000000000000000000000000000000') in 0.0006778 seconds
Import Error Code:(4)
Message: Build asset version error: assets/scripts/levelmanager.cs in SourceAssetDB has modification time of '2026-09-17T12:37:51.7670397Z' while content on disk has modification time of '2026-09-17T12:37:58.661Z'
  ERROR: Build asset version error: assets/scripts/levelmanager.cs in SourceAssetDB has modification time of '2026-09-17T12:37:51.7670397Z' while content on disk has modification time of '2026-09-17T12:37:58.661Z'
Number of updated asset objects reloaded before import = 0Number of asset objects unloaded after import = 0

========================================================================
Received Import Request.
  Time since last request: 0.000025 seconds.
  path: Assets/Scripts/LevelManager.cs
  artifactKey: Guid(1f9c91710e106d84186998d23ae1cf5f) Importer(815301076,1909f56bfc062723c751e8b465ee728b)
Start importing Assets/Scripts/LevelManager.cs using Guid(1f9c91710e106d84186998d23ae1cf5f) Importer(815301076,1909f56bfc062723c751e8b465ee728b) (PreviewImporter) -> (artifact id: '00000000000000000000000000000000') in 0.0006082 seconds
Import Error Code:(4)
Message: Build asset version error: assets/scripts/levelmanager.cs in SourceAssetDB has modification time of '2026-09-17T12:37:51.7670397Z' while content on disk has modification time of '2026-09-17T12:37:58.661Z'
  ERROR: Build asset version error: assets/scripts/levelmanager.cs in SourceAssetDB has modification time of '2026-09-17T12:37:51.7670397Z' while content on disk has modification time of '2026-09-17T12:37:58.661Z'
Number of updated asset objects reloaded before import = 0Number of asset objects unloaded after import = 0

========================================================================
Received Import Request.
  Time since last request: 0.000024 seconds.
  path: Assets/Scripts/LevelManager.cs
  artifactKey: Guid(1f9c91710e106d84186998d23ae1cf5f) Importer(815301076,1909f56bfc062723c751e8b465ee728b)
Start importing Assets/Scripts/LevelManager.cs using Guid(1f9c91710e106d84186998d23ae1cf5f) Importer(815301076,1909f56bfc062723c751e8b465ee728b) (PreviewImporter) -> (artifact id: '00000000000000000000000000000000') in 0.0008113 seconds
Import Error Code:(4)
Message: Build asset version error: assets/scripts/levelmanager.cs in SourceAssetDB has modification time of '2026-09-17T12:37:51.7670397Z' while content on disk has modification time of '2026-09-17T12:37:58.661Z'
  ERROR: Build asset version error: assets/scripts/levelmanager.cs in SourceAssetDB has modification time of '2026-09-17T12:37:51.7670397Z' while content on disk has modification time of '2026-09-17T12:37:58.661Z'
Number of updated asset objects reloaded before import = 0Number of asset objects unloaded after import = 0

========================================================================
Received Import Request.
  Time since last request: 0.000046 seconds.
  path: Assets/Scripts/LevelManager.cs
  artifactKey: Guid(1f9c91710e106d84186998d23ae1cf5f) Importer(815301076,1909f56bfc062723c751e8b465ee728b)
Start importing Assets/Scripts/LevelManager.cs using Guid(1f9c91710e106d84186998d23ae1cf5f) Importer(815301076,1909f56bfc062723c751e8b465ee728b) (PreviewImporter) -> (artifact id: '00000000000000000000000000000000') in 0.0008259 seconds
Import Error Code:(4)
Message: Build asset version error: assets/scripts/levelmanager.cs in SourceAssetDB has modification time of '2026-09-17T12:37:51.7670397Z' while content on disk has modification time of '2026-09-17T12:37:58.661Z'
  ERROR: Build asset version error: assets/scripts/levelmanager.cs in SourceAssetDB has modification time of '2026-09-17T12:37:51.7670397Z' while content on disk has modification time of '2026-09-17T12:37:58.661Z'
Number of updated asset objects reloaded before import = 0Number of asset objects unloaded after import = 0

========================================================================
Received Import Request.
  Time since last request: 0.000023 seconds.
  path: Assets/Scripts/LevelManager.cs
  artifactKey: Guid(1f9c91710e106d84186998d23ae1cf5f) Importer(815301076,1909f56bfc062723c751e8b465ee728b)
Start importing Assets/Scripts/LevelManager.cs using Guid(1f9c91710e106d84186998d23ae1cf5f) Importer(815301076,1909f56bfc062723c751e8b465ee728b) (PreviewImporter) -> (artifact id: '00000000000000000000000000000000') in 0.0013305 seconds
Import Error Code:(4)
Message: Build asset version error: assets/scripts/levelmanager.cs in SourceAssetDB has modification time of '2026-09-17T12:37:51.7670397Z' while content on disk has modification time of '2026-09-17T12:37:58.661Z'
  ERROR: Build asset version error: assets/scripts/levelmanager.cs in SourceAssetDB has modification time of '2026-09-17T12:37:51.7670397Z' while content on disk has modification time of '2026-09-17T12:37:58.661Z'
Number of updated asset objects reloaded before import = 0Number of asset objects unloaded after import = 0

========================================================================
Received Import Request.
  Time since last request: 0.000032 seconds.
  path: Assets/Scripts/LevelManager.cs
  artifactKey: Guid(1f9c91710e106d84186998d23ae1cf5f) Importer(815301076,1909f56bfc062723c751e8b465ee728b)
Start importing Assets/Scripts/LevelManager.cs using Guid(1f9c91710e106d84186998d23ae1cf5f) Importer(815301076,1909f56bfc062723c751e8b465ee728b) (PreviewImporter) -> (artifact id: '00000000000000000000000000000000') in 0.0011409 seconds
Import Error Code:(4)
Message: Build asset version error: assets/scripts/levelmanager.cs in SourceAssetDB has modification time of '2026-09-17T12:37:51.7670397Z' while content on disk has modification time of '2026-09-17T12:37:58.661Z'
  ERROR: Build asset version error: assets/scripts/levelmanager.cs in SourceAssetDB has modification time of '2026-09-17T12:37:51.7670397Z' while content on disk has modification time of '2026-09-17T12:37:58.661Z'
Number of updated asset objects reloaded before import = 0Number of asset objects unloaded after import = 0

========================================================================
Received Import Request.
  Time since last request: 0.000022 seconds.
  path: Assets/Scripts/LevelManager.cs
  artifactKey: Guid(1f9c91710e106d84186998d23ae1cf5f) Importer(815301076,1909f56bfc062723c751e8b465ee728b)
Start importing Assets/Scripts/LevelManager.cs using Guid(1f9c91710e106d84186998d23ae1cf5f) Importer(815301076,1909f56bfc062723c751e8b465ee728b) (PreviewImporter) -> (artifact id: '00000000000000000000000000000000') in 0.0006975 seconds
Import Error Code:(4)
Message: Build asset version error: assets/scripts/levelmanager.cs in SourceAssetDB has modification time of '2026-09-17T12:37:51.7670397Z' while content on disk has modification time of '2026-09-17T12:37:58.661Z'
  ERROR: Build asset version error: assets/scripts/levelmanager.cs in SourceAssetDB has modification time of '2026-09-17T12:37:51.7670397Z' while content on disk has modification time of '2026-09-17T12:37:58.661Z'
Number of updated asset objects reloaded before import = 0Number of asset objects unloaded after import = 0

========================================================================
Received Import Request.
  Time since last request: 0.000321 seconds.
  path: Assets/Scripts/LevelManager.cs
  artifactKey: Guid(1f9c91710e106d84186998d23ae1cf5f) Importer(815301076,1909f56bfc062723c751e8b465ee728b)
Start importing Assets/Scripts/LevelManager.cs using Guid(1f9c91710e106d84186998d23ae1cf5f) Importer(815301076,1909f56bfc062723c751e8b465ee728b) (PreviewImporter) -> (artifact id: '00000000000000000000000000000000') in 0.000746 seconds
Import Error Code:(4)
Message: Build asset version error: assets/scripts/levelmanager.cs in SourceAssetDB has modification time of '2026-09-17T12:37:51.7670397Z' while content on disk has modification time of '2026-09-17T12:37:58.661Z'
  ERROR: Build asset version error: assets/scripts/levelmanager.cs in SourceAssetDB has modification time of '2026-09-17T12:37:51.7670397Z' while content on disk has modification time of '2026-09-17T12:37:58.661Z'
Number of updated asset objects reloaded before import = 0Number of asset objects unloaded after import = 0

========================================================================
Received Import Request.
  Time since last request: 0.000024 seconds.
  path: Assets/Scripts/LevelManager.cs
  artifactKey: Guid(1f9c91710e106d84186998d23ae1cf5f) Importer(815301076,1909f56bfc062723c751e8b465ee728b)
Start importing Assets/Scripts/LevelManager.cs using Guid(1f9c91710e106d84186998d23ae1cf5f) Importer(815301076,1909f56bfc062723c751e8b465ee728b) (PreviewImporter) -> (artifact id: '00000000000000000000000000000000') in 0.0007372 seconds
Import Error Code:(4)
Message: Build asset version error: assets/scripts/levelmanager.cs in SourceAssetDB has modification time of '2026-09-17T12:37:51.7670397Z' while content on disk has modification time of '2026-09-17T12:37:58.661Z'
  ERROR: Build asset version error: assets/scripts/levelmanager.cs in SourceAssetDB has modification time of '2026-09-17T12:37:51.7670397Z' while content on disk has modification time of '2026-09-17T12:37:58.661Z'
Number of updated asset objects reloaded before import = 0Number of asset objects unloaded after import = 0

========================================================================
Received Import Request.
  Time since last request: 0.000022 seconds.
  path: Assets/Scripts/LevelManager.cs
  artifactKey: Guid(1f9c91710e106d84186998d23ae1cf5f) Importer(815301076,1909f56bfc062723c751e8b465ee728b)
Start importing Assets/Scripts/LevelManager.cs using Guid(1f9c91710e106d84186998d23ae1cf5f) Importer(815301076,1909f56bfc062723c751e8b465ee728b) (PreviewImporter) -> (artifact id: '00000000000000000000000000000000') in 0.0010098 seconds
Import Error Code:(4)
Message: Build asset version error: assets/scripts/levelmanager.cs in SourceAssetDB has modification time of '2026-09-17T12:37:51.7670397Z' while content on disk has modification time of '2026-09-17T12:37:58.661Z'
  ERROR: Build asset version error: assets/scripts/levelmanager.cs in SourceAssetDB has modification time of '2026-09-17T12:37:51.7670397Z' while content on disk has modification time of '2026-09-17T12:37:58.661Z'
Number of updated asset objects reloaded before import = 0Number of asset objects unloaded after import = 0

========================================================================
Received Import Request.
  Time since last request: 0.000034 seconds.
  path: Assets/Scripts/LevelManager.cs
  artifactKey: Guid(1f9c91710e106d84186998d23ae1cf5f) Importer(815301076,1909f56bfc062723c751e8b465ee728b)
Start importing Assets/Scripts/LevelManager.cs using Guid(1f9c91710e106d84186998d23ae1cf5f) Importer(815301076,1909f56bfc062723c751e8b465ee728b) (PreviewImporter) -> (artifact id: '00000000000000000000000000000000') in 0.0007291 seconds
Import Error Code:(4)
Message: Build asset version error: assets/scripts/levelmanager.cs in SourceAssetDB has modification time of '2026-09-17T12:37:51.7670397Z' while content on disk has modification time of '2026-09-17T12:37:58.661Z'
  ERROR: Build asset version error: assets/scripts/levelmanager.cs in SourceAssetDB has modification time of '2026-09-17T12:37:51.7670397Z' while content on disk has modification time of '2026-09-17T12:37:58.661Z'
Number of updated asset objects reloaded before import = 0Number of asset objects unloaded after import = 0

========================================================================
Received Import Request.
  Time since last request: 0.000024 seconds.
  path: Assets/Scripts/LevelManager.cs
  artifactKey: Guid(1f9c91710e106d84186998d23ae1cf5f) Importer(815301076,1909f56bfc062723c751e8b465ee728b)
Start importing Assets/Scripts/LevelManager.cs using Guid(1f9c91710e106d84186998d23ae1cf5f) Importer(815301076,1909f56bfc062723c751e8b465ee728b) (PreviewImporter) -> (artifact id: '00000000000000000000000000000000') in 0.00084 seconds
Import Error Code:(4)
Message: Build asset version error: assets/scripts/levelmanager.cs in SourceAssetDB has modification time of '2026-09-17T12:37:51.7670397Z' while content on disk has modification time of '2026-09-17T12:37:58.661Z'
  ERROR: Build asset version error: assets/scripts/levelmanager.cs in SourceAssetDB has modification time of '2026-09-17T12:37:51.7670397Z' while content on disk has modification time of '2026-09-17T12:37:58.661Z'
Number of updated asset objects reloaded before import = 0Number of asset objects unloaded after import = 0

========================================================================
Received Import Request.
  Time since last request: 0.000024 seconds.
  path: Assets/Scripts/LevelManager.cs
  artifactKey: Guid(1f9c91710e106d84186998d23ae1cf5f) Importer(815301076,1909f56bfc062723c751e8b465ee728b)
Start importing Assets/Scripts/LevelManager.cs using Guid(1f9c91710e106d84186998d23ae1cf5f) Importer(815301076,1909f56bfc062723c751e8b465ee728b) (PreviewImporter) -> (artifact id: '00000000000000000000000000000000') in 0.0007266 seconds
Import Error Code:(4)
Message: Build asset version error: assets/scripts/levelmanager.cs in SourceAssetDB has modification time of '2026-09-17T12:37:51.7670397Z' while content on disk has modification time of '2026-09-17T12:37:58.661Z'
  ERROR: Build asset version error: assets/scripts/levelmanager.cs in SourceAssetDB has modification time of '2026-09-17T12:37:51.7670397Z' while content on disk has modification time of '2026-09-17T12:37:58.661Z'
Number of updated asset objects reloaded before import = 0Number of asset objects unloaded after import = 0

========================================================================
Received Import Request.
  Time since last request: 0.000021 seconds.
  path: Assets/Scripts/LevelManager.cs
  artifactKey: Guid(1f9c91710e106d84186998d23ae1cf5f) Importer(815301076,1909f56bfc062723c751e8b465ee728b)
Start importing Assets/Scripts/LevelManager.cs using Guid(1f9c91710e106d84186998d23ae1cf5f) Importer(815301076,1909f56bfc062723c751e8b465ee728b) (PreviewImporter) -> (artifact id: '00000000000000000000000000000000') in 0.0006558 seconds
Import Error Code:(4)
Message: Build asset version error: assets/scripts/levelmanager.cs in SourceAssetDB has modification time of '2026-09-17T12:37:51.7670397Z' while content on disk has modification time of '2026-09-17T12:37:58.661Z'
  ERROR: Build asset version error: assets/scripts/levelmanager.cs in SourceAssetDB has modification time of '2026-09-17T12:37:51.7670397Z' while content on disk has modification time of '2026-09-17T12:37:58.661Z'
Number of updated asset objects reloaded before import = 0Number of asset objects unloaded after import = 0

========================================================================
Received Import Request.
  Time since last request: 0.000023 seconds.
  path: Assets/Scripts/LevelManager.cs
  artifactKey: Guid(1f9c91710e106d84186998d23ae1cf5f) Importer(815301076,1909f56bfc062723c751e8b465ee728b)
Start importing Assets/Scripts/LevelManager.cs using Guid(1f9c91710e106d84186998d23ae1cf5f) Importer(815301076,1909f56bfc062723c751e8b465ee728b) (PreviewImporter) -> (artifact id: '00000000000000000000000000000000') in 0.0011833 seconds
Import Error Code:(4)
Message: Build asset version error: assets/scripts/levelmanager.cs in SourceAssetDB has modification time of '2026-09-17T12:37:51.7670397Z' while content on disk has modification time of '2026-09-17T12:37:58.661Z'
  ERROR: Build asset version error: assets/scripts/levelmanager.cs in SourceAssetDB has modification time of '2026-09-17T12:37:51.7670397Z' while content on disk has modification time of '2026-09-17T12:37:58.661Z'
Number of updated asset objects reloaded before import = 0Number of asset objects unloaded after import = 0

========================================================================
Received Import Request.
  Time since last request: 0.000044 seconds.
  path: Assets/Scripts/LevelManager.cs
  artifactKey: Guid(1f9c91710e106d84186998d23ae1cf5f) Importer(815301076,1909f56bfc062723c751e8b465ee728b)
Start importing Assets/Scripts/LevelManager.cs using Guid(1f9c91710e106d84186998d23ae1cf5f) Importer(815301076,1909f56bfc062723c751e8b465ee728b) (PreviewImporter) -> (artifact id: '00000000000000000000000000000000') in 0.0008888 seconds
Import Error Code:(4)
Message: Build asset version error: assets/scripts/levelmanager.cs in SourceAssetDB has modification time of '2026-09-17T12:37:51.7670397Z' while content on disk has modification time of '2026-09-17T12:37:58.661Z'
  ERROR: Build asset version error: assets/scripts/levelmanager.cs in SourceAssetDB has modification time of '2026-09-17T12:37:51.7670397Z' while content on disk has modification time of '2026-09-17T12:37:58.661Z'
Number of updated asset objects reloaded before import = 0Number of asset objects unloaded after import = 0

========================================================================
Received Import Request.
  Time since last request: 0.000022 seconds.
  path: Assets/Scripts/LevelManager.cs
  artifactKey: Guid(1f9c91710e106d84186998d23ae1cf5f) Importer(815301076,1909f56bfc062723c751e8b465ee728b)
Start importing Assets/Scripts/LevelManager.cs using Guid(1f9c91710e106d84186998d23ae1cf5f) Importer(815301076,1909f56bfc062723c751e8b465ee728b) (PreviewImporter) -> (artifact id: '00000000000000000000000000000000') in 0.0008222 seconds
Import Error Code:(4)
Message: Build asset version error: assets/scripts/levelmanager.cs in SourceAssetDB has modification time of '2026-09-17T12:37:51.7670397Z' while content on disk has modification time of '2026-09-17T12:37:58.661Z'
  ERROR: Build asset version error: assets/scripts/levelmanager.cs in SourceAssetDB has modification time of '2026-09-17T12:37:51.7670397Z' while content on disk has modification time of '2026-09-17T12:37:58.661Z'
Number of updated asset objects reloaded before import = 0Number of asset objects unloaded after import = 0

========================================================================
Received Import Request.
  Time since last request: 0.000034 seconds.
  path: Assets/Scripts/LevelManager.cs
  artifactKey: Guid(1f9c91710e106d84186998d23ae1cf5f) Importer(815301076,1909f56bfc062723c751e8b465ee728b)
Start importing Assets/Scripts/LevelManager.cs using Guid(1f9c91710e106d84186998d23ae1cf5f) Importer(815301076,1909f56bfc062723c751e8b465ee728b) (PreviewImporter) -> (artifact id: '00000000000000000000000000000000') in 0.0010351 seconds
Import Error Code:(4)
Message: Build asset version error: assets/scripts/levelmanager.cs in SourceAssetDB has modification time of '2026-09-17T12:37:51.7670397Z' while content on disk has modification time of '2026-09-17T12:37:58.661Z'
  ERROR: Build asset version error: assets/scripts/levelmanager.cs in SourceAssetDB has modification time of '2026-09-17T12:37:51.7670397Z' while content on disk has modification time of '2026-09-17T12:37:58.661Z'
Number of updated asset objects reloaded before import = 0Number of asset objects unloaded after import = 0

========================================================================
Received Import Request.
  Time since last request: 0.000036 seconds.
  path: Assets/Scripts/LevelManager.cs
  artifactKey: Guid(1f9c91710e106d84186998d23ae1cf5f) Importer(815301076,1909f56bfc062723c751e8b465ee728b)
Start importing Assets/Scripts/LevelManager.cs using Guid(1f9c91710e106d84186998d23ae1cf5f) Importer(815301076,1909f56bfc062723c751e8b465ee728b) (PreviewImporter) -> (artifact id: '00000000000000000000000000000000') in 0.0010097 seconds
Import Error Code:(4)
Message: Build asset version error: assets/scripts/levelmanager.cs in SourceAssetDB has modification time of '2026-09-17T12:37:51.7670397Z' while content on disk has modification time of '2026-09-17T12:37:58.661Z'
  ERROR: Build asset version error: assets/scripts/levelmanager.cs in SourceAssetDB has modification time of '2026-09-17T12:37:51.7670397Z' while content on disk has modification time of '2026-09-17T12:37:58.661Z'
Number of updated asset objects reloaded before import = 0Number of asset objects unloaded after import = 0

========================================================================
Received Import Request.
  Time since last request: 0.000023 seconds.
  path: Assets/Scripts/LevelManager.cs
  artifactKey: Guid(1f9c91710e106d84186998d23ae1cf5f) Importer(815301076,1909f56bfc062723c751e8b465ee728b)
Start importing Assets/Scripts/LevelManager.cs using Guid(1f9c91710e106d84186998d23ae1cf5f) Importer(815301076,1909f56bfc062723c751e8b465ee728b) (PreviewImporter) -> (artifact id: '00000000000000000000000000000000') in 0.0008809 seconds
Import Error Code:(4)
Message: Build asset version error: assets/scripts/levelmanager.cs in SourceAssetDB has modification time of '2026-09-17T12:37:51.7670397Z' while content on disk has modification time of '2026-09-17T12:37:58.661Z'
  ERROR: Build asset version error: assets/scripts/levelmanager.cs in SourceAssetDB has modification time of '2026-09-17T12:37:51.7670397Z' while content on disk has modification time of '2026-09-17T12:37:58.661Z'
Number of updated asset objects reloaded before import = 0Number of asset objects unloaded after import = 0

========================================================================
Received Import Request.
  Time since last request: 0.000039 seconds.
  path: Assets/Scripts/LevelManager.cs
  artifactKey: Guid(1f9c91710e106d84186998d23ae1cf5f) Importer(815301076,1909f56bfc062723c751e8b465ee728b)
Start importing Assets/Scripts/LevelManager.cs using Guid(1f9c91710e106d84186998d23ae1cf5f) Importer(815301076,1909f56bfc062723c751e8b465ee728b) (PreviewImporter) -> (artifact id: '00000000000000000000000000000000') in 0.0012565 seconds
Import Error Code:(4)
Message: Build asset version error: assets/scripts/levelmanager.cs in SourceAssetDB has modification time of '2026-09-17T12:37:51.7670397Z' while content on disk has modification time of '2026-09-17T12:37:58.661Z'
  ERROR: Build asset version error: assets/scripts/levelmanager.cs in SourceAssetDB has modification time of '2026-09-17T12:37:51.7670397Z' while content on disk has modification time of '2026-09-17T12:37:58.661Z'
Number of updated asset objects reloaded before import = 0Number of asset objects unloaded after import = 0

========================================================================
Received Import Request.
  Time since last request: 0.000024 seconds.
  path: Assets/Scripts/LevelManager.cs
  artifactKey: Guid(1f9c91710e106d84186998d23ae1cf5f) Importer(815301076,1909f56bfc062723c751e8b465ee728b)
Start importing Assets/Scripts/LevelManager.cs using Guid(1f9c91710e106d84186998d23ae1cf5f) Importer(815301076,1909f56bfc062723c751e8b465ee728b) (PreviewImporter) -> (artifact id: '00000000000000000000000000000000') in 0.0008359 seconds
Import Error Code:(4)
Message: Build asset version error: assets/scripts/levelmanager.cs in SourceAssetDB has modification time of '2026-09-17T12:37:51.7670397Z' while content on disk has modification time of '2026-09-17T12:37:58.661Z'
  ERROR: Build asset version error: assets/scripts/levelmanager.cs in SourceAssetDB has modification time of '2026-09-17T12:37:51.7670397Z' while content on disk has modification time of '2026-09-17T12:37:58.661Z'
Number of updated asset objects reloaded before import = 0Number of asset objects unloaded after import = 0

========================================================================
Received Import Request.
  Time since last request: 0.000020 seconds.
  path: Assets/Scripts/LevelManager.cs
  artifactKey: Guid(1f9c91710e106d84186998d23ae1cf5f) Importer(815301076,1909f56bfc062723c751e8b465ee728b)
Start importing Assets/Scripts/LevelManager.cs using Guid(1f9c91710e106d84186998d23ae1cf5f) Importer(815301076,1909f56bfc062723c751e8b465ee728b) (PreviewImporter) -> (artifact id: '00000000000000000000000000000000') in 0.0008818 seconds
Import Error Code:(4)
Message: Build asset version error: assets/scripts/levelmanager.cs in SourceAssetDB has modification time of '2026-09-17T12:37:51.7670397Z' while content on disk has modification time of '2026-09-17T12:37:58.661Z'
  ERROR: Build asset version error: assets/scripts/levelmanager.cs in SourceAssetDB has modification time of '2026-09-17T12:37:51.7670397Z' while content on disk has modification time of '2026-09-17T12:37:58.661Z'
Number of updated asset objects reloaded before import = 0Number of asset objects unloaded after import = 0

========================================================================
Received Import Request.
  Time since last request: 0.000024 seconds.
  path: Assets/Scripts/LevelManager.cs
  artifactKey: Guid(1f9c91710e106d84186998d23ae1cf5f) Importer(815301076,1909f56bfc062723c751e8b465ee728b)
Start importing Assets/Scripts/LevelManager.cs using Guid(1f9c91710e106d84186998d23ae1cf5f) Importer(815301076,1909f56bfc062723c751e8b465ee728b) (PreviewImporter) -> (artifact id: '00000000000000000000000000000000') in 0.0008986 seconds
Import Error Code:(4)
Message: Build asset version error: assets/scripts/levelmanager.cs in SourceAssetDB has modification time of '2026-09-17T12:37:51.7670397Z' while content on disk has modification time of '2026-09-17T12:37:58.661Z'
  ERROR: Build asset version error: assets/scripts/levelmanager.cs in SourceAssetDB has modification time of '2026-09-17T12:37:51.7670397Z' while content on disk has modification time of '2026-09-17T12:37:58.661Z'
Number of updated asset objects reloaded before import = 0Number of asset objects unloaded after import = 0

========================================================================
Received Import Request.
  Time since last request: 0.000030 seconds.
  path: Assets/Scripts/LevelManager.cs
  artifactKey: Guid(1f9c91710e106d84186998d23ae1cf5f) Importer(815301076,1909f56bfc062723c751e8b465ee728b)
Start importing Assets/Scripts/LevelManager.cs using Guid(1f9c91710e106d84186998d23ae1cf5f) Importer(815301076,1909f56bfc062723c751e8b465ee728b) (PreviewImporter) -> (artifact id: '00000000000000000000000000000000') in 0.0007583 seconds
Import Error Code:(4)
Message: Build asset version error: assets/scripts/levelmanager.cs in SourceAssetDB has modification time of '2026-09-17T12:37:51.7670397Z' while content on disk has modification time of '2026-09-17T12:37:58.661Z'
  ERROR: Build asset version error: assets/scripts/levelmanager.cs in SourceAssetDB has modification time of '2026-09-17T12:37:51.7670397Z' while content on disk has modification time of '2026-09-17T12:37:58.661Z'
Number of updated asset objects reloaded before import = 0Number of asset objects unloaded after import = 0

========================================================================
Received Import Request.
  Time since last request: 0.000036 seconds.
  path: Assets/Scripts/LevelManager.cs
  artifactKey: Guid(1f9c91710e106d84186998d23ae1cf5f) Importer(815301076,1909f56bfc062723c751e8b465ee728b)
Start importing Assets/Scripts/LevelManager.cs using Guid(1f9c91710e106d84186998d23ae1cf5f) Importer(815301076,1909f56bfc062723c751e8b465ee728b) (PreviewImporter) -> (artifact id: '00000000000000000000000000000000') in 0.0009706 seconds
Import Error Code:(4)
Message: Build asset version error: assets/scripts/levelmanager.cs in SourceAssetDB has modification time of '2026-09-17T12:37:51.7670397Z' while content on disk has modification time of '2026-09-17T12:37:58.661Z'
  ERROR: Build asset version error: assets/scripts/levelmanager.cs in SourceAssetDB has modification time of '2026-09-17T12:37:51.7670397Z' while content on disk has modification time of '2026-09-17T12:37:58.661Z'
Number of updated asset objects reloaded before import = 0Number of asset objects unloaded after import = 0

========================================================================
Received Import Request.
  Time since last request: 0.000025 seconds.
  path: Assets/Scripts/LevelManager.cs
  artifactKey: Guid(1f9c91710e106d84186998d23ae1cf5f) Importer(815301076,1909f56bfc062723c751e8b465ee728b)
Start importing Assets/Scripts/LevelManager.cs using Guid(1f9c91710e106d84186998d23ae1cf5f) Importer(815301076,1909f56bfc062723c751e8b465ee728b) (PreviewImporter) -> (artifact id: '00000000000000000000000000000000') in 0.0008347 seconds
Import Error Code:(4)
Message: Build asset version error: assets/scripts/levelmanager.cs in SourceAssetDB has modification time of '2026-09-17T12:37:51.7670397Z' while content on disk has modification time of '2026-09-17T12:37:58.661Z'
  ERROR: Build asset version error: assets/scripts/levelmanager.cs in SourceAssetDB has modification time of '2026-09-17T12:37:51.7670397Z' while content on disk has modification time of '2026-09-17T12:37:58.661Z'
Number of updated asset objects reloaded before import = 0Number of asset objects unloaded after import = 0

========================================================================
Received Import Request.
  Time since last request: 0.000024 seconds.
  path: Assets/Scripts/LevelManager.cs
  artifactKey: Guid(1f9c91710e106d84186998d23ae1cf5f) Importer(815301076,1909f56bfc062723c751e8b465ee728b)
Start importing Assets/Scripts/LevelManager.cs using Guid(1f9c91710e106d84186998d23ae1cf5f) Importer(815301076,1909f56bfc062723c751e8b465ee728b) (PreviewImporter) -> (artifact id: '00000000000000000000000000000000') in 0.0007429 seconds
Import Error Code:(4)
Message: Build asset version error: assets/scripts/levelmanager.cs in SourceAssetDB has modification time of '2026-09-17T12:37:51.7670397Z' while content on disk has modification time of '2026-09-17T12:37:58.661Z'
  ERROR: Build asset version error: assets/scripts/levelmanager.cs in SourceAssetDB has modification time of '2026-09-17T12:37:51.7670397Z' while content on disk has modification time of '2026-09-17T12:37:58.661Z'
Number of updated asset objects reloaded before import = 0Number of asset objects unloaded after import = 0

========================================================================
Received Import Request.
  Time since last request: 0.000025 seconds.
  path: Assets/Scripts/LevelManager.cs
  artifactKey: Guid(1f9c91710e106d84186998d23ae1cf5f) Importer(815301076,1909f56bfc062723c751e8b465ee728b)
Start importing Assets/Scripts/LevelManager.cs using Guid(1f9c91710e106d84186998d23ae1cf5f) Importer(815301076,1909f56bfc062723c751e8b465ee728b) (PreviewImporter) -> (artifact id: '00000000000000000000000000000000') in 0.0007623 seconds
Import Error Code:(4)
Message: Build asset version error: assets/scripts/levelmanager.cs in SourceAssetDB has modification time of '2026-09-17T12:37:51.7670397Z' while content on disk has modification time of '2026-09-17T12:37:58.661Z'
  ERROR: Build asset version error: assets/scripts/levelmanager.cs in SourceAssetDB has modification time of '2026-09-17T12:37:51.7670397Z' while content on disk has modification time of '2026-09-17T12:37:58.661Z'
Number of updated asset objects reloaded before import = 0Number of asset objects unloaded after import = 0

========================================================================
Received Import Request.
  Time since last request: 0.000026 seconds.
  path: Assets/Scripts/LevelManager.cs
  artifactKey: Guid(1f9c91710e106d84186998d23ae1cf5f) Importer(815301076,1909f56bfc062723c751e8b465ee728b)
Start importing Assets/Scripts/LevelManager.cs using Guid(1f9c91710e106d84186998d23ae1cf5f) Importer(815301076,1909f56bfc062723c751e8b465ee728b) (PreviewImporter) -> (artifact id: '00000000000000000000000000000000') in 0.0007221 seconds
Import Error Code:(4)
Message: Build asset version error: assets/scripts/levelmanager.cs in SourceAssetDB has modification time of '2026-09-17T12:37:51.7670397Z' while content on disk has modification time of '2026-09-17T12:37:58.661Z'
  ERROR: Build asset version error: assets/scripts/levelmanager.cs in SourceAssetDB has modification time of '2026-09-17T12:37:51.7670397Z' while content on disk has modification time of '2026-09-17T12:37:58.661Z'
Number of updated asset objects reloaded before import = 0Number of asset objects unloaded after import = 0

========================================================================
Received Import Request.
  Time since last request: 0.000034 seconds.
  path: Assets/Scripts/LevelManager.cs
  artifactKey: Guid(1f9c91710e106d84186998d23ae1cf5f) Importer(815301076,1909f56bfc062723c751e8b465ee728b)
Start importing Assets/Scripts/LevelManager.cs using Guid(1f9c91710e106d84186998d23ae1cf5f) Importer(815301076,1909f56bfc062723c751e8b465ee728b) (PreviewImporter) -> (artifact id: '00000000000000000000000000000000') in 0.0007098 seconds
Import Error Code:(4)
Message: Build asset version error: assets/scripts/levelmanager.cs in SourceAssetDB has modification time of '2026-09-17T12:37:51.7670397Z' while content on disk has modification time of '2026-09-17T12:37:58.661Z'
  ERROR: Build asset version error: assets/scripts/levelmanager.cs in SourceAssetDB has modification time of '2026-09-17T12:37:51.7670397Z' while content on disk has modification time of '2026-09-17T12:37:58.661Z'
Number of updated asset objects reloaded before import = 0Number of asset objects unloaded after import = 0

========================================================================
Received Import Request.
  Time since last request: 0.000032 seconds.
  path: Assets/Scripts/LevelManager.cs
  artifactKey: Guid(1f9c91710e106d84186998d23ae1cf5f) Importer(815301076,1909f56bfc062723c751e8b465ee728b)
Start importing Assets/Scripts/LevelManager.cs using Guid(1f9c91710e106d84186998d23ae1cf5f) Importer(815301076,1909f56bfc062723c751e8b465ee728b) (PreviewImporter) -> (artifact id: '00000000000000000000000000000000') in 0.0009847 seconds
Import Error Code:(4)
Message: Build asset version error: assets/scripts/levelmanager.cs in SourceAssetDB has modification time of '2026-09-17T12:37:51.7670397Z' while content on disk has modification time of '2026-09-17T12:37:58.661Z'
  ERROR: Build asset version error: assets/scripts/levelmanager.cs in SourceAssetDB has modification time of '2026-09-17T12:37:51.7670397Z' while content on disk has modification time of '2026-09-17T12:37:58.661Z'
Number of updated asset objects reloaded before import = 0Number of asset objects unloaded after import = 0

========================================================================
Received Import Request.
  Time since last request: 0.000021 seconds.
  path: Assets/Scripts/LevelManager.cs
  artifactKey: Guid(1f9c91710e106d84186998d23ae1cf5f) Importer(815301076,1909f56bfc062723c751e8b465ee728b)
Start importing Assets/Scripts/LevelManager.cs using Guid(1f9c91710e106d84186998d23ae1cf5f) Importer(815301076,1909f56bfc062723c751e8b465ee728b) (PreviewImporter) -> (artifact id: '00000000000000000000000000000000') in 0.0009701 seconds
Import Error Code:(4)
Message: Build asset version error: assets/scripts/levelmanager.cs in SourceAssetDB has modification time of '2026-09-17T12:37:51.7670397Z' while content on disk has modification time of '2026-09-17T12:37:58.661Z'
  ERROR: Build asset version error: assets/scripts/levelmanager.cs in SourceAssetDB has modification time of '2026-09-17T12:37:51.7670397Z' while content on disk has modification time of '2026-09-17T12:37:58.661Z'
Number of updated asset objects reloaded before import = 0Number of asset objects unloaded after import = 0

========================================================================
Received Import Request.
  Time since last request: 0.000026 seconds.
  path: Assets/Scripts/LevelManager.cs
  artifactKey: Guid(1f9c91710e106d84186998d23ae1cf5f) Importer(815301076,1909f56bfc062723c751e8b465ee728b)
Start importing Assets/Scripts/LevelManager.cs using Guid(1f9c91710e106d84186998d23ae1cf5f) Importer(815301076,1909f56bfc062723c751e8b465ee728b) (PreviewImporter) -> (artifact id: '00000000000000000000000000000000') in 0.0007656 seconds
Import Error Code:(4)
Message: Build asset version error: assets/scripts/levelmanager.cs in SourceAssetDB has modification time of '2026-09-17T12:37:51.7670397Z' while content on disk has modification time of '2026-09-17T12:37:58.661Z'
  ERROR: Build asset version error: assets/scripts/levelmanager.cs in SourceAssetDB has modification time of '2026-09-17T12:37:51.7670397Z' while content on disk has modification time of '2026-09-17T12:37:58.661Z'
Number of updated asset objects reloaded before import = 0Number of asset objects unloaded after import = 0

========================================================================
Received Import Request.
  Time since last request: 0.000024 seconds.
  path: Assets/Scripts/LevelManager.cs
  artifactKey: Guid(1f9c91710e106d84186998d23ae1cf5f) Importer(815301076,1909f56bfc062723c751e8b465ee728b)
Start importing Assets/Scripts/LevelManager.cs using Guid(1f9c91710e106d84186998d23ae1cf5f) Importer(815301076,1909f56bfc062723c751e8b465ee728b) (PreviewImporter) -> (artifact id: '00000000000000000000000000000000') in 0.0006397 seconds
Import Error Code:(4)
Message: Build asset version error: assets/scripts/levelmanager.cs in SourceAssetDB has modification time of '2026-09-17T12:37:51.7670397Z' while content on disk has modification time of '2026-09-17T12:37:58.661Z'
  ERROR: Build asset version error: assets/scripts/levelmanager.cs in SourceAssetDB has modification time of '2026-09-17T12:37:51.7670397Z' while content on disk has modification time of '2026-09-17T12:37:58.661Z'
Number of updated asset objects reloaded before import = 0Number of asset objects unloaded after import = 0

========================================================================
Received Import Request.
  Time since last request: 0.000033 seconds.
  path: Assets/Scripts/LevelManager.cs
  artifactKey: Guid(1f9c91710e106d84186998d23ae1cf5f) Importer(815301076,1909f56bfc062723c751e8b465ee728b)
Start importing Assets/Scripts/LevelManager.cs using Guid(1f9c91710e106d84186998d23ae1cf5f) Importer(815301076,1909f56bfc062723c751e8b465ee728b) (PreviewImporter) -> (artifact id: '00000000000000000000000000000000') in 0.0006843 seconds
Import Error Code:(4)
Message: Build asset version error: assets/scripts/levelmanager.cs in SourceAssetDB has modification time of '2026-09-17T12:37:51.7670397Z' while content on disk has modification time of '2026-09-17T12:37:58.661Z'
  ERROR: Build asset version error: assets/scripts/levelmanager.cs in SourceAssetDB has modification time of '2026-09-17T12:37:51.7670397Z' while content on disk has modification time of '2026-09-17T12:37:58.661Z'
Number of updated asset objects reloaded before import = 0Number of asset objects unloaded after import = 0

========================================================================
Received Import Request.
  Time since last request: 0.000021 seconds.
  path: Assets/Scripts/LevelManager.cs
  artifactKey: Guid(1f9c91710e106d84186998d23ae1cf5f) Importer(815301076,1909f56bfc062723c751e8b465ee728b)
Start importing Assets/Scripts/LevelManager.cs using Guid(1f9c91710e106d84186998d23ae1cf5f) Importer(815301076,1909f56bfc062723c751e8b465ee728b) (PreviewImporter) -> (artifact id: '00000000000000000000000000000000') in 0.0006957 seconds
Import Error Code:(4)
Message: Build asset version error: assets/scripts/levelmanager.cs in SourceAssetDB has modification time of '2026-09-17T12:37:51.7670397Z' while content on disk has modification time of '2026-09-17T12:37:58.661Z'
  ERROR: Build asset version error: assets/scripts/levelmanager.cs in SourceAssetDB has modification time of '2026-09-17T12:37:51.7670397Z' while content on disk has modification time of '2026-09-17T12:37:58.661Z'
Number of updated asset objects reloaded before import = 0Number of asset objects unloaded after import = 0

========================================================================
Received Import Request.
  Time since last request: 0.000020 seconds.
  path: Assets/Scripts/LevelManager.cs
  artifactKey: Guid(1f9c91710e106d84186998d23ae1cf5f) Importer(815301076,1909f56bfc062723c751e8b465ee728b)
Start importing Assets/Scripts/LevelManager.cs using Guid(1f9c91710e106d84186998d23ae1cf5f) Importer(815301076,1909f56bfc062723c751e8b465ee728b) (PreviewImporter) -> (artifact id: '00000000000000000000000000000000') in 0.0006685 seconds
Import Error Code:(4)
Message: Build asset version error: assets/scripts/levelmanager.cs in SourceAssetDB has modification time of '2026-09-17T12:37:51.7670397Z' while content on disk has modification time of '2026-09-17T12:37:58.661Z'
  ERROR: Build asset version error: assets/scripts/levelmanager.cs in SourceAssetDB has modification time of '2026-09-17T12:37:51.7670397Z' while content on disk has modification time of '2026-09-17T12:37:58.661Z'
Number of updated asset objects reloaded before import = 0Number of asset objects unloaded after import = 0

========================================================================
Received Import Request.
  Time since last request: 0.000023 seconds.
  path: Assets/Scripts/LevelManager.cs
  artifactKey: Guid(1f9c91710e106d84186998d23ae1cf5f) Importer(815301076,1909f56bfc062723c751e8b465ee728b)
Start importing Assets/Scripts/LevelManager.cs using Guid(1f9c91710e106d84186998d23ae1cf5f) Importer(815301076,1909f56bfc062723c751e8b465ee728b) (PreviewImporter) -> (artifact id: '00000000000000000000000000000000') in 0.0009336 seconds
Import Error Code:(4)
Message: Build asset version error: assets/scripts/levelmanager.cs in SourceAssetDB has modification time of '2026-09-17T12:37:51.7670397Z' while content on disk has modification time of '2026-09-17T12:37:58.661Z'
  ERROR: Build asset version error: assets/scripts/levelmanager.cs in SourceAssetDB has modification time of '2026-09-17T12:37:51.7670397Z' while content on disk has modification time of '2026-09-17T12:37:58.661Z'
Number of updated asset objects reloaded before import = 0Number of asset objects unloaded after import = 0

========================================================================
Received Import Request.
  Time since last request: 0.000033 seconds.
  path: Assets/Scripts/LevelManager.cs
  artifactKey: Guid(1f9c91710e106d84186998d23ae1cf5f) Importer(815301076,1909f56bfc062723c751e8b465ee728b)
Start importing Assets/Scripts/LevelManager.cs using Guid(1f9c91710e106d84186998d23ae1cf5f) Importer(815301076,1909f56bfc062723c751e8b465ee728b) (PreviewImporter) -> (artifact id: '00000000000000000000000000000000') in 0.0008874 seconds
Import Error Code:(4)
Message: Build asset version error: assets/scripts/levelmanager.cs in SourceAssetDB has modification time of '2026-09-17T12:37:51.7670397Z' while content on disk has modification time of '2026-09-17T12:37:58.661Z'
  ERROR: Build asset version error: assets/scripts/levelmanager.cs in SourceAssetDB has modification time of '2026-09-17T12:37:51.7670397Z' while content on disk has modification time of '2026-09-17T12:37:58.661Z'
Number of updated asset objects reloaded before import = 0Number of asset objects unloaded after import = 0

========================================================================
Received Import Request.
  Time since last request: 0.000036 seconds.
  path: Assets/Scripts/LevelManager.cs
  artifactKey: Guid(1f9c91710e106d84186998d23ae1cf5f) Importer(815301076,1909f56bfc062723c751e8b465ee728b)
Start importing Assets/Scripts/LevelManager.cs using Guid(1f9c91710e106d84186998d23ae1cf5f) Importer(815301076,1909f56bfc062723c751e8b465ee728b) (PreviewImporter) -> (artifact id: '00000000000000000000000000000000') in 0.0007546 seconds
Import Error Code:(4)
Message: Build asset version error: assets/scripts/levelmanager.cs in SourceAssetDB has modification time of '2026-09-17T12:37:51.7670397Z' while content on disk has modification time of '2026-09-17T12:37:58.661Z'
  ERROR: Build asset version error: assets/scripts/levelmanager.cs in SourceAssetDB has modification time of '2026-09-17T12:37:51.7670397Z' while content on disk has modification time of '2026-09-17T12:37:58.661Z'
Number of updated asset objects reloaded before import = 0Number of asset objects unloaded after import = 0

========================================================================
Received Import Request.
  Time since last request: 0.000021 seconds.
  path: Assets/Scripts/LevelManager.cs
  artifactKey: Guid(1f9c91710e106d84186998d23ae1cf5f) Importer(815301076,1909f56bfc062723c751e8b465ee728b)
Start importing Assets/Scripts/LevelManager.cs using Guid(1f9c91710e106d84186998d23ae1cf5f) Importer(815301076,1909f56bfc062723c751e8b465ee728b) (PreviewImporter) -> (artifact id: '00000000000000000000000000000000') in 0.0006879 seconds
Import Error Code:(4)
Message: Build asset version error: assets/scripts/levelmanager.cs in SourceAssetDB has modification time of '2026-09-17T12:37:51.7670397Z' while content on disk has modification time of '2026-09-17T12:37:58.661Z'
  ERROR: Build asset version error: assets/scripts/levelmanager.cs in SourceAssetDB has modification time of '2026-09-17T12:37:51.7670397Z' while content on disk has modification time of '2026-09-17T12:37:58.661Z'
Number of updated asset objects reloaded before import = 0Number of asset objects unloaded after import = 0

========================================================================
Received Import Request.
  Time since last request: 0.000023 seconds.
  path: Assets/Scripts/LevelManager.cs
  artifactKey: Guid(1f9c91710e106d84186998d23ae1cf5f) Importer(815301076,1909f56bfc062723c751e8b465ee728b)
Start importing Assets/Scripts/LevelManager.cs using Guid(1f9c91710e106d84186998d23ae1cf5f) Importer(815301076,1909f56bfc062723c751e8b465ee728b) (PreviewImporter) -> (artifact id: '00000000000000000000000000000000') in 0.0007575 seconds
Import Error Code:(4)
Message: Build asset version error: assets/scripts/levelmanager.cs in SourceAssetDB has modification time of '2026-09-17T12:37:51.7670397Z' while content on disk has modification time of '2026-09-17T12:37:58.661Z'
  ERROR: Build asset version error: assets/scripts/levelmanager.cs in SourceAssetDB has modification time of '2026-09-17T12:37:51.7670397Z' while content on disk has modification time of '2026-09-17T12:37:58.661Z'
Number of updated asset objects reloaded before import = 0Number of asset objects unloaded after import = 0

========================================================================
Received Import Request.
  Time since last request: 0.000022 seconds.
  path: Assets/Scripts/LevelManager.cs
  artifactKey: Guid(1f9c91710e106d84186998d23ae1cf5f) Importer(815301076,1909f56bfc062723c751e8b465ee728b)
Start importing Assets/Scripts/LevelManager.cs using Guid(1f9c91710e106d84186998d23ae1cf5f) Importer(815301076,1909f56bfc062723c751e8b465ee728b) (PreviewImporter) -> (artifact id: '00000000000000000000000000000000') in 0.0006256 seconds
Import Error Code:(4)
Message: Build asset version error: assets/scripts/levelmanager.cs in SourceAssetDB has modification time of '2026-09-17T12:37:51.7670397Z' while content on disk has modification time of '2026-09-17T12:37:58.661Z'
  ERROR: Build asset version error: assets/scripts/levelmanager.cs in SourceAssetDB has modification time of '2026-09-17T12:37:51.7670397Z' while content on disk has modification time of '2026-09-17T12:37:58.661Z'
Number of updated asset objects reloaded before import = 0Number of asset objects unloaded after import = 0

========================================================================
Received Import Request.
  Time since last request: 0.000023 seconds.
  path: Assets/Scripts/LevelManager.cs
  artifactKey: Guid(1f9c91710e106d84186998d23ae1cf5f) Importer(815301076,1909f56bfc062723c751e8b465ee728b)
Start importing Assets/Scripts/LevelManager.cs using Guid(1f9c91710e106d84186998d23ae1cf5f) Importer(815301076,1909f56bfc062723c751e8b465ee728b) (PreviewImporter) -> (artifact id: '00000000000000000000000000000000') in 0.0006504 seconds
Import Error Code:(4)
Message: Build asset version error: assets/scripts/levelmanager.cs in SourceAssetDB has modification time of '2026-09-17T12:37:51.7670397Z' while content on disk has modification time of '2026-09-17T12:37:58.661Z'
  ERROR: Build asset version error: assets/scripts/levelmanager.cs in SourceAssetDB has modification time of '2026-09-17T12:37:51.7670397Z' while content on disk has modification time of '2026-09-17T12:37:58.661Z'
Number of updated asset objects reloaded before import = 0Number of asset objects unloaded after import = 0

========================================================================
Received Import Request.
  Time since last request: 0.000033 seconds.
  path: Assets/Scripts/LevelManager.cs
  artifactKey: Guid(1f9c91710e106d84186998d23ae1cf5f) Importer(815301076,1909f56bfc062723c751e8b465ee728b)
Start importing Assets/Scripts/LevelManager.cs using Guid(1f9c91710e106d84186998d23ae1cf5f) Importer(815301076,1909f56bfc062723c751e8b465ee728b) (PreviewImporter) -> (artifact id: '00000000000000000000000000000000') in 0.0006341 seconds
Import Error Code:(4)
Message: Build asset version error: assets/scripts/levelmanager.cs in SourceAssetDB has modification time of '2026-09-17T12:37:51.7670397Z' while content on disk has modification time of '2026-09-17T12:37:58.661Z'
  ERROR: Build asset version error: assets/scripts/levelmanager.cs in SourceAssetDB has modification time of '2026-09-17T12:37:51.7670397Z' while content on disk has modification time of '2026-09-17T12:37:58.661Z'
Number of updated asset objects reloaded before import = 0Number of asset objects unloaded after import = 0

========================================================================
Received Import Request.
  Time since last request: 0.000022 seconds.
  path: Assets/Scripts/LevelManager.cs
  artifactKey: Guid(1f9c91710e106d84186998d23ae1cf5f) Importer(815301076,1909f56bfc062723c751e8b465ee728b)
Start importing Assets/Scripts/LevelManager.cs using Guid(1f9c91710e106d84186998d23ae1cf5f) Importer(815301076,1909f56bfc062723c751e8b465ee728b) (PreviewImporter) -> (artifact id: '00000000000000000000000000000000') in 0.0006562 seconds
Import Error Code:(4)
Message: Build asset version error: assets/scripts/levelmanager.cs in SourceAssetDB has modification time of '2026-09-17T12:37:51.7670397Z' while content on disk has modification time of '2026-09-17T12:37:58.661Z'
  ERROR: Build asset version error: assets/scripts/levelmanager.cs in SourceAssetDB has modification time of '2026-09-17T12:37:51.7670397Z' while content on disk has modification time of '2026-09-17T12:37:58.661Z'
Number of updated asset objects reloaded before import = 0Number of asset objects unloaded after import = 0

========================================================================
Received Import Request.
  Time since last request: 0.000062 seconds.
  path: Assets/Scripts/LevelManager.cs
  artifactKey: Guid(1f9c91710e106d84186998d23ae1cf5f) Importer(815301076,1909f56bfc062723c751e8b465ee728b)
Start importing Assets/Scripts/LevelManager.cs using Guid(1f9c91710e106d84186998d23ae1cf5f) Importer(815301076,1909f56bfc062723c751e8b465ee728b) (PreviewImporter) -> (artifact id: '00000000000000000000000000000000') in 0.0008541 seconds
Import Error Code:(4)
Message: Build asset version error: assets/scripts/levelmanager.cs in SourceAssetDB has modification time of '2026-09-17T12:37:51.7670397Z' while content on disk has modification time of '2026-09-17T12:37:58.661Z'
  ERROR: Build asset version error: assets/scripts/levelmanager.cs in SourceAssetDB has modification time of '2026-09-17T12:37:51.7670397Z' while content on disk has modification time of '2026-09-17T12:37:58.661Z'
Number of updated asset objects reloaded before import = 0Number of asset objects unloaded after import = 0

========================================================================
Received Import Request.
  Time since last request: 0.000025 seconds.
  path: Assets/Scripts/LevelManager.cs
  artifactKey: Guid(1f9c91710e106d84186998d23ae1cf5f) Importer(815301076,1909f56bfc062723c751e8b465ee728b)
Start importing Assets/Scripts/LevelManager.cs using Guid(1f9c91710e106d84186998d23ae1cf5f) Importer(815301076,1909f56bfc062723c751e8b465ee728b) (PreviewImporter) -> (artifact id: '00000000000000000000000000000000') in 0.0009624 seconds
Import Error Code:(4)
Message: Build asset version error: assets/scripts/levelmanager.cs in SourceAssetDB has modification time of '2026-09-17T12:37:51.7670397Z' while content on disk has modification time of '2026-09-17T12:37:58.661Z'
  ERROR: Build asset version error: assets/scripts/levelmanager.cs in SourceAssetDB has modification time of '2026-09-17T12:37:51.7670397Z' while content on disk has modification time of '2026-09-17T12:37:58.661Z'
Number of updated asset objects reloaded before import = 0Number of asset objects unloaded after import = 0

========================================================================
Received Import Request.
  Time since last request: 0.000029 seconds.
  path: Assets/Scripts/LevelManager.cs
  artifactKey: Guid(1f9c91710e106d84186998d23ae1cf5f) Importer(815301076,1909f56bfc062723c751e8b465ee728b)
Start importing Assets/Scripts/LevelManager.cs using Guid(1f9c91710e106d84186998d23ae1cf5f) Importer(815301076,1909f56bfc062723c751e8b465ee728b) (PreviewImporter) -> (artifact id: '00000000000000000000000000000000') in 0.0010195 seconds
Import Error Code:(4)
Message: Build asset version error: assets/scripts/levelmanager.cs in SourceAssetDB has modification time of '2026-09-17T12:37:51.7670397Z' while content on disk has modification time of '2026-09-17T12:37:58.661Z'
  ERROR: Build asset version error: assets/scripts/levelmanager.cs in SourceAssetDB has modification time of '2026-09-17T12:37:51.7670397Z' while content on disk has modification time of '2026-09-17T12:37:58.661Z'
Number of updated asset objects reloaded before import = 0Number of asset objects unloaded after import = 0

========================================================================
Received Import Request.
  Time since last request: 0.000035 seconds.
  path: Assets/Scripts/LevelManager.cs
  artifactKey: Guid(1f9c91710e106d84186998d23ae1cf5f) Importer(815301076,1909f56bfc062723c751e8b465ee728b)
Start importing Assets/Scripts/LevelManager.cs using Guid(1f9c91710e106d84186998d23ae1cf5f) Importer(815301076,1909f56bfc062723c751e8b465ee728b) (PreviewImporter) -> (artifact id: '00000000000000000000000000000000') in 0.0008351 seconds
Import Error Code:(4)
Message: Build asset version error: assets/scripts/levelmanager.cs in SourceAssetDB has modification time of '2026-09-17T12:37:51.7670397Z' while content on disk has modification time of '2026-09-17T12:37:58.661Z'
  ERROR: Build asset version error: assets/scripts/levelmanager.cs in SourceAssetDB has modification time of '2026-09-17T12:37:51.7670397Z' while content on disk has modification time of '2026-09-17T12:37:58.661Z'
Number of updated asset objects reloaded before import = 0Number of asset objects unloaded after import = 0

========================================================================
Received Import Request.
  Time since last request: 0.000021 seconds.
  path: Assets/Scripts/LevelManager.cs
  artifactKey: Guid(1f9c91710e106d84186998d23ae1cf5f) Importer(815301076,1909f56bfc062723c751e8b465ee728b)
Start importing Assets/Scripts/LevelManager.cs using Guid(1f9c91710e106d84186998d23ae1cf5f) Importer(815301076,1909f56bfc062723c751e8b465ee728b) (PreviewImporter) -> (artifact id: '00000000000000000000000000000000') in 0.0010536 seconds
Import Error Code:(4)
Message: Build asset version error: assets/scripts/levelmanager.cs in SourceAssetDB has modification time of '2026-09-17T12:37:51.7670397Z' while content on disk has modification time of '2026-09-17T12:37:58.661Z'
  ERROR: Build asset version error: assets/scripts/levelmanager.cs in SourceAssetDB has modification time of '2026-09-17T12:37:51.7670397Z' while content on disk has modification time of '2026-09-17T12:37:58.661Z'
Number of updated asset objects reloaded before import = 0Number of asset objects unloaded after import = 0

========================================================================
Received Import Request.
  Time since last request: 0.000021 seconds.
  path: Assets/Scripts/LevelManager.cs
  artifactKey: Guid(1f9c91710e106d84186998d23ae1cf5f) Importer(815301076,1909f56bfc062723c751e8b465ee728b)
Start importing Assets/Scripts/LevelManager.cs using Guid(1f9c91710e106d84186998d23ae1cf5f) Importer(815301076,1909f56bfc062723c751e8b465ee728b) (PreviewImporter) -> (artifact id: '00000000000000000000000000000000') in 0.000849 seconds
Import Error Code:(4)
Message: Build asset version error: assets/scripts/levelmanager.cs in SourceAssetDB has modification time of '2026-09-17T12:37:51.7670397Z' while content on disk has modification time of '2026-09-17T12:37:58.661Z'
  ERROR: Build asset version error: assets/scripts/levelmanager.cs in SourceAssetDB has modification time of '2026-09-17T12:37:51.7670397Z' while content on disk has modification time of '2026-09-17T12:37:58.661Z'
Number of updated asset objects reloaded before import = 0Number of asset objects unloaded after import = 0

========================================================================
Received Import Request.
  Time since last request: 0.000023 seconds.
  path: Assets/Scripts/LevelManager.cs
  artifactKey: Guid(1f9c91710e106d84186998d23ae1cf5f) Importer(815301076,1909f56bfc062723c751e8b465ee728b)
Start importing Assets/Scripts/LevelManager.cs using Guid(1f9c91710e106d84186998d23ae1cf5f) Importer(815301076,1909f56bfc062723c751e8b465ee728b) (PreviewImporter) -> (artifact id: '00000000000000000000000000000000') in 0.0007462 seconds
Import Error Code:(4)
Message: Build asset version error: assets/scripts/levelmanager.cs in SourceAssetDB has modification time of '2026-09-17T12:37:51.7670397Z' while content on disk has modification time of '2026-09-17T12:37:58.661Z'
  ERROR: Build asset version error: assets/scripts/levelmanager.cs in SourceAssetDB has modification time of '2026-09-17T12:37:51.7670397Z' while content on disk has modification time of '2026-09-17T12:37:58.661Z'
Number of updated asset objects reloaded before import = 0Number of asset objects unloaded after import = 0

========================================================================
Received Import Request.
  Time since last request: 0.000027 seconds.
  path: Assets/Scripts/LevelManager.cs
  artifactKey: Guid(1f9c91710e106d84186998d23ae1cf5f) Importer(815301076,1909f56bfc062723c751e8b465ee728b)
Start importing Assets/Scripts/LevelManager.cs using Guid(1f9c91710e106d84186998d23ae1cf5f) Importer(815301076,1909f56bfc062723c751e8b465ee728b) (PreviewImporter) -> (artifact id: '00000000000000000000000000000000') in 0.0007343 seconds
Import Error Code:(4)
Message: Build asset version error: assets/scripts/levelmanager.cs in SourceAssetDB has modification time of '2026-09-17T12:37:51.7670397Z' while content on disk has modification time of '2026-09-17T12:37:58.661Z'
  ERROR: Build asset version error: assets/scripts/levelmanager.cs in SourceAssetDB has modification time of '2026-09-17T12:37:51.7670397Z' while content on disk has modification time of '2026-09-17T12:37:58.661Z'
Number of updated asset objects reloaded before import = 0Number of asset objects unloaded after import = 0

========================================================================
Received Import Request.
  Time since last request: 0.000035 seconds.
  path: Assets/Scripts/LevelManager.cs
  artifactKey: Guid(1f9c91710e106d84186998d23ae1cf5f) Importer(815301076,1909f56bfc062723c751e8b465ee728b)
Start importing Assets/Scripts/LevelManager.cs using Guid(1f9c91710e106d84186998d23ae1cf5f) Importer(815301076,1909f56bfc062723c751e8b465ee728b) (PreviewImporter) -> (artifact id: '00000000000000000000000000000000') in 0.0008009 seconds
Import Error Code:(4)
Message: Build asset version error: assets/scripts/levelmanager.cs in SourceAssetDB has modification time of '2026-09-17T12:37:51.7670397Z' while content on disk has modification time of '2026-09-17T12:37:58.661Z'
  ERROR: Build asset version error: assets/scripts/levelmanager.cs in SourceAssetDB has modification time of '2026-09-17T12:37:51.7670397Z' while content on disk has modification time of '2026-09-17T12:37:58.661Z'
Number of updated asset objects reloaded before import = 0Number of asset objects unloaded after import = 0

========================================================================
Received Import Request.
  Time since last request: 0.000021 seconds.
  path: Assets/Scripts/LevelManager.cs
  artifactKey: Guid(1f9c91710e106d84186998d23ae1cf5f) Importer(815301076,1909f56bfc062723c751e8b465ee728b)
Start importing Assets/Scripts/LevelManager.cs using Guid(1f9c91710e106d84186998d23ae1cf5f) Importer(815301076,1909f56bfc062723c751e8b465ee728b) (PreviewImporter) -> (artifact id: '00000000000000000000000000000000') in 0.0006355 seconds
Import Error Code:(4)
Message: Build asset version error: assets/scripts/levelmanager.cs in SourceAssetDB has modification time of '2026-09-17T12:37:51.7670397Z' while content on disk has modification time of '2026-09-17T12:37:58.661Z'
  ERROR: Build asset version error: assets/scripts/levelmanager.cs in SourceAssetDB has modification time of '2026-09-17T12:37:51.7670397Z' while content on disk has modification time of '2026-09-17T12:37:58.661Z'
Number of updated asset objects reloaded before import = 0Number of asset objects unloaded after import = 0

========================================================================
Received Import Request.
  Time since last request: 0.000028 seconds.
  path: Assets/Scripts/LevelManager.cs
  artifactKey: Guid(1f9c91710e106d84186998d23ae1cf5f) Importer(815301076,1909f56bfc062723c751e8b465ee728b)
Start importing Assets/Scripts/LevelManager.cs using Guid(1f9c91710e106d84186998d23ae1cf5f) Importer(815301076,1909f56bfc062723c751e8b465ee728b) (PreviewImporter) -> (artifact id: '00000000000000000000000000000000') in 0.0006682 seconds
Import Error Code:(4)
Message: Build asset version error: assets/scripts/levelmanager.cs in SourceAssetDB has modification time of '2026-09-17T12:37:51.7670397Z' while content on disk has modification time of '2026-09-17T12:37:58.661Z'
  ERROR: Build asset version error: assets/scripts/levelmanager.cs in SourceAssetDB has modification time of '2026-09-17T12:37:51.7670397Z' while content on disk has modification time of '2026-09-17T12:37:58.661Z'
Number of updated asset objects reloaded before import = 0Number of asset objects unloaded after import = 0

========================================================================
Received Import Request.
  Time since last request: 0.000030 seconds.
  path: Assets/Scripts/LevelManager.cs
  artifactKey: Guid(1f9c91710e106d84186998d23ae1cf5f) Importer(815301076,1909f56bfc062723c751e8b465ee728b)
Start importing Assets/Scripts/LevelManager.cs using Guid(1f9c91710e106d84186998d23ae1cf5f) Importer(815301076,1909f56bfc062723c751e8b465ee728b) (PreviewImporter) -> (artifact id: '00000000000000000000000000000000') in 0.0006619 seconds
Import Error Code:(4)
Message: Build asset version error: assets/scripts/levelmanager.cs in SourceAssetDB has modification time of '2026-09-17T12:37:51.7670397Z' while content on disk has modification time of '2026-09-17T12:37:58.661Z'
  ERROR: Build asset version error: assets/scripts/levelmanager.cs in SourceAssetDB has modification time of '2026-09-17T12:37:51.7670397Z' while content on disk has modification time of '2026-09-17T12:37:58.661Z'
Number of updated asset objects reloaded before import = 0Number of asset objects unloaded after import = 0

========================================================================
Received Import Request.
  Time since last request: 0.000023 seconds.
  path: Assets/Scripts/LevelManager.cs
  artifactKey: Guid(1f9c91710e106d84186998d23ae1cf5f) Importer(815301076,1909f56bfc062723c751e8b465ee728b)
Start importing Assets/Scripts/LevelManager.cs using Guid(1f9c91710e106d84186998d23ae1cf5f) Importer(815301076,1909f56bfc062723c751e8b465ee728b) (PreviewImporter) -> (artifact id: '00000000000000000000000000000000') in 0.0010286 seconds
Import Error Code:(4)
Message: Build asset version error: assets/scripts/levelmanager.cs in SourceAssetDB has modification time of '2026-09-17T12:37:51.7670397Z' while content on disk has modification time of '2026-09-17T12:37:58.661Z'
  ERROR: Build asset version error: assets/scripts/levelmanager.cs in SourceAssetDB has modification time of '2026-09-17T12:37:51.7670397Z' while content on disk has modification time of '2026-09-17T12:37:58.661Z'
Number of updated asset objects reloaded before import = 0Number of asset objects unloaded after import = 0

========================================================================
Received Import Request.
  Time since last request: 0.000050 seconds.
  path: Assets/Scripts/LevelManager.cs
  artifactKey: Guid(1f9c91710e106d84186998d23ae1cf5f) Importer(815301076,1909f56bfc062723c751e8b465ee728b)
Start importing Assets/Scripts/LevelManager.cs using Guid(1f9c91710e106d84186998d23ae1cf5f) Importer(815301076,1909f56bfc062723c751e8b465ee728b) (PreviewImporter) -> (artifact id: '00000000000000000000000000000000') in 0.0008085 seconds
Import Error Code:(4)
Message: Build asset version error: assets/scripts/levelmanager.cs in SourceAssetDB has modification time of '2026-09-17T12:37:51.7670397Z' while content on disk has modification time of '2026-09-17T12:37:58.661Z'
  ERROR: Build asset version error: assets/scripts/levelmanager.cs in SourceAssetDB has modification time of '2026-09-17T12:37:51.7670397Z' while content on disk has modification time of '2026-09-17T12:37:58.661Z'
Number of updated asset objects reloaded before import = 0Number of asset objects unloaded after import = 0

========================================================================
Received Import Request.
  Time since last request: 0.000020 seconds.
  path: Assets/Scripts/LevelManager.cs
  artifactKey: Guid(1f9c91710e106d84186998d23ae1cf5f) Importer(815301076,1909f56bfc062723c751e8b465ee728b)
Start importing Assets/Scripts/LevelManager.cs using Guid(1f9c91710e106d84186998d23ae1cf5f) Importer(815301076,1909f56bfc062723c751e8b465ee728b) (PreviewImporter) -> (artifact id: '00000000000000000000000000000000') in 0.0010266 seconds
Import Error Code:(4)
Message: Build asset version error: assets/scripts/levelmanager.cs in SourceAssetDB has modification time of '2026-09-17T12:37:51.7670397Z' while content on disk has modification time of '2026-09-17T12:37:58.661Z'
  ERROR: Build asset version error: assets/scripts/levelmanager.cs in SourceAssetDB has modification time of '2026-09-17T12:37:51.7670397Z' while content on disk has modification time of '2026-09-17T12:37:58.661Z'
Number of updated asset objects reloaded before import = 0Number of asset objects unloaded after import = 0

========================================================================
Received Import Request.
  Time since last request: 0.000022 seconds.
  path: Assets/Scripts/LevelManager.cs
  artifactKey: Guid(1f9c91710e106d84186998d23ae1cf5f) Importer(815301076,1909f56bfc062723c751e8b465ee728b)
Start importing Assets/Scripts/LevelManager.cs using Guid(1f9c91710e106d84186998d23ae1cf5f) Importer(815301076,1909f56bfc062723c751e8b465ee728b) (PreviewImporter) -> (artifact id: '00000000000000000000000000000000') in 0.0006117 seconds
Import Error Code:(4)
Message: Build asset version error: assets/scripts/levelmanager.cs in SourceAssetDB has modification time of '2026-09-17T12:37:51.7670397Z' while content on disk has modification time of '2026-09-17T12:37:58.661Z'
  ERROR: Build asset version error: assets/scripts/levelmanager.cs in SourceAssetDB has modification time of '2026-09-17T12:37:51.7670397Z' while content on disk has modification time of '2026-09-17T12:37:58.661Z'
Number of updated asset objects reloaded before import = 0Number of asset objects unloaded after import = 0

========================================================================
Received Import Request.
  Time since last request: 0.000037 seconds.
  path: Assets/Scripts/LevelManager.cs
  artifactKey: Guid(1f9c91710e106d84186998d23ae1cf5f) Importer(815301076,1909f56bfc062723c751e8b465ee728b)
Start importing Assets/Scripts/LevelManager.cs using Guid(1f9c91710e106d84186998d23ae1cf5f) Importer(815301076,1909f56bfc062723c751e8b465ee728b) (PreviewImporter) -> (artifact id: '00000000000000000000000000000000') in 0.0007003 seconds
Import Error Code:(4)
Message: Build asset version error: assets/scripts/levelmanager.cs in SourceAssetDB has modification time of '2026-09-17T12:37:51.7670397Z' while content on disk has modification time of '2026-09-17T12:37:58.661Z'
  ERROR: Build asset version error: assets/scripts/levelmanager.cs in SourceAssetDB has modification time of '2026-09-17T12:37:51.7670397Z' while content on disk has modification time of '2026-09-17T12:37:58.661Z'
Number of updated asset objects reloaded before import = 0Number of asset objects unloaded after import = 0

========================================================================
Received Import Request.
  Time since last request: 0.000031 seconds.
  path: Assets/Scripts/LevelManager.cs
  artifactKey: Guid(1f9c91710e106d84186998d23ae1cf5f) Importer(815301076,1909f56bfc062723c751e8b465ee728b)
Start importing Assets/Scripts/LevelManager.cs using Guid(1f9c91710e106d84186998d23ae1cf5f) Importer(815301076,1909f56bfc062723c751e8b465ee728b) (PreviewImporter) -> (artifact id: '00000000000000000000000000000000') in 0.0010909 seconds
Import Error Code:(4)
Message: Build asset version error: assets/scripts/levelmanager.cs in SourceAssetDB has modification time of '2026-09-17T12:37:51.7670397Z' while content on disk has modification time of '2026-09-17T12:37:58.661Z'
  ERROR: Build asset version error: assets/scripts/levelmanager.cs in SourceAssetDB has modification time of '2026-09-17T12:37:51.7670397Z' while content on disk has modification time of '2026-09-17T12:37:58.661Z'
Number of updated asset objects reloaded before import = 0Number of asset objects unloaded after import = 0

========================================================================
Received Import Request.
  Time since last request: 0.000036 seconds.
  path: Assets/Scripts/LevelManager.cs
  artifactKey: Guid(1f9c91710e106d84186998d23ae1cf5f) Importer(815301076,1909f56bfc062723c751e8b465ee728b)
Start importing Assets/Scripts/LevelManager.cs using Guid(1f9c91710e106d84186998d23ae1cf5f) Importer(815301076,1909f56bfc062723c751e8b465ee728b) (PreviewImporter) -> (artifact id: '00000000000000000000000000000000') in 0.0007357 seconds
Import Error Code:(4)
Message: Build asset version error: assets/scripts/levelmanager.cs in SourceAssetDB has modification time of '2026-09-17T12:37:51.7670397Z' while content on disk has modification time of '2026-09-17T12:37:58.661Z'
  ERROR: Build asset version error: assets/scripts/levelmanager.cs in SourceAssetDB has modification time of '2026-09-17T12:37:51.7670397Z' while content on disk has modification time of '2026-09-17T12:37:58.661Z'
Number of updated asset objects reloaded before import = 0Number of asset objects unloaded after import = 0

========================================================================
Received Import Request.
  Time since last request: 0.000024 seconds.
  path: Assets/Scripts/LevelManager.cs
  artifactKey: Guid(1f9c91710e106d84186998d23ae1cf5f) Importer(815301076,1909f56bfc062723c751e8b465ee728b)
Start importing Assets/Scripts/LevelManager.cs using Guid(1f9c91710e106d84186998d23ae1cf5f) Importer(815301076,1909f56bfc062723c751e8b465ee728b) (PreviewImporter) -> (artifact id: '00000000000000000000000000000000') in 0.0007264 seconds
Import Error Code:(4)
Message: Build asset version error: assets/scripts/levelmanager.cs in SourceAssetDB has modification time of '2026-09-17T12:37:51.7670397Z' while content on disk has modification time of '2026-09-17T12:37:58.661Z'
  ERROR: Build asset version error: assets/scripts/levelmanager.cs in SourceAssetDB has modification time of '2026-09-17T12:37:51.7670397Z' while content on disk has modification time of '2026-09-17T12:37:58.661Z'
Number of updated asset objects reloaded before import = 0Number of asset objects unloaded after import = 0

========================================================================
Received Import Request.
  Time since last request: 0.000022 seconds.
  path: Assets/Scripts/LevelManager.cs
  artifactKey: Guid(1f9c91710e106d84186998d23ae1cf5f) Importer(815301076,1909f56bfc062723c751e8b465ee728b)
Start importing Assets/Scripts/LevelManager.cs using Guid(1f9c91710e106d84186998d23ae1cf5f) Importer(815301076,1909f56bfc062723c751e8b465ee728b) (PreviewImporter) -> (artifact id: '00000000000000000000000000000000') in 0.0007495 seconds
Import Error Code:(4)
Message: Build asset version error: assets/scripts/levelmanager.cs in SourceAssetDB has modification time of '2026-09-17T12:37:51.7670397Z' while content on disk has modification time of '2026-09-17T12:37:58.661Z'
  ERROR: Build asset version error: assets/scripts/levelmanager.cs in SourceAssetDB has modification time of '2026-09-17T12:37:51.7670397Z' while content on disk has modification time of '2026-09-17T12:37:58.661Z'
Number of updated asset objects reloaded before import = 0Number of asset objects unloaded after import = 0

========================================================================
Received Import Request.
  Time since last request: 0.000023 seconds.
  path: Assets/Scripts/LevelManager.cs
  artifactKey: Guid(1f9c91710e106d84186998d23ae1cf5f) Importer(815301076,1909f56bfc062723c751e8b465ee728b)
Start importing Assets/Scripts/LevelManager.cs using Guid(1f9c91710e106d84186998d23ae1cf5f) Importer(815301076,1909f56bfc062723c751e8b465ee728b) (PreviewImporter) -> (artifact id: '00000000000000000000000000000000') in 0.0008805 seconds
Import Error Code:(4)
Message: Build asset version error: assets/scripts/levelmanager.cs in SourceAssetDB has modification time of '2026-09-17T12:37:51.7670397Z' while content on disk has modification time of '2026-09-17T12:37:58.661Z'
  ERROR: Build asset version error: assets/scripts/levelmanager.cs in SourceAssetDB has modification time of '2026-09-17T12:37:51.7670397Z' while content on disk has modification time of '2026-09-17T12:37:58.661Z'
Number of updated asset objects reloaded before import = 0Number of asset objects unloaded after import = 0

========================================================================
Received Import Request.
  Time since last request: 0.000023 seconds.
  path: Assets/Scripts/LevelManager.cs
  artifactKey: Guid(1f9c91710e106d84186998d23ae1cf5f) Importer(815301076,1909f56bfc062723c751e8b465ee728b)
Start importing Assets/Scripts/LevelManager.cs using Guid(1f9c91710e106d84186998d23ae1cf5f) Importer(815301076,1909f56bfc062723c751e8b465ee728b) (PreviewImporter) -> (artifact id: '00000000000000000000000000000000') in 0.0010816 seconds
Import Error Code:(4)
Message: Build asset version error: assets/scripts/levelmanager.cs in SourceAssetDB has modification time of '2026-09-17T12:37:51.7670397Z' while content on disk has modification time of '2026-09-17T12:37:58.661Z'
  ERROR: Build asset version error: assets/scripts/levelmanager.cs in SourceAssetDB has modification time of '2026-09-17T12:37:51.7670397Z' while content on disk has modification time of '2026-09-17T12:37:58.661Z'
Number of updated asset objects reloaded before import = 0Number of asset objects unloaded after import = 0

========================================================================
Received Import Request.
  Time since last request: 0.000075 seconds.
  path: Assets/Scripts/LevelManager.cs
  artifactKey: Guid(1f9c91710e106d84186998d23ae1cf5f) Importer(815301076,1909f56bfc062723c751e8b465ee728b)
Start importing Assets/Scripts/LevelManager.cs using Guid(1f9c91710e106d84186998d23ae1cf5f) Importer(815301076,1909f56bfc062723c751e8b465ee728b) (PreviewImporter) -> (artifact id: '00000000000000000000000000000000') in 0.0010891 seconds
Import Error Code:(4)
Message: Build asset version error: assets/scripts/levelmanager.cs in SourceAssetDB has modification time of '2026-09-17T12:37:51.7670397Z' while content on disk has modification time of '2026-09-17T12:37:58.661Z'
  ERROR: Build asset version error: assets/scripts/levelmanager.cs in SourceAssetDB has modification time of '2026-09-17T12:37:51.7670397Z' while content on disk has modification time of '2026-09-17T12:37:58.661Z'
Number of updated asset objects reloaded before import = 0Number of asset objects unloaded after import = 0

========================================================================
Received Import Request.
  Time since last request: 0.000030 seconds.
  path: Assets/Scripts/LevelManager.cs
  artifactKey: Guid(1f9c91710e106d84186998d23ae1cf5f) Importer(815301076,1909f56bfc062723c751e8b465ee728b)
Start importing Assets/Scripts/LevelManager.cs using Guid(1f9c91710e106d84186998d23ae1cf5f) Importer(815301076,1909f56bfc062723c751e8b465ee728b) (PreviewImporter) -> (artifact id: '00000000000000000000000000000000') in 0.00064 seconds
Import Error Code:(4)
Message: Build asset version error: assets/scripts/levelmanager.cs in SourceAssetDB has modification time of '2026-09-17T12:37:51.7670397Z' while content on disk has modification time of '2026-09-17T12:37:58.661Z'
  ERROR: Build asset version error: assets/scripts/levelmanager.cs in SourceAssetDB has modification time of '2026-09-17T12:37:51.7670397Z' while content on disk has modification time of '2026-09-17T12:37:58.661Z'
Number of updated asset objects reloaded before import = 0Number of asset objects unloaded after import = 0

========================================================================
Received Import Request.
  Time since last request: 0.000022 seconds.
  path: Assets/Scripts/LevelManager.cs
  artifactKey: Guid(1f9c91710e106d84186998d23ae1cf5f) Importer(815301076,1909f56bfc062723c751e8b465ee728b)
Start importing Assets/Scripts/LevelManager.cs using Guid(1f9c91710e106d84186998d23ae1cf5f) Importer(815301076,1909f56bfc062723c751e8b465ee728b) (PreviewImporter) -> (artifact id: '00000000000000000000000000000000') in 0.000674 seconds
Import Error Code:(4)
Message: Build asset version error: assets/scripts/levelmanager.cs in SourceAssetDB has modification time of '2026-09-17T12:37:51.7670397Z' while content on disk has modification time of '2026-09-17T12:37:58.661Z'
  ERROR: Build asset version error: assets/scripts/levelmanager.cs in SourceAssetDB has modification time of '2026-09-17T12:37:51.7670397Z' while content on disk has modification time of '2026-09-17T12:37:58.661Z'
Number of updated asset objects reloaded before import = 0Number of asset objects unloaded after import = 0

========================================================================
Received Import Request.
  Time since last request: 0.000024 seconds.
  path: Assets/Scripts/LevelManager.cs
  artifactKey: Guid(1f9c91710e106d84186998d23ae1cf5f) Importer(815301076,1909f56bfc062723c751e8b465ee728b)
Start importing Assets/Scripts/LevelManager.cs using Guid(1f9c91710e106d84186998d23ae1cf5f) Importer(815301076,1909f56bfc062723c751e8b465ee728b) (PreviewImporter) -> (artifact id: '00000000000000000000000000000000') in 0.0005995 seconds
Import Error Code:(4)
Message: Build asset version error: assets/scripts/levelmanager.cs in SourceAssetDB has modification time of '2026-09-17T12:37:51.7670397Z' while content on disk has modification time of '2026-09-17T12:37:58.661Z'
  ERROR: Build asset version error: assets/scripts/levelmanager.cs in SourceAssetDB has modification time of '2026-09-17T12:37:51.7670397Z' while content on disk has modification time of '2026-09-17T12:37:58.661Z'
Number of updated asset objects reloaded before import = 0Number of asset objects unloaded after import = 0

========================================================================
Received Import Request.
  Time since last request: 0.000029 seconds.
  path: Assets/Scripts/LevelManager.cs
  artifactKey: Guid(1f9c91710e106d84186998d23ae1cf5f) Importer(815301076,1909f56bfc062723c751e8b465ee728b)
Start importing Assets/Scripts/LevelManager.cs using Guid(1f9c91710e106d84186998d23ae1cf5f) Importer(815301076,1909f56bfc062723c751e8b465ee728b) (PreviewImporter) -> (artifact id: '00000000000000000000000000000000') in 0.0009801 seconds
Import Error Code:(4)
Message: Build asset version error: assets/scripts/levelmanager.cs in SourceAssetDB has modification time of '2026-09-17T12:37:51.7670397Z' while content on disk has modification time of '2026-09-17T12:37:58.661Z'
  ERROR: Build asset version error: assets/scripts/levelmanager.cs in SourceAssetDB has modification time of '2026-09-17T12:37:51.7670397Z' while content on disk has modification time of '2026-09-17T12:37:58.661Z'
Number of updated asset objects reloaded before import = 0Number of asset objects unloaded after import = 0

========================================================================
Received Import Request.
  Time since last request: 0.000039 seconds.
  path: Assets/Scripts/LevelManager.cs
  artifactKey: Guid(1f9c91710e106d84186998d23ae1cf5f) Importer(815301076,1909f56bfc062723c751e8b465ee728b)
Start importing Assets/Scripts/LevelManager.cs using Guid(1f9c91710e106d84186998d23ae1cf5f) Importer(815301076,1909f56bfc062723c751e8b465ee728b) (PreviewImporter) -> (artifact id: '00000000000000000000000000000000') in 0.0007345 seconds
Import Error Code:(4)
Message: Build asset version error: assets/scripts/levelmanager.cs in SourceAssetDB has modification time of '2026-09-17T12:37:51.7670397Z' while content on disk has modification time of '2026-09-17T12:37:58.661Z'
  ERROR: Build asset version error: assets/scripts/levelmanager.cs in SourceAssetDB has modification time of '2026-09-17T12:37:51.7670397Z' while content on disk has modification time of '2026-09-17T12:37:58.661Z'
Number of updated asset objects reloaded before import = 0Number of asset objects unloaded after import = 0

========================================================================
Received Import Request.
  Time since last request: 0.000038 seconds.
  path: Assets/Scripts/LevelManager.cs
  artifactKey: Guid(1f9c91710e106d84186998d23ae1cf5f) Importer(815301076,1909f56bfc062723c751e8b465ee728b)
Start importing Assets/Scripts/LevelManager.cs using Guid(1f9c91710e106d84186998d23ae1cf5f) Importer(815301076,1909f56bfc062723c751e8b465ee728b) (PreviewImporter) -> (artifact id: '00000000000000000000000000000000') in 0.0008167 seconds
Import Error Code:(4)
Message: Build asset version error: assets/scripts/levelmanager.cs in SourceAssetDB has modification time of '2026-09-17T12:37:51.7670397Z' while content on disk has modification time of '2026-09-17T12:37:58.661Z'
  ERROR: Build asset version error: assets/scripts/levelmanager.cs in SourceAssetDB has modification time of '2026-09-17T12:37:51.7670397Z' while content on disk has modification time of '2026-09-17T12:37:58.661Z'
Number of updated asset objects reloaded before import = 0Number of asset objects unloaded after import = 0

========================================================================
Received Import Request.
  Time since last request: 0.000022 seconds.
  path: Assets/Scripts/LevelManager.cs
  artifactKey: Guid(1f9c91710e106d84186998d23ae1cf5f) Importer(815301076,1909f56bfc062723c751e8b465ee728b)
Start importing Assets/Scripts/LevelManager.cs using Guid(1f9c91710e106d84186998d23ae1cf5f) Importer(815301076,1909f56bfc062723c751e8b465ee728b) (PreviewImporter) -> (artifact id: '00000000000000000000000000000000') in 0.001123 seconds
Import Error Code:(4)
Message: Build asset version error: assets/scripts/levelmanager.cs in SourceAssetDB has modification time of '2026-09-17T12:37:51.7670397Z' while content on disk has modification time of '2026-09-17T12:37:58.661Z'
  ERROR: Build asset version error: assets/scripts/levelmanager.cs in SourceAssetDB has modification time of '2026-09-17T12:37:51.7670397Z' while content on disk has modification time of '2026-09-17T12:37:58.661Z'
Number of updated asset objects reloaded before import = 0Number of asset objects unloaded after import = 0

========================================================================
Received Import Request.
  Time since last request: 0.000025 seconds.
  path: Assets/Scripts/LevelManager.cs
  artifactKey: Guid(1f9c91710e106d84186998d23ae1cf5f) Importer(815301076,1909f56bfc062723c751e8b465ee728b)
Start importing Assets/Scripts/LevelManager.cs using Guid(1f9c91710e106d84186998d23ae1cf5f) Importer(815301076,1909f56bfc062723c751e8b465ee728b) (PreviewImporter) -> (artifact id: '00000000000000000000000000000000') in 0.0006667 seconds
Import Error Code:(4)
Message: Build asset version error: assets/scripts/levelmanager.cs in SourceAssetDB has modification time of '2026-09-17T12:37:51.7670397Z' while content on disk has modification time of '2026-09-17T12:37:58.661Z'
  ERROR: Build asset version error: assets/scripts/levelmanager.cs in SourceAssetDB has modification time of '2026-09-17T12:37:51.7670397Z' while content on disk has modification time of '2026-09-17T12:37:58.661Z'
Number of updated asset objects reloaded before import = 0Number of asset objects unloaded after import = 0

========================================================================
Received Import Request.
  Time since last request: 0.000022 seconds.
  path: Assets/Scripts/LevelManager.cs
  artifactKey: Guid(1f9c91710e106d84186998d23ae1cf5f) Importer(815301076,1909f56bfc062723c751e8b465ee728b)
Start importing Assets/Scripts/LevelManager.cs using Guid(1f9c91710e106d84186998d23ae1cf5f) Importer(815301076,1909f56bfc062723c751e8b465ee728b) (PreviewImporter) -> (artifact id: '00000000000000000000000000000000') in 0.000539 seconds
Import Error Code:(4)
Message: Build asset version error: assets/scripts/levelmanager.cs in SourceAssetDB has modification time of '2026-09-17T12:37:51.7670397Z' while content on disk has modification time of '2026-09-17T12:37:58.661Z'
  ERROR: Build asset version error: assets/scripts/levelmanager.cs in SourceAssetDB has modification time of '2026-09-17T12:37:51.7670397Z' while content on disk has modification time of '2026-09-17T12:37:58.661Z'
Number of updated asset objects reloaded before import = 0Number of asset objects unloaded after import = 0

========================================================================
Received Import Request.
  Time since last request: 0.000035 seconds.
  path: Assets/Scripts/LevelManager.cs
  artifactKey: Guid(1f9c91710e106d84186998d23ae1cf5f) Importer(815301076,1909f56bfc062723c751e8b465ee728b)
Start importing Assets/Scripts/LevelManager.cs using Guid(1f9c91710e106d84186998d23ae1cf5f) Importer(815301076,1909f56bfc062723c751e8b465ee728b) (PreviewImporter) -> (artifact id: '00000000000000000000000000000000') in 0.0006541 seconds
Import Error Code:(4)
Message: Build asset version error: assets/scripts/levelmanager.cs in SourceAssetDB has modification time of '2026-09-17T12:37:51.7670397Z' while content on disk has modification time of '2026-09-17T12:37:58.661Z'
  ERROR: Build asset version error: assets/scripts/levelmanager.cs in SourceAssetDB has modification time of '2026-09-17T12:37:51.7670397Z' while content on disk has modification time of '2026-09-17T12:37:58.661Z'
Number of updated asset objects reloaded before import = 0Number of asset objects unloaded after import = 0

========================================================================
Received Import Request.
  Time since last request: 0.000029 seconds.
  path: Assets/Scripts/LevelManager.cs
  artifactKey: Guid(1f9c91710e106d84186998d23ae1cf5f) Importer(815301076,1909f56bfc062723c751e8b465ee728b)
Start importing Assets/Scripts/LevelManager.cs using Guid(1f9c91710e106d84186998d23ae1cf5f) Importer(815301076,1909f56bfc062723c751e8b465ee728b) (PreviewImporter) -> (artifact id: '00000000000000000000000000000000') in 0.0009939 seconds
Import Error Code:(4)
Message: Build asset version error: assets/scripts/levelmanager.cs in SourceAssetDB has modification time of '2026-09-17T12:37:51.7670397Z' while content on disk has modification time of '2026-09-17T12:37:58.661Z'
  ERROR: Build asset version error: assets/scripts/levelmanager.cs in SourceAssetDB has modification time of '2026-09-17T12:37:51.7670397Z' while content on disk has modification time of '2026-09-17T12:37:58.661Z'
Number of updated asset objects reloaded before import = 0Number of asset objects unloaded after import = 0

========================================================================
Received Import Request.
  Time since last request: 0.000021 seconds.
  path: Assets/Scripts/LevelManager.cs
  artifactKey: Guid(1f9c91710e106d84186998d23ae1cf5f) Importer(815301076,1909f56bfc062723c751e8b465ee728b)
Start importing Assets/Scripts/LevelManager.cs using Guid(1f9c91710e106d84186998d23ae1cf5f) Importer(815301076,1909f56bfc062723c751e8b465ee728b) (PreviewImporter) -> (artifact id: '00000000000000000000000000000000') in 0.0007247 seconds
Import Error Code:(4)
Message: Build asset version error: assets/scripts/levelmanager.cs in SourceAssetDB has modification time of '2026-09-17T12:37:51.7670397Z' while content on disk has modification time of '2026-09-17T12:37:58.661Z'
  ERROR: Build asset version error: assets/scripts/levelmanager.cs in SourceAssetDB has modification time of '2026-09-17T12:37:51.7670397Z' while content on disk has modification time of '2026-09-17T12:37:58.661Z'
Number of updated asset objects reloaded before import = 0Number of asset objects unloaded after import = 0

========================================================================
Received Import Request.
  Time since last request: 0.000021 seconds.
  path: Assets/Scripts/LevelManager.cs
  artifactKey: Guid(1f9c91710e106d84186998d23ae1cf5f) Importer(815301076,1909f56bfc062723c751e8b465ee728b)
Start importing Assets/Scripts/LevelManager.cs using Guid(1f9c91710e106d84186998d23ae1cf5f) Importer(815301076,1909f56bfc062723c751e8b465ee728b) (PreviewImporter) -> (artifact id: '00000000000000000000000000000000') in 0.0006475 seconds
Import Error Code:(4)
Message: Build asset version error: assets/scripts/levelmanager.cs in SourceAssetDB has modification time of '2026-09-17T12:37:51.7670397Z' while content on disk has modification time of '2026-09-17T12:37:58.661Z'
  ERROR: Build asset version error: assets/scripts/levelmanager.cs in SourceAssetDB has modification time of '2026-09-17T12:37:51.7670397Z' while content on disk has modification time of '2026-09-17T12:37:58.661Z'
Number of updated asset objects reloaded before import = 0Number of asset objects unloaded after import = 0

========================================================================
Received Import Request.
  Time since last request: 0.000023 seconds.
  path: Assets/Scripts/LevelManager.cs
  artifactKey: Guid(1f9c91710e106d84186998d23ae1cf5f) Importer(815301076,1909f56bfc062723c751e8b465ee728b)
Start importing Assets/Scripts/LevelManager.cs using Guid(1f9c91710e106d84186998d23ae1cf5f) Importer(815301076,1909f56bfc062723c751e8b465ee728b) (PreviewImporter) -> (artifact id: '00000000000000000000000000000000') in 0.0008775 seconds
Import Error Code:(4)
Message: Build asset version error: assets/scripts/levelmanager.cs in SourceAssetDB has modification time of '2026-09-17T12:37:51.7670397Z' while content on disk has modification time of '2026-09-17T12:37:58.661Z'
  ERROR: Build asset version error: assets/scripts/levelmanager.cs in SourceAssetDB has modification time of '2026-09-17T12:37:51.7670397Z' while content on disk has modification time of '2026-09-17T12:37:58.661Z'
Number of updated asset objects reloaded before import = 0Number of asset objects unloaded after import = 0

========================================================================
Received Import Request.
  Time since last request: 0.000038 seconds.
  path: Assets/Scripts/LevelManager.cs
  artifactKey: Guid(1f9c91710e106d84186998d23ae1cf5f) Importer(815301076,1909f56bfc062723c751e8b465ee728b)
Start importing Assets/Scripts/LevelManager.cs using Guid(1f9c91710e106d84186998d23ae1cf5f) Importer(815301076,1909f56bfc062723c751e8b465ee728b) (PreviewImporter) -> (artifact id: '00000000000000000000000000000000') in 0.0008446 seconds
Import Error Code:(4)
Message: Build asset version error: assets/scripts/levelmanager.cs in SourceAssetDB has modification time of '2026-09-17T12:37:51.7670397Z' while content on disk has modification time of '2026-09-17T12:37:58.661Z'
  ERROR: Build asset version error: assets/scripts/levelmanager.cs in SourceAssetDB has modification time of '2026-09-17T12:37:51.7670397Z' while content on disk has modification time of '2026-09-17T12:37:58.661Z'
Number of updated asset objects reloaded before import = 0Number of asset objects unloaded after import = 0

========================================================================
Received Import Request.
  Time since last request: 0.000022 seconds.
  path: Assets/Scripts/LevelManager.cs
  artifactKey: Guid(1f9c91710e106d84186998d23ae1cf5f) Importer(815301076,1909f56bfc062723c751e8b465ee728b)
Start importing Assets/Scripts/LevelManager.cs using Guid(1f9c91710e106d84186998d23ae1cf5f) Importer(815301076,1909f56bfc062723c751e8b465ee728b) (PreviewImporter) -> (artifact id: '00000000000000000000000000000000') in 0.0008402 seconds
Import Error Code:(4)
Message: Build asset version error: assets/scripts/levelmanager.cs in SourceAssetDB has modification time of '2026-09-17T12:37:51.7670397Z' while content on disk has modification time of '2026-09-17T12:37:58.661Z'
  ERROR: Build asset version error: assets/scripts/levelmanager.cs in SourceAssetDB has modification time of '2026-09-17T12:37:51.7670397Z' while content on disk has modification time of '2026-09-17T12:37:58.661Z'
Number of updated asset objects reloaded before import = 0Number of asset objects unloaded after import = 0

========================================================================
Received Import Request.
  Time since last request: 0.000029 seconds.
  path: Assets/Scripts/LevelManager.cs
  artifactKey: Guid(1f9c91710e106d84186998d23ae1cf5f) Importer(815301076,1909f56bfc062723c751e8b465ee728b)
Start importing Assets/Scripts/LevelManager.cs using Guid(1f9c91710e106d84186998d23ae1cf5f) Importer(815301076,1909f56bfc062723c751e8b465ee728b) (PreviewImporter) -> (artifact id: '00000000000000000000000000000000') in 0.0007673 seconds
Import Error Code:(4)
Message: Build asset version error: assets/scripts/levelmanager.cs in SourceAssetDB has modification time of '2026-09-17T12:37:51.7670397Z' while content on disk has modification time of '2026-09-17T12:37:58.661Z'
  ERROR: Build asset version error: assets/scripts/levelmanager.cs in SourceAssetDB has modification time of '2026-09-17T12:37:51.7670397Z' while content on disk has modification time of '2026-09-17T12:37:58.661Z'
Number of updated asset objects reloaded before import = 0Number of asset objects unloaded after import = 0

========================================================================
Received Import Request.
  Time since last request: 0.000022 seconds.
  path: Assets/Scripts/LevelManager.cs
  artifactKey: Guid(1f9c91710e106d84186998d23ae1cf5f) Importer(815301076,1909f56bfc062723c751e8b465ee728b)
Start importing Assets/Scripts/LevelManager.cs using Guid(1f9c91710e106d84186998d23ae1cf5f) Importer(815301076,1909f56bfc062723c751e8b465ee728b) (PreviewImporter) -> (artifact id: '00000000000000000000000000000000') in 0.0009467 seconds
Import Error Code:(4)
Message: Build asset version error: assets/scripts/levelmanager.cs in SourceAssetDB has modification time of '2026-09-17T12:37:51.7670397Z' while content on disk has modification time of '2026-09-17T12:37:58.661Z'
  ERROR: Build asset version error: assets/scripts/levelmanager.cs in SourceAssetDB has modification time of '2026-09-17T12:37:51.7670397Z' while content on disk has modification time of '2026-09-17T12:37:58.661Z'
Number of updated asset objects reloaded before import = 0Number of asset objects unloaded after import = 0

========================================================================
Received Import Request.
  Time since last request: 0.000024 seconds.
  path: Assets/Scripts/LevelManager.cs
  artifactKey: Guid(1f9c91710e106d84186998d23ae1cf5f) Importer(815301076,1909f56bfc062723c751e8b465ee728b)
Start importing Assets/Scripts/LevelManager.cs using Guid(1f9c91710e106d84186998d23ae1cf5f) Importer(815301076,1909f56bfc062723c751e8b465ee728b) (PreviewImporter) -> (artifact id: '00000000000000000000000000000000') in 0.0008091 seconds
Import Error Code:(4)
Message: Build asset version error: assets/scripts/levelmanager.cs in SourceAssetDB has modification time of '2026-09-17T12:37:51.7670397Z' while content on disk has modification time of '2026-09-17T12:37:58.661Z'
  ERROR: Build asset version error: assets/scripts/levelmanager.cs in SourceAssetDB has modification time of '2026-09-17T12:37:51.7670397Z' while content on disk has modification time of '2026-09-17T12:37:58.661Z'
Number of updated asset objects reloaded before import = 0Number of asset objects unloaded after import = 0

========================================================================
Received Import Request.
  Time since last request: 0.000030 seconds.
  path: Assets/Scripts/LevelManager.cs
  artifactKey: Guid(1f9c91710e106d84186998d23ae1cf5f) Importer(815301076,1909f56bfc062723c751e8b465ee728b)
Start importing Assets/Scripts/LevelManager.cs using Guid(1f9c91710e106d84186998d23ae1cf5f) Importer(815301076,1909f56bfc062723c751e8b465ee728b) (PreviewImporter) -> (artifact id: '00000000000000000000000000000000') in 0.0006753 seconds
Import Error Code:(4)
Message: Build asset version error: assets/scripts/levelmanager.cs in SourceAssetDB has modification time of '2026-09-17T12:37:51.7670397Z' while content on disk has modification time of '2026-09-17T12:37:58.661Z'
  ERROR: Build asset version error: assets/scripts/levelmanager.cs in SourceAssetDB has modification time of '2026-09-17T12:37:51.7670397Z' while content on disk has modification time of '2026-09-17T12:37:58.661Z'
Number of updated asset objects reloaded before import = 0Number of asset objects unloaded after import = 0

========================================================================
Received Import Request.
  Time since last request: 0.000057 seconds.
  path: Assets/Scripts/LevelManager.cs
  artifactKey: Guid(1f9c91710e106d84186998d23ae1cf5f) Importer(815301076,1909f56bfc062723c751e8b465ee728b)
Start importing Assets/Scripts/LevelManager.cs using Guid(1f9c91710e106d84186998d23ae1cf5f) Importer(815301076,1909f56bfc062723c751e8b465ee728b) (PreviewImporter) -> (artifact id: '00000000000000000000000000000000') in 0.0010872 seconds
Import Error Code:(4)
Message: Build asset version error: assets/scripts/levelmanager.cs in SourceAssetDB has modification time of '2026-09-17T12:37:51.7670397Z' while content on disk has modification time of '2026-09-17T12:37:58.661Z'
  ERROR: Build asset version error: assets/scripts/levelmanager.cs in SourceAssetDB has modification time of '2026-09-17T12:37:51.7670397Z' while content on disk has modification time of '2026-09-17T12:37:58.661Z'
Number of updated asset objects reloaded before import = 0Number of asset objects unloaded after import = 0

========================================================================
Received Import Request.
  Time since last request: 0.000021 seconds.
  path: Assets/Scripts/LevelManager.cs
  artifactKey: Guid(1f9c91710e106d84186998d23ae1cf5f) Importer(815301076,1909f56bfc062723c751e8b465ee728b)
Start importing Assets/Scripts/LevelManager.cs using Guid(1f9c91710e106d84186998d23ae1cf5f) Importer(815301076,1909f56bfc062723c751e8b465ee728b) (PreviewImporter) -> (artifact id: '00000000000000000000000000000000') in 0.0009847 seconds
Import Error Code:(4)
Message: Build asset version error: assets/scripts/levelmanager.cs in SourceAssetDB has modification time of '2026-09-17T12:37:51.7670397Z' while content on disk has modification time of '2026-09-17T12:37:58.661Z'
  ERROR: Build asset version error: assets/scripts/levelmanager.cs in SourceAssetDB has modification time of '2026-09-17T12:37:51.7670397Z' while content on disk has modification time of '2026-09-17T12:37:58.661Z'
Number of updated asset objects reloaded before import = 0Number of asset objects unloaded after import = 0

========================================================================
Received Import Request.
  Time since last request: 0.000021 seconds.
  path: Assets/Scripts/LevelManager.cs
  artifactKey: Guid(1f9c91710e106d84186998d23ae1cf5f) Importer(815301076,1909f56bfc062723c751e8b465ee728b)
Start importing Assets/Scripts/LevelManager.cs using Guid(1f9c91710e106d84186998d23ae1cf5f) Importer(815301076,1909f56bfc062723c751e8b465ee728b) (PreviewImporter) -> (artifact id: '00000000000000000000000000000000') in 0.0010774 seconds
Import Error Code:(4)
Message: Build asset version error: assets/scripts/levelmanager.cs in SourceAssetDB has modification time of '2026-09-17T12:37:51.7670397Z' while content on disk has modification time of '2026-09-17T12:37:58.661Z'
  ERROR: Build asset version error: assets/scripts/levelmanager.cs in SourceAssetDB has modification time of '2026-09-17T12:37:51.7670397Z' while content on disk has modification time of '2026-09-17T12:37:58.661Z'
Number of updated asset objects reloaded before import = 0Number of asset objects unloaded after import = 0

========================================================================
Received Import Request.
  Time since last request: 0.000028 seconds.
  path: Assets/Scripts/LevelManager.cs
  artifactKey: Guid(1f9c91710e106d84186998d23ae1cf5f) Importer(815301076,1909f56bfc062723c751e8b465ee728b)
Start importing Assets/Scripts/LevelManager.cs using Guid(1f9c91710e106d84186998d23ae1cf5f) Importer(815301076,1909f56bfc062723c751e8b465ee728b) (PreviewImporter) -> (artifact id: '00000000000000000000000000000000') in 0.00081 seconds
Import Error Code:(4)
Message: Build asset version error: assets/scripts/levelmanager.cs in SourceAssetDB has modification time of '2026-09-17T12:37:51.7670397Z' while content on disk has modification time of '2026-09-17T12:37:58.661Z'
  ERROR: Build asset version error: assets/scripts/levelmanager.cs in SourceAssetDB has modification time of '2026-09-17T12:37:51.7670397Z' while content on disk has modification time of '2026-09-17T12:37:58.661Z'
Number of updated asset objects reloaded before import = 0Number of asset objects unloaded after import = 0

========================================================================
Received Import Request.
  Time since last request: 0.000032 seconds.
  path: Assets/Scripts/LevelManager.cs
  artifactKey: Guid(1f9c91710e106d84186998d23ae1cf5f) Importer(815301076,1909f56bfc062723c751e8b465ee728b)
Start importing Assets/Scripts/LevelManager.cs using Guid(1f9c91710e106d84186998d23ae1cf5f) Importer(815301076,1909f56bfc062723c751e8b465ee728b) (PreviewImporter) -> (artifact id: '00000000000000000000000000000000') in 0.0006444 seconds
Import Error Code:(4)
Message: Build asset version error: assets/scripts/levelmanager.cs in SourceAssetDB has modification time of '2026-09-17T12:37:51.7670397Z' while content on disk has modification time of '2026-09-17T12:37:58.661Z'
  ERROR: Build asset version error: assets/scripts/levelmanager.cs in SourceAssetDB has modification time of '2026-09-17T12:37:51.7670397Z' while content on disk has modification time of '2026-09-17T12:37:58.661Z'
Number of updated asset objects reloaded before import = 0Number of asset objects unloaded after import = 0

========================================================================
Received Import Request.
  Time since last request: 0.000029 seconds.
  path: Assets/Scripts/LevelManager.cs
  artifactKey: Guid(1f9c91710e106d84186998d23ae1cf5f) Importer(815301076,1909f56bfc062723c751e8b465ee728b)
Start importing Assets/Scripts/LevelManager.cs using Guid(1f9c91710e106d84186998d23ae1cf5f) Importer(815301076,1909f56bfc062723c751e8b465ee728b) (PreviewImporter) -> (artifact id: '00000000000000000000000000000000') in 0.0008789 seconds
Import Error Code:(4)
Message: Build asset version error: assets/scripts/levelmanager.cs in SourceAssetDB has modification time of '2026-09-17T12:37:51.7670397Z' while content on disk has modification time of '2026-09-17T12:37:58.661Z'
  ERROR: Build asset version error: assets/scripts/levelmanager.cs in SourceAssetDB has modification time of '2026-09-17T12:37:51.7670397Z' while content on disk has modification time of '2026-09-17T12:37:58.661Z'
Number of updated asset objects reloaded before import = 0Number of asset objects unloaded after import = 0

========================================================================
Received Import Request.
  Time since last request: 0.000035 seconds.
  path: Assets/Scripts/LevelManager.cs
  artifactKey: Guid(1f9c91710e106d84186998d23ae1cf5f) Importer(815301076,1909f56bfc062723c751e8b465ee728b)
Start importing Assets/Scripts/LevelManager.cs using Guid(1f9c91710e106d84186998d23ae1cf5f) Importer(815301076,1909f56bfc062723c751e8b465ee728b) (PreviewImporter) -> (artifact id: '00000000000000000000000000000000') in 0.0006747 seconds
Import Error Code:(4)
Message: Build asset version error: assets/scripts/levelmanager.cs in SourceAssetDB has modification time of '2026-09-17T12:37:51.7670397Z' while content on disk has modification time of '2026-09-17T12:37:58.661Z'
  ERROR: Build asset version error: assets/scripts/levelmanager.cs in SourceAssetDB has modification time of '2026-09-17T12:37:51.7670397Z' while content on disk has modification time of '2026-09-17T12:37:58.661Z'
Number of updated asset objects reloaded before import = 0Number of asset objects unloaded after import = 0

========================================================================
Received Import Request.
  Time since last request: 0.000021 seconds.
  path: Assets/Scripts/LevelManager.cs
  artifactKey: Guid(1f9c91710e106d84186998d23ae1cf5f) Importer(815301076,1909f56bfc062723c751e8b465ee728b)
Start importing Assets/Scripts/LevelManager.cs using Guid(1f9c91710e106d84186998d23ae1cf5f) Importer(815301076,1909f56bfc062723c751e8b465ee728b) (PreviewImporter) -> (artifact id: '00000000000000000000000000000000') in 0.0010986 seconds
Import Error Code:(4)
Message: Build asset version error: assets/scripts/levelmanager.cs in SourceAssetDB has modification time of '2026-09-17T12:37:51.7670397Z' while content on disk has modification time of '2026-09-17T12:37:58.661Z'
  ERROR: Build asset version error: assets/scripts/levelmanager.cs in SourceAssetDB has modification time of '2026-09-17T12:37:51.7670397Z' while content on disk has modification time of '2026-09-17T12:37:58.661Z'
Number of updated asset objects reloaded before import = 0Number of asset objects unloaded after import = 0

========================================================================
Received Import Request.
  Time since last request: 0.000051 seconds.
  path: Assets/Scripts/LevelManager.cs
  artifactKey: Guid(1f9c91710e106d84186998d23ae1cf5f) Importer(815301076,1909f56bfc062723c751e8b465ee728b)
Start importing Assets/Scripts/LevelManager.cs using Guid(1f9c91710e106d84186998d23ae1cf5f) Importer(815301076,1909f56bfc062723c751e8b465ee728b) (PreviewImporter) -> (artifact id: '00000000000000000000000000000000') in 0.0010038 seconds
Import Error Code:(4)
Message: Build asset version error: assets/scripts/levelmanager.cs in SourceAssetDB has modification time of '2026-09-17T12:37:51.7670397Z' while content on disk has modification time of '2026-09-17T12:37:58.661Z'
  ERROR: Build asset version error: assets/scripts/levelmanager.cs in SourceAssetDB has modification time of '2026-09-17T12:37:51.7670397Z' while content on disk has modification time of '2026-09-17T12:37:58.661Z'
Number of updated asset objects reloaded before import = 0Number of asset objects unloaded after import = 0

========================================================================
Received Import Request.
  Time since last request: 0.000049 seconds.
  path: Assets/Scripts/LevelManager.cs
  artifactKey: Guid(1f9c91710e106d84186998d23ae1cf5f) Importer(815301076,1909f56bfc062723c751e8b465ee728b)
Start importing Assets/Scripts/LevelManager.cs using Guid(1f9c91710e106d84186998d23ae1cf5f) Importer(815301076,1909f56bfc062723c751e8b465ee728b) (PreviewImporter) -> (artifact id: '00000000000000000000000000000000') in 0.0008453 seconds
Import Error Code:(4)
Message: Build asset version error: assets/scripts/levelmanager.cs in SourceAssetDB has modification time of '2026-09-17T12:37:51.7670397Z' while content on disk has modification time of '2026-09-17T12:37:58.661Z'
  ERROR: Build asset version error: assets/scripts/levelmanager.cs in SourceAssetDB has modification time of '2026-09-17T12:37:51.7670397Z' while content on disk has modification time of '2026-09-17T12:37:58.661Z'
Number of updated asset objects reloaded before import = 0Number of asset objects unloaded after import = 0

========================================================================
Received Import Request.
  Time since last request: 0.000020 seconds.
  path: Assets/Scripts/LevelManager.cs
  artifactKey: Guid(1f9c91710e106d84186998d23ae1cf5f) Importer(815301076,1909f56bfc062723c751e8b465ee728b)
Start importing Assets/Scripts/LevelManager.cs using Guid(1f9c91710e106d84186998d23ae1cf5f) Importer(815301076,1909f56bfc062723c751e8b465ee728b) (PreviewImporter) -> (artifact id: '00000000000000000000000000000000') in 0.0006248 seconds
Import Error Code:(4)
Message: Build asset version error: assets/scripts/levelmanager.cs in SourceAssetDB has modification time of '2026-09-17T12:37:51.7670397Z' while content on disk has modification time of '2026-09-17T12:37:58.661Z'
  ERROR: Build asset version error: assets/scripts/levelmanager.cs in SourceAssetDB has modification time of '2026-09-17T12:37:51.7670397Z' while content on disk has modification time of '2026-09-17T12:37:58.661Z'
Number of updated asset objects reloaded before import = 0Number of asset objects unloaded after import = 0

========================================================================
Received Import Request.
  Time since last request: 0.000033 seconds.
  path: Assets/Scripts/LevelManager.cs
  artifactKey: Guid(1f9c91710e106d84186998d23ae1cf5f) Importer(815301076,1909f56bfc062723c751e8b465ee728b)
Start importing Assets/Scripts/LevelManager.cs using Guid(1f9c91710e106d84186998d23ae1cf5f) Importer(815301076,1909f56bfc062723c751e8b465ee728b) (PreviewImporter) -> (artifact id: '00000000000000000000000000000000') in 0.000675 seconds
Import Error Code:(4)
Message: Build asset version error: assets/scripts/levelmanager.cs in SourceAssetDB has modification time of '2026-09-17T12:37:51.7670397Z' while content on disk has modification time of '2026-09-17T12:37:58.661Z'
  ERROR: Build asset version error: assets/scripts/levelmanager.cs in SourceAssetDB has modification time of '2026-09-17T12:37:51.7670397Z' while content on disk has modification time of '2026-09-17T12:37:58.661Z'
Number of updated asset objects reloaded before import = 0Number of asset objects unloaded after import = 0

========================================================================
Received Import Request.
  Time since last request: 0.000038 seconds.
  path: Assets/Scripts/LevelManager.cs
  artifactKey: Guid(1f9c91710e106d84186998d23ae1cf5f) Importer(815301076,1909f56bfc062723c751e8b465ee728b)
Start importing Assets/Scripts/LevelManager.cs using Guid(1f9c91710e106d84186998d23ae1cf5f) Importer(815301076,1909f56bfc062723c751e8b465ee728b) (PreviewImporter) -> (artifact id: '00000000000000000000000000000000') in 0.0008487 seconds
Import Error Code:(4)
Message: Build asset version error: assets/scripts/levelmanager.cs in SourceAssetDB has modification time of '2026-09-17T12:37:51.7670397Z' while content on disk has modification time of '2026-09-17T12:37:58.661Z'
  ERROR: Build asset version error: assets/scripts/levelmanager.cs in SourceAssetDB has modification time of '2026-09-17T12:37:51.7670397Z' while content on disk has modification time of '2026-09-17T12:37:58.661Z'
Number of updated asset objects reloaded before import = 0Number of asset objects unloaded after import = 0

========================================================================
Received Import Request.
  Time since last request: 0.000025 seconds.
  path: Assets/Scripts/LevelManager.cs
  artifactKey: Guid(1f9c91710e106d84186998d23ae1cf5f) Importer(815301076,1909f56bfc062723c751e8b465ee728b)
Start importing Assets/Scripts/LevelManager.cs using Guid(1f9c91710e106d84186998d23ae1cf5f) Importer(815301076,1909f56bfc062723c751e8b465ee728b) (PreviewImporter) -> (artifact id: '00000000000000000000000000000000') in 0.0009137 seconds
Import Error Code:(4)
Message: Build asset version error: assets/scripts/levelmanager.cs in SourceAssetDB has modification time of '2026-09-17T12:37:51.7670397Z' while content on disk has modification time of '2026-09-17T12:37:58.661Z'
  ERROR: Build asset version error: assets/scripts/levelmanager.cs in SourceAssetDB has modification time of '2026-09-17T12:37:51.7670397Z' while content on disk has modification time of '2026-09-17T12:37:58.661Z'
Number of updated asset objects reloaded before import = 0Number of asset objects unloaded after import = 0

========================================================================
Received Import Request.
  Time since last request: 0.000032 seconds.
  path: Assets/Scripts/LevelManager.cs
  artifactKey: Guid(1f9c91710e106d84186998d23ae1cf5f) Importer(815301076,1909f56bfc062723c751e8b465ee728b)
Start importing Assets/Scripts/LevelManager.cs using Guid(1f9c91710e106d84186998d23ae1cf5f) Importer(815301076,1909f56bfc062723c751e8b465ee728b) (PreviewImporter) -> (artifact id: '00000000000000000000000000000000') in 0.0006794 seconds
Import Error Code:(4)
Message: Build asset version error: assets/scripts/levelmanager.cs in SourceAssetDB has modification time of '2026-09-17T12:37:51.7670397Z' while content on disk has modification time of '2026-09-17T12:37:58.661Z'
  ERROR: Build asset version error: assets/scripts/levelmanager.cs in SourceAssetDB has modification time of '2026-09-17T12:37:51.7670397Z' while content on disk has modification time of '2026-09-17T12:37:58.661Z'
Number of updated asset objects reloaded before import = 0Number of asset objects unloaded after import = 0

========================================================================
Received Import Request.
  Time since last request: 0.000023 seconds.
  path: Assets/Scripts/LevelManager.cs
  artifactKey: Guid(1f9c91710e106d84186998d23ae1cf5f) Importer(815301076,1909f56bfc062723c751e8b465ee728b)
Start importing Assets/Scripts/LevelManager.cs using Guid(1f9c91710e106d84186998d23ae1cf5f) Importer(815301076,1909f56bfc062723c751e8b465ee728b) (PreviewImporter) -> (artifact id: '00000000000000000000000000000000') in 0.0011001 seconds
Import Error Code:(4)
Message: Build asset version error: assets/scripts/levelmanager.cs in SourceAssetDB has modification time of '2026-09-17T12:37:51.7670397Z' while content on disk has modification time of '2026-09-17T12:37:58.661Z'
  ERROR: Build asset version error: assets/scripts/levelmanager.cs in SourceAssetDB has modification time of '2026-09-17T12:37:51.7670397Z' while content on disk has modification time of '2026-09-17T12:37:58.661Z'
Number of updated asset objects reloaded before import = 0Number of asset objects unloaded after import = 0

========================================================================
Received Import Request.
  Time since last request: 0.000021 seconds.
  path: Assets/Scripts/LevelManager.cs
  artifactKey: Guid(1f9c91710e106d84186998d23ae1cf5f) Importer(815301076,1909f56bfc062723c751e8b465ee728b)
Start importing Assets/Scripts/LevelManager.cs using Guid(1f9c91710e106d84186998d23ae1cf5f) Importer(815301076,1909f56bfc062723c751e8b465ee728b) (PreviewImporter) -> (artifact id: '00000000000000000000000000000000') in 0.0007641 seconds
Import Error Code:(4)
Message: Build asset version error: assets/scripts/levelmanager.cs in SourceAssetDB has modification time of '2026-09-17T12:37:51.7670397Z' while content on disk has modification time of '2026-09-17T12:37:58.661Z'
  ERROR: Build asset version error: assets/scripts/levelmanager.cs in SourceAssetDB has modification time of '2026-09-17T12:37:51.7670397Z' while content on disk has modification time of '2026-09-17T12:37:58.661Z'
Number of updated asset objects reloaded before import = 0Number of asset objects unloaded after import = 0

========================================================================
Received Import Request.
  Time since last request: 0.000028 seconds.
  path: Assets/Scripts/LevelManager.cs
  artifactKey: Guid(1f9c91710e106d84186998d23ae1cf5f) Importer(815301076,1909f56bfc062723c751e8b465ee728b)
Start importing Assets/Scripts/LevelManager.cs using Guid(1f9c91710e106d84186998d23ae1cf5f) Importer(815301076,1909f56bfc062723c751e8b465ee728b) (PreviewImporter) -> (artifact id: '00000000000000000000000000000000') in 0.0009388 seconds
Import Error Code:(4)
Message: Build asset version error: assets/scripts/levelmanager.cs in SourceAssetDB has modification time of '2026-09-17T12:37:51.7670397Z' while content on disk has modification time of '2026-09-17T12:37:58.661Z'
  ERROR: Build asset version error: assets/scripts/levelmanager.cs in SourceAssetDB has modification time of '2026-09-17T12:37:51.7670397Z' while content on disk has modification time of '2026-09-17T12:37:58.661Z'
Number of updated asset objects reloaded before import = 0Number of asset objects unloaded after import = 0

========================================================================
Received Import Request.
  Time since last request: 0.000045 seconds.
  path: Assets/Scripts/LevelManager.cs
  artifactKey: Guid(1f9c91710e106d84186998d23ae1cf5f) Importer(815301076,1909f56bfc062723c751e8b465ee728b)
Start importing Assets/Scripts/LevelManager.cs using Guid(1f9c91710e106d84186998d23ae1cf5f) Importer(815301076,1909f56bfc062723c751e8b465ee728b) (PreviewImporter) -> (artifact id: '00000000000000000000000000000000') in 0.0009753 seconds
Import Error Code:(4)
Message: Build asset version error: assets/scripts/levelmanager.cs in SourceAssetDB has modification time of '2026-09-17T12:37:51.7670397Z' while content on disk has modification time of '2026-09-17T12:37:58.661Z'
  ERROR: Build asset version error: assets/scripts/levelmanager.cs in SourceAssetDB has modification time of '2026-09-17T12:37:51.7670397Z' while content on disk has modification time of '2026-09-17T12:37:58.661Z'
Number of updated asset objects reloaded before import = 0Number of asset objects unloaded after import = 0

========================================================================
Received Import Request.
  Time since last request: 0.000031 seconds.
  path: Assets/Scripts/LevelManager.cs
  artifactKey: Guid(1f9c91710e106d84186998d23ae1cf5f) Importer(815301076,1909f56bfc062723c751e8b465ee728b)
Start importing Assets/Scripts/LevelManager.cs using Guid(1f9c91710e106d84186998d23ae1cf5f) Importer(815301076,1909f56bfc062723c751e8b465ee728b) (PreviewImporter) -> (artifact id: '00000000000000000000000000000000') in 0.0010375 seconds
Import Error Code:(4)
Message: Build asset version error: assets/scripts/levelmanager.cs in SourceAssetDB has modification time of '2026-09-17T12:37:51.7670397Z' while content on disk has modification time of '2026-09-17T12:37:58.661Z'
  ERROR: Build asset version error: assets/scripts/levelmanager.cs in SourceAssetDB has modification time of '2026-09-17T12:37:51.7670397Z' while content on disk has modification time of '2026-09-17T12:37:58.661Z'
Number of updated asset objects reloaded before import = 0Number of asset objects unloaded after import = 0

========================================================================
Received Import Request.
  Time since last request: 0.000025 seconds.
  path: Assets/Scripts/LevelManager.cs
  artifactKey: Guid(1f9c91710e106d84186998d23ae1cf5f) Importer(815301076,1909f56bfc062723c751e8b465ee728b)
Start importing Assets/Scripts/LevelManager.cs using Guid(1f9c91710e106d84186998d23ae1cf5f) Importer(815301076,1909f56bfc062723c751e8b465ee728b) (PreviewImporter) -> (artifact id: '00000000000000000000000000000000') in 0.0006663 seconds
Import Error Code:(4)
Message: Build asset version error: assets/scripts/levelmanager.cs in SourceAssetDB has modification time of '2026-09-17T12:37:51.7670397Z' while content on disk has modification time of '2026-09-17T12:37:58.661Z'
  ERROR: Build asset version error: assets/scripts/levelmanager.cs in SourceAssetDB has modification time of '2026-09-17T12:37:51.7670397Z' while content on disk has modification time of '2026-09-17T12:37:58.661Z'
Number of updated asset objects reloaded before import = 0Number of asset objects unloaded after import = 0

========================================================================
Received Import Request.
  Time since last request: 0.000023 seconds.
  path: Assets/Scripts/LevelManager.cs
  artifactKey: Guid(1f9c91710e106d84186998d23ae1cf5f) Importer(815301076,1909f56bfc062723c751e8b465ee728b)
Start importing Assets/Scripts/LevelManager.cs using Guid(1f9c91710e106d84186998d23ae1cf5f) Importer(815301076,1909f56bfc062723c751e8b465ee728b) (PreviewImporter) -> (artifact id: '00000000000000000000000000000000') in 0.0006944 seconds
Import Error Code:(4)
Message: Build asset version error: assets/scripts/levelmanager.cs in SourceAssetDB has modification time of '2026-09-17T12:37:51.7670397Z' while content on disk has modification time of '2026-09-17T12:37:58.661Z'
  ERROR: Build asset version error: assets/scripts/levelmanager.cs in SourceAssetDB has modification time of '2026-09-17T12:37:51.7670397Z' while content on disk has modification time of '2026-09-17T12:37:58.661Z'
Number of updated asset objects reloaded before import = 0Number of asset objects unloaded after import = 0

========================================================================
Received Import Request.
  Time since last request: 0.000021 seconds.
  path: Assets/Scripts/LevelManager.cs
  artifactKey: Guid(1f9c91710e106d84186998d23ae1cf5f) Importer(815301076,1909f56bfc062723c751e8b465ee728b)
Start importing Assets/Scripts/LevelManager.cs using Guid(1f9c91710e106d84186998d23ae1cf5f) Importer(815301076,1909f56bfc062723c751e8b465ee728b) (PreviewImporter) -> (artifact id: '00000000000000000000000000000000') in 0.0007883 seconds
Import Error Code:(4)
Message: Build asset version error: assets/scripts/levelmanager.cs in SourceAssetDB has modification time of '2026-09-17T12:37:51.7670397Z' while content on disk has modification time of '2026-09-17T12:37:58.661Z'
  ERROR: Build asset version error: assets/scripts/levelmanager.cs in SourceAssetDB has modification time of '2026-09-17T12:37:51.7670397Z' while content on disk has modification time of '2026-09-17T12:37:58.661Z'
Number of updated asset objects reloaded before import = 0Number of asset objects unloaded after import = 0

========================================================================
Received Import Request.
  Time since last request: 0.000043 seconds.
  path: Assets/Scripts/LevelManager.cs
  artifactKey: Guid(1f9c91710e106d84186998d23ae1cf5f) Importer(815301076,1909f56bfc062723c751e8b465ee728b)
Start importing Assets/Scripts/LevelManager.cs using Guid(1f9c91710e106d84186998d23ae1cf5f) Importer(815301076,1909f56bfc062723c751e8b465ee728b) (PreviewImporter) -> (artifact id: '00000000000000000000000000000000') in 0.0008334 seconds
Import Error Code:(4)
Message: Build asset version error: assets/scripts/levelmanager.cs in SourceAssetDB has modification time of '2026-09-17T12:37:51.7670397Z' while content on disk has modification time of '2026-09-17T12:37:58.661Z'
  ERROR: Build asset version error: assets/scripts/levelmanager.cs in SourceAssetDB has modification time of '2026-09-17T12:37:51.7670397Z' while content on disk has modification time of '2026-09-17T12:37:58.661Z'
Number of updated asset objects reloaded before import = 0Number of asset objects unloaded after import = 0

========================================================================
Received Import Request.
  Time since last request: 0.000034 seconds.
  path: Assets/Scripts/LevelManager.cs
  artifactKey: Guid(1f9c91710e106d84186998d23ae1cf5f) Importer(815301076,1909f56bfc062723c751e8b465ee728b)
Start importing Assets/Scripts/LevelManager.cs using Guid(1f9c91710e106d84186998d23ae1cf5f) Importer(815301076,1909f56bfc062723c751e8b465ee728b) (PreviewImporter) -> (artifact id: '00000000000000000000000000000000') in 0.0008676 seconds
Import Error Code:(4)
Message: Build asset version error: assets/scripts/levelmanager.cs in SourceAssetDB has modification time of '2026-09-17T12:37:51.7670397Z' while content on disk has modification time of '2026-09-17T12:37:58.661Z'
  ERROR: Build asset version error: assets/scripts/levelmanager.cs in SourceAssetDB has modification time of '2026-09-17T12:37:51.7670397Z' while content on disk has modification time of '2026-09-17T12:37:58.661Z'
Number of updated asset objects reloaded before import = 0Number of asset objects unloaded after import = 0

========================================================================
Received Import Request.
  Time since last request: 0.000023 seconds.
  path: Assets/Scripts/LevelManager.cs
  artifactKey: Guid(1f9c91710e106d84186998d23ae1cf5f) Importer(815301076,1909f56bfc062723c751e8b465ee728b)
Start importing Assets/Scripts/LevelManager.cs using Guid(1f9c91710e106d84186998d23ae1cf5f) Importer(815301076,1909f56bfc062723c751e8b465ee728b) (PreviewImporter) -> (artifact id: '00000000000000000000000000000000') in 0.0006373 seconds
Import Error Code:(4)
Message: Build asset version error: assets/scripts/levelmanager.cs in SourceAssetDB has modification time of '2026-09-17T12:37:51.7670397Z' while content on disk has modification time of '2026-09-17T12:37:58.661Z'
  ERROR: Build asset version error: assets/scripts/levelmanager.cs in SourceAssetDB has modification time of '2026-09-17T12:37:51.7670397Z' while content on disk has modification time of '2026-09-17T12:37:58.661Z'
Number of updated asset objects reloaded before import = 0Number of asset objects unloaded after import = 0

========================================================================
Received Import Request.
  Time since last request: 0.000021 seconds.
  path: Assets/Scripts/LevelManager.cs
  artifactKey: Guid(1f9c91710e106d84186998d23ae1cf5f) Importer(815301076,1909f56bfc062723c751e8b465ee728b)
Start importing Assets/Scripts/LevelManager.cs using Guid(1f9c91710e106d84186998d23ae1cf5f) Importer(815301076,1909f56bfc062723c751e8b465ee728b) (PreviewImporter) -> (artifact id: '00000000000000000000000000000000') in 0.0009212 seconds
Import Error Code:(4)
Message: Build asset version error: assets/scripts/levelmanager.cs in SourceAssetDB has modification time of '2026-09-17T12:37:51.7670397Z' while content on disk has modification time of '2026-09-17T12:37:58.661Z'
  ERROR: Build asset version error: assets/scripts/levelmanager.cs in SourceAssetDB has modification time of '2026-09-17T12:37:51.7670397Z' while content on disk has modification time of '2026-09-17T12:37:58.661Z'
Number of updated asset objects reloaded before import = 0Number of asset objects unloaded after import = 0

========================================================================
Received Import Request.
  Time since last request: 0.000029 seconds.
  path: Assets/Scripts/LevelManager.cs
  artifactKey: Guid(1f9c91710e106d84186998d23ae1cf5f) Importer(815301076,1909f56bfc062723c751e8b465ee728b)
Start importing Assets/Scripts/LevelManager.cs using Guid(1f9c91710e106d84186998d23ae1cf5f) Importer(815301076,1909f56bfc062723c751e8b465ee728b) (PreviewImporter) -> (artifact id: '00000000000000000000000000000000') in 0.000734 seconds
Import Error Code:(4)
Message: Build asset version error: assets/scripts/levelmanager.cs in SourceAssetDB has modification time of '2026-09-17T12:37:51.7670397Z' while content on disk has modification time of '2026-09-17T12:37:58.661Z'
  ERROR: Build asset version error: assets/scripts/levelmanager.cs in SourceAssetDB has modification time of '2026-09-17T12:37:51.7670397Z' while content on disk has modification time of '2026-09-17T12:37:58.661Z'
Number of updated asset objects reloaded before import = 0Number of asset objects unloaded after import = 0

========================================================================
Received Import Request.
  Time since last request: 0.000023 seconds.
  path: Assets/Scripts/LevelManager.cs
  artifactKey: Guid(1f9c91710e106d84186998d23ae1cf5f) Importer(815301076,1909f56bfc062723c751e8b465ee728b)
Start importing Assets/Scripts/LevelManager.cs using Guid(1f9c91710e106d84186998d23ae1cf5f) Importer(815301076,1909f56bfc062723c751e8b465ee728b) (PreviewImporter) -> (artifact id: '00000000000000000000000000000000') in 0.0010226 seconds
Import Error Code:(4)
Message: Build asset version error: assets/scripts/levelmanager.cs in SourceAssetDB has modification time of '2026-09-17T12:37:51.7670397Z' while content on disk has modification time of '2026-09-17T12:37:58.661Z'
  ERROR: Build asset version error: assets/scripts/levelmanager.cs in SourceAssetDB has modification time of '2026-09-17T12:37:51.7670397Z' while content on disk has modification time of '2026-09-17T12:37:58.661Z'
Number of updated asset objects reloaded before import = 0Number of asset objects unloaded after import = 0

========================================================================
Received Import Request.
  Time since last request: 0.000036 seconds.
  path: Assets/Scripts/LevelManager.cs
  artifactKey: Guid(1f9c91710e106d84186998d23ae1cf5f) Importer(815301076,1909f56bfc062723c751e8b465ee728b)
Start importing Assets/Scripts/LevelManager.cs using Guid(1f9c91710e106d84186998d23ae1cf5f) Importer(815301076,1909f56bfc062723c751e8b465ee728b) (PreviewImporter) -> (artifact id: '00000000000000000000000000000000') in 0.0013632 seconds
Import Error Code:(4)
Message: Build asset version error: assets/scripts/levelmanager.cs in SourceAssetDB has modification time of '2026-09-17T12:37:51.7670397Z' while content on disk has modification time of '2026-09-17T12:37:58.661Z'
  ERROR: Build asset version error: assets/scripts/levelmanager.cs in SourceAssetDB has modification time of '2026-09-17T12:37:51.7670397Z' while content on disk has modification time of '2026-09-17T12:37:58.661Z'
Number of updated asset objects reloaded before import = 0Number of asset objects unloaded after import = 0

========================================================================
Received Import Request.
  Time since last request: 0.000026 seconds.
  path: Assets/Scripts/LevelManager.cs
  artifactKey: Guid(1f9c91710e106d84186998d23ae1cf5f) Importer(815301076,1909f56bfc062723c751e8b465ee728b)
Start importing Assets/Scripts/LevelManager.cs using Guid(1f9c91710e106d84186998d23ae1cf5f) Importer(815301076,1909f56bfc062723c751e8b465ee728b) (PreviewImporter) -> (artifact id: '00000000000000000000000000000000') in 0.0007406 seconds
Import Error Code:(4)
Message: Build asset version error: assets/scripts/levelmanager.cs in SourceAssetDB has modification time of '2026-09-17T12:37:51.7670397Z' while content on disk has modification time of '2026-09-17T12:37:58.661Z'
  ERROR: Build asset version error: assets/scripts/levelmanager.cs in SourceAssetDB has modification time of '2026-09-17T12:37:51.7670397Z' while content on disk has modification time of '2026-09-17T12:37:58.661Z'
Number of updated asset objects reloaded before import = 0Number of asset objects unloaded after import = 0

========================================================================
Received Import Request.
  Time since last request: 0.000026 seconds.
  path: Assets/Scripts/LevelManager.cs
  artifactKey: Guid(1f9c91710e106d84186998d23ae1cf5f) Importer(815301076,1909f56bfc062723c751e8b465ee728b)
Start importing Assets/Scripts/LevelManager.cs using Guid(1f9c91710e106d84186998d23ae1cf5f) Importer(815301076,1909f56bfc062723c751e8b465ee728b) (PreviewImporter) -> (artifact id: '00000000000000000000000000000000') in 0.0007232 seconds
Import Error Code:(4)
Message: Build asset version error: assets/scripts/levelmanager.cs in SourceAssetDB has modification time of '2026-09-17T12:37:51.7670397Z' while content on disk has modification time of '2026-09-17T12:37:58.661Z'
  ERROR: Build asset version error: assets/scripts/levelmanager.cs in SourceAssetDB has modification time of '2026-09-17T12:37:51.7670397Z' while content on disk has modification time of '2026-09-17T12:37:58.661Z'
Number of updated asset objects reloaded before import = 0Number of asset objects unloaded after import = 0

========================================================================
Received Import Request.
  Time since last request: 0.000019 seconds.
  path: Assets/Scripts/LevelManager.cs
  artifactKey: Guid(1f9c91710e106d84186998d23ae1cf5f) Importer(815301076,1909f56bfc062723c751e8b465ee728b)
Start importing Assets/Scripts/LevelManager.cs using Guid(1f9c91710e106d84186998d23ae1cf5f) Importer(815301076,1909f56bfc062723c751e8b465ee728b) (PreviewImporter) -> (artifact id: '00000000000000000000000000000000') in 0.0009414 seconds
Import Error Code:(4)
Message: Build asset version error: assets/scripts/levelmanager.cs in SourceAssetDB has modification time of '2026-09-17T12:37:51.7670397Z' while content on disk has modification time of '2026-09-17T12:37:58.661Z'
  ERROR: Build asset version error: assets/scripts/levelmanager.cs in SourceAssetDB has modification time of '2026-09-17T12:37:51.7670397Z' while content on disk has modification time of '2026-09-17T12:37:58.661Z'
Number of updated asset objects reloaded before import = 0Number of asset objects unloaded after import = 0

========================================================================
Received Import Request.
  Time since last request: 0.000028 seconds.
  path: Assets/Scripts/LevelManager.cs
  artifactKey: Guid(1f9c91710e106d84186998d23ae1cf5f) Importer(815301076,1909f56bfc062723c751e8b465ee728b)
Start importing Assets/Scripts/LevelManager.cs using Guid(1f9c91710e106d84186998d23ae1cf5f) Importer(815301076,1909f56bfc062723c751e8b465ee728b) (PreviewImporter) -> (artifact id: '00000000000000000000000000000000') in 0.0006591 seconds
Import Error Code:(4)
Message: Build asset version error: assets/scripts/levelmanager.cs in SourceAssetDB has modification time of '2026-09-17T12:37:51.7670397Z' while content on disk has modification time of '2026-09-17T12:37:58.661Z'
  ERROR: Build asset version error: assets/scripts/levelmanager.cs in SourceAssetDB has modification time of '2026-09-17T12:37:51.7670397Z' while content on disk has modification time of '2026-09-17T12:37:58.661Z'
Number of updated asset objects reloaded before import = 0Number of asset objects unloaded after import = 0

========================================================================
Received Import Request.
  Time since last request: 0.000034 seconds.
  path: Assets/Scripts/LevelManager.cs
  artifactKey: Guid(1f9c91710e106d84186998d23ae1cf5f) Importer(815301076,1909f56bfc062723c751e8b465ee728b)
Start importing Assets/Scripts/LevelManager.cs using Guid(1f9c91710e106d84186998d23ae1cf5f) Importer(815301076,1909f56bfc062723c751e8b465ee728b) (PreviewImporter) -> (artifact id: '00000000000000000000000000000000') in 0.0008297 seconds
Import Error Code:(4)
Message: Build asset version error: assets/scripts/levelmanager.cs in SourceAssetDB has modification time of '2026-09-17T12:37:51.7670397Z' while content on disk has modification time of '2026-09-17T12:37:58.661Z'
  ERROR: Build asset version error: assets/scripts/levelmanager.cs in SourceAssetDB has modification time of '2026-09-17T12:37:51.7670397Z' while content on disk has modification time of '2026-09-17T12:37:58.661Z'
Number of updated asset objects reloaded before import = 0Number of asset objects unloaded after import = 0

========================================================================
Received Import Request.
  Time since last request: 0.000022 seconds.
  path: Assets/Scripts/LevelManager.cs
  artifactKey: Guid(1f9c91710e106d84186998d23ae1cf5f) Importer(815301076,1909f56bfc062723c751e8b465ee728b)
Start importing Assets/Scripts/LevelManager.cs using Guid(1f9c91710e106d84186998d23ae1cf5f) Importer(815301076,1909f56bfc062723c751e8b465ee728b) (PreviewImporter) -> (artifact id: '00000000000000000000000000000000') in 0.000654 seconds
Import Error Code:(4)
Message: Build asset version error: assets/scripts/levelmanager.cs in SourceAssetDB has modification time of '2026-09-17T12:37:51.7670397Z' while content on disk has modification time of '2026-09-17T12:37:58.661Z'
  ERROR: Build asset version error: assets/scripts/levelmanager.cs in SourceAssetDB has modification time of '2026-09-17T12:37:51.7670397Z' while content on disk has modification time of '2026-09-17T12:37:58.661Z'
Number of updated asset objects reloaded before import = 0Number of asset objects unloaded after import = 0

========================================================================
Received Import Request.
  Time since last request: 0.000022 seconds.
  path: Assets/Scripts/LevelManager.cs
  artifactKey: Guid(1f9c91710e106d84186998d23ae1cf5f) Importer(815301076,1909f56bfc062723c751e8b465ee728b)
Start importing Assets/Scripts/LevelManager.cs using Guid(1f9c91710e106d84186998d23ae1cf5f) Importer(815301076,1909f56bfc062723c751e8b465ee728b) (PreviewImporter) -> (artifact id: '00000000000000000000000000000000') in 0.0007503 seconds
Import Error Code:(4)
Message: Build asset version error: assets/scripts/levelmanager.cs in SourceAssetDB has modification time of '2026-09-17T12:37:51.7670397Z' while content on disk has modification time of '2026-09-17T12:37:58.661Z'
  ERROR: Build asset version error: assets/scripts/levelmanager.cs in SourceAssetDB has modification time of '2026-09-17T12:37:51.7670397Z' while content on disk has modification time of '2026-09-17T12:37:58.661Z'
Number of updated asset objects reloaded before import = 0Number of asset objects unloaded after import = 0

========================================================================
Received Import Request.
  Time since last request: 0.000021 seconds.
  path: Assets/Scripts/LevelManager.cs
  artifactKey: Guid(1f9c91710e106d84186998d23ae1cf5f) Importer(815301076,1909f56bfc062723c751e8b465ee728b)
Start importing Assets/Scripts/LevelManager.cs using Guid(1f9c91710e106d84186998d23ae1cf5f) Importer(815301076,1909f56bfc062723c751e8b465ee728b) (PreviewImporter) -> (artifact id: '00000000000000000000000000000000') in 0.0006589 seconds
Import Error Code:(4)
Message: Build asset version error: assets/scripts/levelmanager.cs in SourceAssetDB has modification time of '2026-09-17T12:37:51.7670397Z' while content on disk has modification time of '2026-09-17T12:37:58.661Z'
  ERROR: Build asset version error: assets/scripts/levelmanager.cs in SourceAssetDB has modification time of '2026-09-17T12:37:51.7670397Z' while content on disk has modification time of '2026-09-17T12:37:58.661Z'
Number of updated asset objects reloaded before import = 0Number of asset objects unloaded after import = 0

========================================================================
Received Import Request.
  Time since last request: 0.000025 seconds.
  path: Assets/Scripts/LevelManager.cs
  artifactKey: Guid(1f9c91710e106d84186998d23ae1cf5f) Importer(815301076,1909f56bfc062723c751e8b465ee728b)
Start importing Assets/Scripts/LevelManager.cs using Guid(1f9c91710e106d84186998d23ae1cf5f) Importer(815301076,1909f56bfc062723c751e8b465ee728b) (PreviewImporter) -> (artifact id: '00000000000000000000000000000000') in 0.0007906 seconds
Import Error Code:(4)
Message: Build asset version error: assets/scripts/levelmanager.cs in SourceAssetDB has modification time of '2026-09-17T12:37:51.7670397Z' while content on disk has modification time of '2026-09-17T12:37:58.661Z'
  ERROR: Build asset version error: assets/scripts/levelmanager.cs in SourceAssetDB has modification time of '2026-09-17T12:37:51.7670397Z' while content on disk has modification time of '2026-09-17T12:37:58.661Z'
Number of updated asset objects reloaded before import = 0Number of asset objects unloaded after import = 0

========================================================================
Received Import Request.
  Time since last request: 0.000033 seconds.
  path: Assets/Scripts/LevelManager.cs
  artifactKey: Guid(1f9c91710e106d84186998d23ae1cf5f) Importer(815301076,1909f56bfc062723c751e8b465ee728b)
Start importing Assets/Scripts/LevelManager.cs using Guid(1f9c91710e106d84186998d23ae1cf5f) Importer(815301076,1909f56bfc062723c751e8b465ee728b) (PreviewImporter) -> (artifact id: '00000000000000000000000000000000') in 0.0008093 seconds
Import Error Code:(4)
Message: Build asset version error: assets/scripts/levelmanager.cs in SourceAssetDB has modification time of '2026-09-17T12:37:51.7670397Z' while content on disk has modification time of '2026-09-17T12:37:58.661Z'
  ERROR: Build asset version error: assets/scripts/levelmanager.cs in SourceAssetDB has modification time of '2026-09-17T12:37:51.7670397Z' while content on disk has modification time of '2026-09-17T12:37:58.661Z'
Number of updated asset objects reloaded before import = 0Number of asset objects unloaded after import = 0

========================================================================
Received Import Request.
  Time since last request: 0.000033 seconds.
  path: Assets/Scripts/LevelManager.cs
  artifactKey: Guid(1f9c91710e106d84186998d23ae1cf5f) Importer(815301076,1909f56bfc062723c751e8b465ee728b)
Start importing Assets/Scripts/LevelManager.cs using Guid(1f9c91710e106d84186998d23ae1cf5f) Importer(815301076,1909f56bfc062723c751e8b465ee728b) (PreviewImporter) -> (artifact id: '00000000000000000000000000000000') in 0.001249 seconds
Import Error Code:(4)
Message: Build asset version error: assets/scripts/levelmanager.cs in SourceAssetDB has modification time of '2026-09-17T12:37:51.7670397Z' while content on disk has modification time of '2026-09-17T12:37:58.661Z'
  ERROR: Build asset version error: assets/scripts/levelmanager.cs in SourceAssetDB has modification time of '2026-09-17T12:37:51.7670397Z' while content on disk has modification time of '2026-09-17T12:37:58.661Z'
Number of updated asset objects reloaded before import = 0Number of asset objects unloaded after import = 0

========================================================================
Received Import Request.
  Time since last request: 0.000020 seconds.
  path: Assets/Scripts/LevelManager.cs
  artifactKey: Guid(1f9c91710e106d84186998d23ae1cf5f) Importer(815301076,1909f56bfc062723c751e8b465ee728b)
Start importing Assets/Scripts/LevelManager.cs using Guid(1f9c91710e106d84186998d23ae1cf5f) Importer(815301076,1909f56bfc062723c751e8b465ee728b) (PreviewImporter) -> (artifact id: '00000000000000000000000000000000') in 0.0009203 seconds
Import Error Code:(4)
Message: Build asset version error: assets/scripts/levelmanager.cs in SourceAssetDB has modification time of '2026-09-17T12:37:51.7670397Z' while content on disk has modification time of '2026-09-17T12:37:58.661Z'
  ERROR: Build asset version error: assets/scripts/levelmanager.cs in SourceAssetDB has modification time of '2026-09-17T12:37:51.7670397Z' while content on disk has modification time of '2026-09-17T12:37:58.661Z'
Number of updated asset objects reloaded before import = 0Number of asset objects unloaded after import = 0

========================================================================
Received Import Request.
  Time since last request: 0.000023 seconds.
  path: Assets/Scripts/LevelManager.cs
  artifactKey: Guid(1f9c91710e106d84186998d23ae1cf5f) Importer(815301076,1909f56bfc062723c751e8b465ee728b)
Start importing Assets/Scripts/LevelManager.cs using Guid(1f9c91710e106d84186998d23ae1cf5f) Importer(815301076,1909f56bfc062723c751e8b465ee728b) (PreviewImporter) -> (artifact id: '00000000000000000000000000000000') in 0.0007683 seconds
Import Error Code:(4)
Message: Build asset version error: assets/scripts/levelmanager.cs in SourceAssetDB has modification time of '2026-09-17T12:37:51.7670397Z' while content on disk has modification time of '2026-09-17T12:37:58.661Z'
  ERROR: Build asset version error: assets/scripts/levelmanager.cs in SourceAssetDB has modification time of '2026-09-17T12:37:51.7670397Z' while content on disk has modification time of '2026-09-17T12:37:58.661Z'
Number of updated asset objects reloaded before import = 0Number of asset objects unloaded after import = 0

========================================================================
Received Import Request.
  Time since last request: 0.000028 seconds.
  path: Assets/Scripts/LevelManager.cs
  artifactKey: Guid(1f9c91710e106d84186998d23ae1cf5f) Importer(815301076,1909f56bfc062723c751e8b465ee728b)
Start importing Assets/Scripts/LevelManager.cs using Guid(1f9c91710e106d84186998d23ae1cf5f) Importer(815301076,1909f56bfc062723c751e8b465ee728b) (PreviewImporter) -> (artifact id: '00000000000000000000000000000000') in 0.0007147 seconds
Import Error Code:(4)
Message: Build asset version error: assets/scripts/levelmanager.cs in SourceAssetDB has modification time of '2026-09-17T12:37:51.7670397Z' while content on disk has modification time of '2026-09-17T12:37:58.661Z'
  ERROR: Build asset version error: assets/scripts/levelmanager.cs in SourceAssetDB has modification time of '2026-09-17T12:37:51.7670397Z' while content on disk has modification time of '2026-09-17T12:37:58.661Z'
Number of updated asset objects reloaded before import = 0Number of asset objects unloaded after import = 0

========================================================================
Received Import Request.
  Time since last request: 0.000034 seconds.
  path: Assets/Scripts/LevelManager.cs
  artifactKey: Guid(1f9c91710e106d84186998d23ae1cf5f) Importer(815301076,1909f56bfc062723c751e8b465ee728b)
Start importing Assets/Scripts/LevelManager.cs using Guid(1f9c91710e106d84186998d23ae1cf5f) Importer(815301076,1909f56bfc062723c751e8b465ee728b) (PreviewImporter) -> (artifact id: '00000000000000000000000000000000') in 0.0008636 seconds
Import Error Code:(4)
Message: Build asset version error: assets/scripts/levelmanager.cs in SourceAssetDB has modification time of '2026-09-17T12:37:51.7670397Z' while content on disk has modification time of '2026-09-17T12:37:58.661Z'
  ERROR: Build asset version error: assets/scripts/levelmanager.cs in SourceAssetDB has modification time of '2026-09-17T12:37:51.7670397Z' while content on disk has modification time of '2026-09-17T12:37:58.661Z'
Number of updated asset objects reloaded before import = 0Number of asset objects unloaded after import = 0

========================================================================
Received Import Request.
  Time since last request: 0.000024 seconds.
  path: Assets/Scripts/LevelManager.cs
  artifactKey: Guid(1f9c91710e106d84186998d23ae1cf5f) Importer(815301076,1909f56bfc062723c751e8b465ee728b)
Start importing Assets/Scripts/LevelManager.cs using Guid(1f9c91710e106d84186998d23ae1cf5f) Importer(815301076,1909f56bfc062723c751e8b465ee728b) (PreviewImporter) -> (artifact id: '00000000000000000000000000000000') in 0.0012954 seconds
Import Error Code:(4)
Message: Build asset version error: assets/scripts/levelmanager.cs in SourceAssetDB has modification time of '2026-09-17T12:37:51.7670397Z' while content on disk has modification time of '2026-09-17T12:37:58.661Z'
  ERROR: Build asset version error: assets/scripts/levelmanager.cs in SourceAssetDB has modification time of '2026-09-17T12:37:51.7670397Z' while content on disk has modification time of '2026-09-17T12:37:58.661Z'
Number of updated asset objects reloaded before import = 0Number of asset objects unloaded after import = 0

========================================================================
Received Import Request.
  Time since last request: 0.000021 seconds.
  path: Assets/Scripts/LevelManager.cs
  artifactKey: Guid(1f9c91710e106d84186998d23ae1cf5f) Importer(815301076,1909f56bfc062723c751e8b465ee728b)
Start importing Assets/Scripts/LevelManager.cs using Guid(1f9c91710e106d84186998d23ae1cf5f) Importer(815301076,1909f56bfc062723c751e8b465ee728b) (PreviewImporter) -> (artifact id: '00000000000000000000000000000000') in 0.0007551 seconds
Import Error Code:(4)
Message: Build asset version error: assets/scripts/levelmanager.cs in SourceAssetDB has modification time of '2026-09-17T12:37:51.7670397Z' while content on disk has modification time of '2026-09-17T12:37:58.661Z'
  ERROR: Build asset version error: assets/scripts/levelmanager.cs in SourceAssetDB has modification time of '2026-09-17T12:37:51.7670397Z' while content on disk has modification time of '2026-09-17T12:37:58.661Z'
Number of updated asset objects reloaded before import = 0Number of asset objects unloaded after import = 0

========================================================================
Received Import Request.
  Time since last request: 0.000022 seconds.
  path: Assets/Scripts/LevelManager.cs
  artifactKey: Guid(1f9c91710e106d84186998d23ae1cf5f) Importer(815301076,1909f56bfc062723c751e8b465ee728b)
Start importing Assets/Scripts/LevelManager.cs using Guid(1f9c91710e106d84186998d23ae1cf5f) Importer(815301076,1909f56bfc062723c751e8b465ee728b) (PreviewImporter) -> (artifact id: '00000000000000000000000000000000') in 0.0006363 seconds
Import Error Code:(4)
Message: Build asset version error: assets/scripts/levelmanager.cs in SourceAssetDB has modification time of '2026-09-17T12:37:51.7670397Z' while content on disk has modification time of '2026-09-17T12:37:58.661Z'
  ERROR: Build asset version error: assets/scripts/levelmanager.cs in SourceAssetDB has modification time of '2026-09-17T12:37:51.7670397Z' while content on disk has modification time of '2026-09-17T12:37:58.661Z'
Number of updated asset objects reloaded before import = 0Number of asset objects unloaded after import = 0

========================================================================
Received Import Request.
  Time since last request: 0.000025 seconds.
  path: Assets/Scripts/LevelManager.cs
  artifactKey: Guid(1f9c91710e106d84186998d23ae1cf5f) Importer(815301076,1909f56bfc062723c751e8b465ee728b)
Start importing Assets/Scripts/LevelManager.cs using Guid(1f9c91710e106d84186998d23ae1cf5f) Importer(815301076,1909f56bfc062723c751e8b465ee728b) (PreviewImporter) -> (artifact id: '00000000000000000000000000000000') in 0.0006517 seconds
Import Error Code:(4)
Message: Build asset version error: assets/scripts/levelmanager.cs in SourceAssetDB has modification time of '2026-09-17T12:37:51.7670397Z' while content on disk has modification time of '2026-09-17T12:37:58.661Z'
  ERROR: Build asset version error: assets/scripts/levelmanager.cs in SourceAssetDB has modification time of '2026-09-17T12:37:51.7670397Z' while content on disk has modification time of '2026-09-17T12:37:58.661Z'
Number of updated asset objects reloaded before import = 0Number of asset objects unloaded after import = 0

========================================================================
Received Import Request.
  Time since last request: 0.000034 seconds.
  path: Assets/Scripts/LevelManager.cs
  artifactKey: Guid(1f9c91710e106d84186998d23ae1cf5f) Importer(815301076,1909f56bfc062723c751e8b465ee728b)
Start importing Assets/Scripts/LevelManager.cs using Guid(1f9c91710e106d84186998d23ae1cf5f) Importer(815301076,1909f56bfc062723c751e8b465ee728b) (PreviewImporter) -> (artifact id: '00000000000000000000000000000000') in 0.0007133 seconds
Import Error Code:(4)
Message: Build asset version error: assets/scripts/levelmanager.cs in SourceAssetDB has modification time of '2026-09-17T12:37:51.7670397Z' while content on disk has modification time of '2026-09-17T12:37:58.661Z'
  ERROR: Build asset version error: assets/scripts/levelmanager.cs in SourceAssetDB has modification time of '2026-09-17T12:37:51.7670397Z' while content on disk has modification time of '2026-09-17T12:37:58.661Z'
Number of updated asset objects reloaded before import = 0Number of asset objects unloaded after import = 0

========================================================================
Received Import Request.
  Time since last request: 0.000026 seconds.
  path: Assets/Scripts/LevelManager.cs
  artifactKey: Guid(1f9c91710e106d84186998d23ae1cf5f) Importer(815301076,1909f56bfc062723c751e8b465ee728b)
Start importing Assets/Scripts/LevelManager.cs using Guid(1f9c91710e106d84186998d23ae1cf5f) Importer(815301076,1909f56bfc062723c751e8b465ee728b) (PreviewImporter) -> (artifact id: '00000000000000000000000000000000') in 0.0010342 seconds
Import Error Code:(4)
Message: Build asset version error: assets/scripts/levelmanager.cs in SourceAssetDB has modification time of '2026-09-17T12:37:51.7670397Z' while content on disk has modification time of '2026-09-17T12:37:58.661Z'
  ERROR: Build asset version error: assets/scripts/levelmanager.cs in SourceAssetDB has modification time of '2026-09-17T12:37:51.7670397Z' while content on disk has modification time of '2026-09-17T12:37:58.661Z'
Number of updated asset objects reloaded before import = 0Number of asset objects unloaded after import = 0

========================================================================
Received Import Request.
  Time since last request: 0.000023 seconds.
  path: Assets/Scripts/LevelManager.cs
  artifactKey: Guid(1f9c91710e106d84186998d23ae1cf5f) Importer(815301076,1909f56bfc062723c751e8b465ee728b)
Start importing Assets/Scripts/LevelManager.cs using Guid(1f9c91710e106d84186998d23ae1cf5f) Importer(815301076,1909f56bfc062723c751e8b465ee728b) (PreviewImporter) -> (artifact id: '00000000000000000000000000000000') in 0.0007072 seconds
Import Error Code:(4)
Message: Build asset version error: assets/scripts/levelmanager.cs in SourceAssetDB has modification time of '2026-09-17T12:37:51.7670397Z' while content on disk has modification time of '2026-09-17T12:37:58.661Z'
  ERROR: Build asset version error: assets/scripts/levelmanager.cs in SourceAssetDB has modification time of '2026-09-17T12:37:51.7670397Z' while content on disk has modification time of '2026-09-17T12:37:58.661Z'
Number of updated asset objects reloaded before import = 0Number of asset objects unloaded after import = 0

========================================================================
Received Import Request.
  Time since last request: 0.000024 seconds.
  path: Assets/Scripts/LevelManager.cs
  artifactKey: Guid(1f9c91710e106d84186998d23ae1cf5f) Importer(815301076,1909f56bfc062723c751e8b465ee728b)
Start importing Assets/Scripts/LevelManager.cs using Guid(1f9c91710e106d84186998d23ae1cf5f) Importer(815301076,1909f56bfc062723c751e8b465ee728b) (PreviewImporter) -> (artifact id: '00000000000000000000000000000000') in 0.000649 seconds
Import Error Code:(4)
Message: Build asset version error: assets/scripts/levelmanager.cs in SourceAssetDB has modification time of '2026-09-17T12:37:51.7670397Z' while content on disk has modification time of '2026-09-17T12:37:58.661Z'
  ERROR: Build asset version error: assets/scripts/levelmanager.cs in SourceAssetDB has modification time of '2026-09-17T12:37:51.7670397Z' while content on disk has modification time of '2026-09-17T12:37:58.661Z'
Number of updated asset objects reloaded before import = 0Number of asset objects unloaded after import = 0

========================================================================
Received Import Request.
  Time since last request: 0.000023 seconds.
  path: Assets/Scripts/LevelManager.cs
  artifactKey: Guid(1f9c91710e106d84186998d23ae1cf5f) Importer(815301076,1909f56bfc062723c751e8b465ee728b)
Start importing Assets/Scripts/LevelManager.cs using Guid(1f9c91710e106d84186998d23ae1cf5f) Importer(815301076,1909f56bfc062723c751e8b465ee728b) (PreviewImporter) -> (artifact id: '00000000000000000000000000000000') in 0.0006735 seconds
Import Error Code:(4)
Message: Build asset version error: assets/scripts/levelmanager.cs in SourceAssetDB has modification time of '2026-09-17T12:37:51.7670397Z' while content on disk has modification time of '2026-09-17T12:37:58.661Z'
  ERROR: Build asset version error: assets/scripts/levelmanager.cs in SourceAssetDB has modification time of '2026-09-17T12:37:51.7670397Z' while content on disk has modification time of '2026-09-17T12:37:58.661Z'
Number of updated asset objects reloaded before import = 0Number of asset objects unloaded after import = 0

========================================================================
Received Import Request.
  Time since last request: 0.000034 seconds.
  path: Assets/Scripts/LevelManager.cs
  artifactKey: Guid(1f9c91710e106d84186998d23ae1cf5f) Importer(815301076,1909f56bfc062723c751e8b465ee728b)
Start importing Assets/Scripts/LevelManager.cs using Guid(1f9c91710e106d84186998d23ae1cf5f) Importer(815301076,1909f56bfc062723c751e8b465ee728b) (PreviewImporter) -> (artifact id: '00000000000000000000000000000000') in 0.000683 seconds
Import Error Code:(4)
Message: Build asset version error: assets/scripts/levelmanager.cs in SourceAssetDB has modification time of '2026-09-17T12:37:51.7670397Z' while content on disk has modification time of '2026-09-17T12:37:58.661Z'
  ERROR: Build asset version error: assets/scripts/levelmanager.cs in SourceAssetDB has modification time of '2026-09-17T12:37:51.7670397Z' while content on disk has modification time of '2026-09-17T12:37:58.661Z'
Number of updated asset objects reloaded before import = 0Number of asset objects unloaded after import = 0

========================================================================
Received Import Request.
  Time since last request: 0.000022 seconds.
  path: Assets/Scripts/LevelManager.cs
  artifactKey: Guid(1f9c91710e106d84186998d23ae1cf5f) Importer(815301076,1909f56bfc062723c751e8b465ee728b)
Start importing Assets/Scripts/LevelManager.cs using Guid(1f9c91710e106d84186998d23ae1cf5f) Importer(815301076,1909f56bfc062723c751e8b465ee728b) (PreviewImporter) -> (artifact id: '00000000000000000000000000000000') in 0.0006416 seconds
Import Error Code:(4)
Message: Build asset version error: assets/scripts/levelmanager.cs in SourceAssetDB has modification time of '2026-09-17T12:37:51.7670397Z' while content on disk has modification time of '2026-09-17T12:37:58.661Z'
  ERROR: Build asset version error: assets/scripts/levelmanager.cs in SourceAssetDB has modification time of '2026-09-17T12:37:51.7670397Z' while content on disk has modification time of '2026-09-17T12:37:58.661Z'
Number of updated asset objects reloaded before import = 0Number of asset objects unloaded after import = 0

========================================================================
Received Import Request.
  Time since last request: 0.000021 seconds.
  path: Assets/Scripts/LevelManager.cs
  artifactKey: Guid(1f9c91710e106d84186998d23ae1cf5f) Importer(815301076,1909f56bfc062723c751e8b465ee728b)
Start importing Assets/Scripts/LevelManager.cs using Guid(1f9c91710e106d84186998d23ae1cf5f) Importer(815301076,1909f56bfc062723c751e8b465ee728b) (PreviewImporter) -> (artifact id: '00000000000000000000000000000000') in 0.0007402 seconds
Import Error Code:(4)
Message: Build asset version error: assets/scripts/levelmanager.cs in SourceAssetDB has modification time of '2026-09-17T12:37:51.7670397Z' while content on disk has modification time of '2026-09-17T12:37:58.661Z'
  ERROR: Build asset version error: assets/scripts/levelmanager.cs in SourceAssetDB has modification time of '2026-09-17T12:37:51.7670397Z' while content on disk has modification time of '2026-09-17T12:37:58.661Z'
Number of updated asset objects reloaded before import = 0Number of asset objects unloaded after import = 0

========================================================================
Received Import Request.
  Time since last request: 0.000029 seconds.
  path: Assets/Scripts/LevelManager.cs
  artifactKey: Guid(1f9c91710e106d84186998d23ae1cf5f) Importer(815301076,1909f56bfc062723c751e8b465ee728b)
Start importing Assets/Scripts/LevelManager.cs using Guid(1f9c91710e106d84186998d23ae1cf5f) Importer(815301076,1909f56bfc062723c751e8b465ee728b) (PreviewImporter) -> (artifact id: '00000000000000000000000000000000') in 0.0007039 seconds
Import Error Code:(4)
Message: Build asset version error: assets/scripts/levelmanager.cs in SourceAssetDB has modification time of '2026-09-17T12:37:51.7670397Z' while content on disk has modification time of '2026-09-17T12:37:58.661Z'
  ERROR: Build asset version error: assets/scripts/levelmanager.cs in SourceAssetDB has modification time of '2026-09-17T12:37:51.7670397Z' while content on disk has modification time of '2026-09-17T12:37:58.661Z'
Number of updated asset objects reloaded before import = 0Number of asset objects unloaded after import = 0

========================================================================
Received Import Request.
  Time since last request: 0.000024 seconds.
  path: Assets/Scripts/LevelManager.cs
  artifactKey: Guid(1f9c91710e106d84186998d23ae1cf5f) Importer(815301076,1909f56bfc062723c751e8b465ee728b)
Start importing Assets/Scripts/LevelManager.cs using Guid(1f9c91710e106d84186998d23ae1cf5f) Importer(815301076,1909f56bfc062723c751e8b465ee728b) (PreviewImporter) -> (artifact id: '00000000000000000000000000000000') in 0.0010812 seconds
Import Error Code:(4)
Message: Build asset version error: assets/scripts/levelmanager.cs in SourceAssetDB has modification time of '2026-09-17T12:37:51.7670397Z' while content on disk has modification time of '2026-09-17T12:37:58.661Z'
  ERROR: Build asset version error: assets/scripts/levelmanager.cs in SourceAssetDB has modification time of '2026-09-17T12:37:51.7670397Z' while content on disk has modification time of '2026-09-17T12:37:58.661Z'
Number of updated asset objects reloaded before import = 0Number of asset objects unloaded after import = 0

========================================================================
Received Import Request.
  Time since last request: 0.000042 seconds.
  path: Assets/Scripts/LevelManager.cs
  artifactKey: Guid(1f9c91710e106d84186998d23ae1cf5f) Importer(815301076,1909f56bfc062723c751e8b465ee728b)
Start importing Assets/Scripts/LevelManager.cs using Guid(1f9c91710e106d84186998d23ae1cf5f) Importer(815301076,1909f56bfc062723c751e8b465ee728b) (PreviewImporter) -> (artifact id: '00000000000000000000000000000000') in 0.0007287 seconds
Import Error Code:(4)
Message: Build asset version error: assets/scripts/levelmanager.cs in SourceAssetDB has modification time of '2026-09-17T12:37:51.7670397Z' while content on disk has modification time of '2026-09-17T12:37:58.661Z'
  ERROR: Build asset version error: assets/scripts/levelmanager.cs in SourceAssetDB has modification time of '2026-09-17T12:37:51.7670397Z' while content on disk has modification time of '2026-09-17T12:37:58.661Z'
Number of updated asset objects reloaded before import = 0Number of asset objects unloaded after import = 0

========================================================================
Received Import Request.
  Time since last request: 0.000024 seconds.
  path: Assets/Scripts/LevelManager.cs
  artifactKey: Guid(1f9c91710e106d84186998d23ae1cf5f) Importer(815301076,1909f56bfc062723c751e8b465ee728b)
Start importing Assets/Scripts/LevelManager.cs using Guid(1f9c91710e106d84186998d23ae1cf5f) Importer(815301076,1909f56bfc062723c751e8b465ee728b) (PreviewImporter) -> (artifact id: '00000000000000000000000000000000') in 0.0007667 seconds
Import Error Code:(4)
Message: Build asset version error: assets/scripts/levelmanager.cs in SourceAssetDB has modification time of '2026-09-17T12:37:51.7670397Z' while content on disk has modification time of '2026-09-17T12:37:58.661Z'
  ERROR: Build asset version error: assets/scripts/levelmanager.cs in SourceAssetDB has modification time of '2026-09-17T12:37:51.7670397Z' while content on disk has modification time of '2026-09-17T12:37:58.661Z'
Number of updated asset objects reloaded before import = 0Number of asset objects unloaded after import = 0

========================================================================
Received Import Request.
  Time since last request: 0.000021 seconds.
  path: Assets/Scripts/LevelManager.cs
  artifactKey: Guid(1f9c91710e106d84186998d23ae1cf5f) Importer(815301076,1909f56bfc062723c751e8b465ee728b)
Start importing Assets/Scripts/LevelManager.cs using Guid(1f9c91710e106d84186998d23ae1cf5f) Importer(815301076,1909f56bfc062723c751e8b465ee728b) (PreviewImporter) -> (artifact id: '00000000000000000000000000000000') in 0.000711 seconds
Import Error Code:(4)
Message: Build asset version error: assets/scripts/levelmanager.cs in SourceAssetDB has modification time of '2026-09-17T12:37:51.7670397Z' while content on disk has modification time of '2026-09-17T12:37:58.661Z'
  ERROR: Build asset version error: assets/scripts/levelmanager.cs in SourceAssetDB has modification time of '2026-09-17T12:37:51.7670397Z' while content on disk has modification time of '2026-09-17T12:37:58.661Z'
Number of updated asset objects reloaded before import = 0Number of asset objects unloaded after import = 0

========================================================================
Received Import Request.
  Time since last request: 0.000022 seconds.
  path: Assets/Scripts/LevelManager.cs
  artifactKey: Guid(1f9c91710e106d84186998d23ae1cf5f) Importer(815301076,1909f56bfc062723c751e8b465ee728b)
Start importing Assets/Scripts/LevelManager.cs using Guid(1f9c91710e106d84186998d23ae1cf5f) Importer(815301076,1909f56bfc062723c751e8b465ee728b) (PreviewImporter) -> (artifact id: '00000000000000000000000000000000') in 0.0006433 seconds
Import Error Code:(4)
Message: Build asset version error: assets/scripts/levelmanager.cs in SourceAssetDB has modification time of '2026-09-17T12:37:51.7670397Z' while content on disk has modification time of '2026-09-17T12:37:58.661Z'
  ERROR: Build asset version error: assets/scripts/levelmanager.cs in SourceAssetDB has modification time of '2026-09-17T12:37:51.7670397Z' while content on disk has modification time of '2026-09-17T12:37:58.661Z'
Number of updated asset objects reloaded before import = 0Number of asset objects unloaded after import = 0

========================================================================
Received Import Request.
  Time since last request: 0.000035 seconds.
  path: Assets/Scripts/LevelManager.cs
  artifactKey: Guid(1f9c91710e106d84186998d23ae1cf5f) Importer(815301076,1909f56bfc062723c751e8b465ee728b)
Start importing Assets/Scripts/LevelManager.cs using Guid(1f9c91710e106d84186998d23ae1cf5f) Importer(815301076,1909f56bfc062723c751e8b465ee728b) (PreviewImporter) -> (artifact id: '00000000000000000000000000000000') in 0.0006097 seconds
Import Error Code:(4)
Message: Build asset version error: assets/scripts/levelmanager.cs in SourceAssetDB has modification time of '2026-09-17T12:37:51.7670397Z' while content on disk has modification time of '2026-09-17T12:37:58.661Z'
  ERROR: Build asset version error: assets/scripts/levelmanager.cs in SourceAssetDB has modification time of '2026-09-17T12:37:51.7670397Z' while content on disk has modification time of '2026-09-17T12:37:58.661Z'
Number of updated asset objects reloaded before import = 0Number of asset objects unloaded after import = 0

========================================================================
Received Import Request.
  Time since last request: 0.000030 seconds.
  path: Assets/Scripts/LevelManager.cs
  artifactKey: Guid(1f9c91710e106d84186998d23ae1cf5f) Importer(815301076,1909f56bfc062723c751e8b465ee728b)
Start importing Assets/Scripts/LevelManager.cs using Guid(1f9c91710e106d84186998d23ae1cf5f) Importer(815301076,1909f56bfc062723c751e8b465ee728b) (PreviewImporter) -> (artifact id: '00000000000000000000000000000000') in 0.0011056 seconds
Import Error Code:(4)
Message: Build asset version error: assets/scripts/levelmanager.cs in SourceAssetDB has modification time of '2026-09-17T12:37:51.7670397Z' while content on disk has modification time of '2026-09-17T12:37:58.661Z'
  ERROR: Build asset version error: assets/scripts/levelmanager.cs in SourceAssetDB has modification time of '2026-09-17T12:37:51.7670397Z' while content on disk has modification time of '2026-09-17T12:37:58.661Z'
Number of updated asset objects reloaded before import = 0Number of asset objects unloaded after import = 0

========================================================================
Received Import Request.
  Time since last request: 0.000021 seconds.
  path: Assets/Scripts/LevelManager.cs
  artifactKey: Guid(1f9c91710e106d84186998d23ae1cf5f) Importer(815301076,1909f56bfc062723c751e8b465ee728b)
Start importing Assets/Scripts/LevelManager.cs using Guid(1f9c91710e106d84186998d23ae1cf5f) Importer(815301076,1909f56bfc062723c751e8b465ee728b) (PreviewImporter) -> (artifact id: '00000000000000000000000000000000') in 0.0009612 seconds
Import Error Code:(4)
Message: Build asset version error: assets/scripts/levelmanager.cs in SourceAssetDB has modification time of '2026-09-17T12:37:51.7670397Z' while content on disk has modification time of '2026-09-17T12:37:58.661Z'
  ERROR: Build asset version error: assets/scripts/levelmanager.cs in SourceAssetDB has modification time of '2026-09-17T12:37:51.7670397Z' while content on disk has modification time of '2026-09-17T12:37:58.661Z'
Number of updated asset objects reloaded before import = 0Number of asset objects unloaded after import = 0

========================================================================
Received Import Request.
  Time since last request: 0.000034 seconds.
  path: Assets/Scripts/LevelManager.cs
  artifactKey: Guid(1f9c91710e106d84186998d23ae1cf5f) Importer(815301076,1909f56bfc062723c751e8b465ee728b)
Start importing Assets/Scripts/LevelManager.cs using Guid(1f9c91710e106d84186998d23ae1cf5f) Importer(815301076,1909f56bfc062723c751e8b465ee728b) (PreviewImporter) -> (artifact id: '00000000000000000000000000000000') in 0.0008543 seconds
Import Error Code:(4)
Message: Build asset version error: assets/scripts/levelmanager.cs in SourceAssetDB has modification time of '2026-09-17T12:37:51.7670397Z' while content on disk has modification time of '2026-09-17T12:37:58.661Z'
  ERROR: Build asset version error: assets/scripts/levelmanager.cs in SourceAssetDB has modification time of '2026-09-17T12:37:51.7670397Z' while content on disk has modification time of '2026-09-17T12:37:58.661Z'
Number of updated asset objects reloaded before import = 0Number of asset objects unloaded after import = 0

========================================================================
Received Import Request.
  Time since last request: 0.000020 seconds.
  path: Assets/Scripts/LevelManager.cs
  artifactKey: Guid(1f9c91710e106d84186998d23ae1cf5f) Importer(815301076,1909f56bfc062723c751e8b465ee728b)
Start importing Assets/Scripts/LevelManager.cs using Guid(1f9c91710e106d84186998d23ae1cf5f) Importer(815301076,1909f56bfc062723c751e8b465ee728b) (PreviewImporter) -> (artifact id: '00000000000000000000000000000000') in 0.0011078 seconds
Import Error Code:(4)
Message: Build asset version error: assets/scripts/levelmanager.cs in SourceAssetDB has modification time of '2026-09-17T12:37:51.7670397Z' while content on disk has modification time of '2026-09-17T12:37:58.661Z'
  ERROR: Build asset version error: assets/scripts/levelmanager.cs in SourceAssetDB has modification time of '2026-09-17T12:37:51.7670397Z' while content on disk has modification time of '2026-09-17T12:37:58.661Z'
Number of updated asset objects reloaded before import = 0Number of asset objects unloaded after import = 0

========================================================================
Received Import Request.
  Time since last request: 0.000041 seconds.
  path: Assets/Scripts/LevelManager.cs
  artifactKey: Guid(1f9c91710e106d84186998d23ae1cf5f) Importer(815301076,1909f56bfc062723c751e8b465ee728b)
Start importing Assets/Scripts/LevelManager.cs using Guid(1f9c91710e106d84186998d23ae1cf5f) Importer(815301076,1909f56bfc062723c751e8b465ee728b) (PreviewImporter) -> (artifact id: '00000000000000000000000000000000') in 0.0007938 seconds
Import Error Code:(4)
Message: Build asset version error: assets/scripts/levelmanager.cs in SourceAssetDB has modification time of '2026-09-17T12:37:51.7670397Z' while content on disk has modification time of '2026-09-17T12:37:58.661Z'
  ERROR: Build asset version error: assets/scripts/levelmanager.cs in SourceAssetDB has modification time of '2026-09-17T12:37:51.7670397Z' while content on disk has modification time of '2026-09-17T12:37:58.661Z'
Number of updated asset objects reloaded before import = 0Number of asset objects unloaded after import = 0

========================================================================
Received Import Request.
  Time since last request: 0.000029 seconds.
  path: Assets/Scripts/LevelManager.cs
  artifactKey: Guid(1f9c91710e106d84186998d23ae1cf5f) Importer(815301076,1909f56bfc062723c751e8b465ee728b)
Start importing Assets/Scripts/LevelManager.cs using Guid(1f9c91710e106d84186998d23ae1cf5f) Importer(815301076,1909f56bfc062723c751e8b465ee728b) (PreviewImporter) -> (artifact id: '00000000000000000000000000000000') in 0.000558 seconds
Import Error Code:(4)
Message: Build asset version error: assets/scripts/levelmanager.cs in SourceAssetDB has modification time of '2026-09-17T12:37:51.7670397Z' while content on disk has modification time of '2026-09-17T12:37:58.661Z'
  ERROR: Build asset version error: assets/scripts/levelmanager.cs in SourceAssetDB has modification time of '2026-09-17T12:37:51.7670397Z' while content on disk has modification time of '2026-09-17T12:37:58.661Z'
Number of updated asset objects reloaded before import = 0Number of asset objects unloaded after import = 0

========================================================================
Received Import Request.
  Time since last request: 0.022122 seconds.
  path: Assets/Scripts/LevelManager.cs
  artifactKey: Guid(1f9c91710e106d84186998d23ae1cf5f) Importer(815301076,1909f56bfc062723c751e8b465ee728b)
Start importing Assets/Scripts/LevelManager.cs using Guid(1f9c91710e106d84186998d23ae1cf5f) Importer(815301076,1909f56bfc062723c751e8b465ee728b) (PreviewImporter) -> (artifact id: '00000000000000000000000000000000') in 0.0022371 seconds
Import Error Code:(4)
Message: Build asset version error: assets/scripts/levelmanager.cs in SourceAssetDB has modification time of '2026-09-17T12:37:51.7670397Z' while content on disk has modification time of '2026-09-17T12:37:58.661Z'
  ERROR: Build asset version error: assets/scripts/levelmanager.cs in SourceAssetDB has modification time of '2026-09-17T12:37:51.7670397Z' while content on disk has modification time of '2026-09-17T12:37:58.661Z'
Number of updated asset objects reloaded before import = 0Number of asset objects unloaded after import = 0

========================================================================
Received Import Request.
  Time since last request: 0.000036 seconds.
  path: Assets/Scripts/LevelManager.cs
  artifactKey: Guid(1f9c91710e106d84186998d23ae1cf5f) Importer(815301076,1909f56bfc062723c751e8b465ee728b)
Start importing Assets/Scripts/LevelManager.cs using Guid(1f9c91710e106d84186998d23ae1cf5f) Importer(815301076,1909f56bfc062723c751e8b465ee728b) (PreviewImporter) -> (artifact id: '00000000000000000000000000000000') in 0.0009762 seconds
Import Error Code:(4)
Message: Build asset version error: assets/scripts/levelmanager.cs in SourceAssetDB has modification time of '2026-09-17T12:37:51.7670397Z' while content on disk has modification time of '2026-09-17T12:37:58.661Z'
  ERROR: Build asset version error: assets/scripts/levelmanager.cs in SourceAssetDB has modification time of '2026-09-17T12:37:51.7670397Z' while content on disk has modification time of '2026-09-17T12:37:58.661Z'
Number of updated asset objects reloaded before import = 0Number of asset objects unloaded after import = 0

========================================================================
Received Import Request.
  Time since last request: 0.000022 seconds.
  path: Assets/Scripts/LevelManager.cs
  artifactKey: Guid(1f9c91710e106d84186998d23ae1cf5f) Importer(815301076,1909f56bfc062723c751e8b465ee728b)
Start importing Assets/Scripts/LevelManager.cs using Guid(1f9c91710e106d84186998d23ae1cf5f) Importer(815301076,1909f56bfc062723c751e8b465ee728b) (PreviewImporter) -> (artifact id: '00000000000000000000000000000000') in 0.0010266 seconds
Import Error Code:(4)
Message: Build asset version error: assets/scripts/levelmanager.cs in SourceAssetDB has modification time of '2026-09-17T12:37:51.7670397Z' while content on disk has modification time of '2026-09-17T12:37:58.661Z'
  ERROR: Build asset version error: assets/scripts/levelmanager.cs in SourceAssetDB has modification time of '2026-09-17T12:37:51.7670397Z' while content on disk has modification time of '2026-09-17T12:37:58.661Z'
Number of updated asset objects reloaded before import = 0Number of asset objects unloaded after import = 0

========================================================================
Received Import Request.
  Time since last request: 0.000024 seconds.
  path: Assets/Scripts/LevelManager.cs
  artifactKey: Guid(1f9c91710e106d84186998d23ae1cf5f) Importer(815301076,1909f56bfc062723c751e8b465ee728b)
Start importing Assets/Scripts/LevelManager.cs using Guid(1f9c91710e106d84186998d23ae1cf5f) Importer(815301076,1909f56bfc062723c751e8b465ee728b) (PreviewImporter) -> (artifact id: '00000000000000000000000000000000') in 0.0007284 seconds
Import Error Code:(4)
Message: Build asset version error: assets/scripts/levelmanager.cs in SourceAssetDB has modification time of '2026-09-17T12:37:51.7670397Z' while content on disk has modification time of '2026-09-17T12:37:58.661Z'
  ERROR: Build asset version error: assets/scripts/levelmanager.cs in SourceAssetDB has modification time of '2026-09-17T12:37:51.7670397Z' while content on disk has modification time of '2026-09-17T12:37:58.661Z'
Number of updated asset objects reloaded before import = 0Number of asset objects unloaded after import = 0

========================================================================
Received Import Request.
  Time since last request: 0.000038 seconds.
  path: Assets/Scripts/LevelManager.cs
  artifactKey: Guid(1f9c91710e106d84186998d23ae1cf5f) Importer(815301076,1909f56bfc062723c751e8b465ee728b)
Start importing Assets/Scripts/LevelManager.cs using Guid(1f9c91710e106d84186998d23ae1cf5f) Importer(815301076,1909f56bfc062723c751e8b465ee728b) (PreviewImporter) -> (artifact id: '00000000000000000000000000000000') in 0.0009609 seconds
Import Error Code:(4)
Message: Build asset version error: assets/scripts/levelmanager.cs in SourceAssetDB has modification time of '2026-09-17T12:37:51.7670397Z' while content on disk has modification time of '2026-09-17T12:37:58.661Z'
  ERROR: Build asset version error: assets/scripts/levelmanager.cs in SourceAssetDB has modification time of '2026-09-17T12:37:51.7670397Z' while content on disk has modification time of '2026-09-17T12:37:58.661Z'
Number of updated asset objects reloaded before import = 0Number of asset objects unloaded after import = 0

========================================================================
Received Import Request.
  Time since last request: 0.000024 seconds.
  path: Assets/Scripts/LevelManager.cs
  artifactKey: Guid(1f9c91710e106d84186998d23ae1cf5f) Importer(815301076,1909f56bfc062723c751e8b465ee728b)
Start importing Assets/Scripts/LevelManager.cs using Guid(1f9c91710e106d84186998d23ae1cf5f) Importer(815301076,1909f56bfc062723c751e8b465ee728b) (PreviewImporter) -> (artifact id: '00000000000000000000000000000000') in 0.0007383 seconds
Import Error Code:(4)
Message: Build asset version error: assets/scripts/levelmanager.cs in SourceAssetDB has modification time of '2026-09-17T12:37:51.7670397Z' while content on disk has modification time of '2026-09-17T12:37:58.661Z'
  ERROR: Build asset version error: assets/scripts/levelmanager.cs in SourceAssetDB has modification time of '2026-09-17T12:37:51.7670397Z' while content on disk has modification time of '2026-09-17T12:37:58.661Z'
Number of updated asset objects reloaded before import = 0Number of asset objects unloaded after import = 0

========================================================================
Received Import Request.
  Time since last request: 0.000024 seconds.
  path: Assets/Scripts/LevelManager.cs
  artifactKey: Guid(1f9c91710e106d84186998d23ae1cf5f) Importer(815301076,1909f56bfc062723c751e8b465ee728b)
Start importing Assets/Scripts/LevelManager.cs using Guid(1f9c91710e106d84186998d23ae1cf5f) Importer(815301076,1909f56bfc062723c751e8b465ee728b) (PreviewImporter) -> (artifact id: '00000000000000000000000000000000') in 0.0006949 seconds
Import Error Code:(4)
Message: Build asset version error: assets/scripts/levelmanager.cs in SourceAssetDB has modification time of '2026-09-17T12:37:51.7670397Z' while content on disk has modification time of '2026-09-17T12:37:58.661Z'
  ERROR: Build asset version error: assets/scripts/levelmanager.cs in SourceAssetDB has modification time of '2026-09-17T12:37:51.7670397Z' while content on disk has modification time of '2026-09-17T12:37:58.661Z'
Number of updated asset objects reloaded before import = 0Number of asset objects unloaded after import = 0

========================================================================
Received Import Request.
  Time since last request: 0.000023 seconds.
  path: Assets/Scripts/LevelManager.cs
  artifactKey: Guid(1f9c91710e106d84186998d23ae1cf5f) Importer(815301076,1909f56bfc062723c751e8b465ee728b)
Start importing Assets/Scripts/LevelManager.cs using Guid(1f9c91710e106d84186998d23ae1cf5f) Importer(815301076,1909f56bfc062723c751e8b465ee728b) (PreviewImporter) -> (artifact id: '00000000000000000000000000000000') in 0.0008784 seconds
Import Error Code:(4)
Message: Build asset version error: assets/scripts/levelmanager.cs in SourceAssetDB has modification time of '2026-09-17T12:37:51.7670397Z' while content on disk has modification time of '2026-09-17T12:37:58.661Z'
  ERROR: Build asset version error: assets/scripts/levelmanager.cs in SourceAssetDB has modification time of '2026-09-17T12:37:51.7670397Z' while content on disk has modification time of '2026-09-17T12:37:58.661Z'
Number of updated asset objects reloaded before import = 0Number of asset objects unloaded after import = 0

========================================================================
Received Import Request.
  Time since last request: 0.000024 seconds.
  path: Assets/Scripts/LevelManager.cs
  artifactKey: Guid(1f9c91710e106d84186998d23ae1cf5f) Importer(815301076,1909f56bfc062723c751e8b465ee728b)
Start importing Assets/Scripts/LevelManager.cs using Guid(1f9c91710e106d84186998d23ae1cf5f) Importer(815301076,1909f56bfc062723c751e8b465ee728b) (PreviewImporter) -> (artifact id: '00000000000000000000000000000000') in 0.0006461 seconds
Import Error Code:(4)
Message: Build asset version error: assets/scripts/levelmanager.cs in SourceAssetDB has modification time of '2026-09-17T12:37:51.7670397Z' while content on disk has modification time of '2026-09-17T12:37:58.661Z'
  ERROR: Build asset version error: assets/scripts/levelmanager.cs in SourceAssetDB has modification time of '2026-09-17T12:37:51.7670397Z' while content on disk has modification time of '2026-09-17T12:37:58.661Z'
Number of updated asset objects reloaded before import = 0Number of asset objects unloaded after import = 0

========================================================================
Received Import Request.
  Time since last request: 0.000033 seconds.
  path: Assets/Scripts/LevelManager.cs
  artifactKey: Guid(1f9c91710e106d84186998d23ae1cf5f) Importer(815301076,1909f56bfc062723c751e8b465ee728b)
Start importing Assets/Scripts/LevelManager.cs using Guid(1f9c91710e106d84186998d23ae1cf5f) Importer(815301076,1909f56bfc062723c751e8b465ee728b) (PreviewImporter) -> (artifact id: '00000000000000000000000000000000') in 0.0007675 seconds
Import Error Code:(4)
Message: Build asset version error: assets/scripts/levelmanager.cs in SourceAssetDB has modification time of '2026-09-17T12:37:51.7670397Z' while content on disk has modification time of '2026-09-17T12:37:58.661Z'
  ERROR: Build asset version error: assets/scripts/levelmanager.cs in SourceAssetDB has modification time of '2026-09-17T12:37:51.7670397Z' while content on disk has modification time of '2026-09-17T12:37:58.661Z'
Number of updated asset objects reloaded before import = 0Number of asset objects unloaded after import = 0

========================================================================
Received Import Request.
  Time since last request: 0.000025 seconds.
  path: Assets/Scripts/LevelManager.cs
  artifactKey: Guid(1f9c91710e106d84186998d23ae1cf5f) Importer(815301076,1909f56bfc062723c751e8b465ee728b)
Start importing Assets/Scripts/LevelManager.cs using Guid(1f9c91710e106d84186998d23ae1cf5f) Importer(815301076,1909f56bfc062723c751e8b465ee728b) (PreviewImporter) -> (artifact id: '00000000000000000000000000000000') in 0.0007518 seconds
Import Error Code:(4)
Message: Build asset version error: assets/scripts/levelmanager.cs in SourceAssetDB has modification time of '2026-09-17T12:37:51.7670397Z' while content on disk has modification time of '2026-09-17T12:37:58.661Z'
  ERROR: Build asset version error: assets/scripts/levelmanager.cs in SourceAssetDB has modification time of '2026-09-17T12:37:51.7670397Z' while content on disk has modification time of '2026-09-17T12:37:58.661Z'
Number of updated asset objects reloaded before import = 0Number of asset objects unloaded after import = 0

========================================================================
Received Import Request.
  Time since last request: 0.000020 seconds.
  path: Assets/Scripts/LevelManager.cs
  artifactKey: Guid(1f9c91710e106d84186998d23ae1cf5f) Importer(815301076,1909f56bfc062723c751e8b465ee728b)
Start importing Assets/Scripts/LevelManager.cs using Guid(1f9c91710e106d84186998d23ae1cf5f) Importer(815301076,1909f56bfc062723c751e8b465ee728b) (PreviewImporter) -> (artifact id: '00000000000000000000000000000000') in 0.0006791 seconds
Import Error Code:(4)
Message: Build asset version error: assets/scripts/levelmanager.cs in SourceAssetDB has modification time of '2026-09-17T12:37:51.7670397Z' while content on disk has modification time of '2026-09-17T12:37:58.661Z'
  ERROR: Build asset version error: assets/scripts/levelmanager.cs in SourceAssetDB has modification time of '2026-09-17T12:37:51.7670397Z' while content on disk has modification time of '2026-09-17T12:37:58.661Z'
Number of updated asset objects reloaded before import = 0Number of asset objects unloaded after import = 0

========================================================================
Received Import Request.
  Time since last request: 0.000027 seconds.
  path: Assets/Scripts/LevelManager.cs
  artifactKey: Guid(1f9c91710e106d84186998d23ae1cf5f) Importer(815301076,1909f56bfc062723c751e8b465ee728b)
Start importing Assets/Scripts/LevelManager.cs using Guid(1f9c91710e106d84186998d23ae1cf5f) Importer(815301076,1909f56bfc062723c751e8b465ee728b) (PreviewImporter) -> (artifact id: '00000000000000000000000000000000') in 0.0009372 seconds
Import Error Code:(4)
Message: Build asset version error: assets/scripts/levelmanager.cs in SourceAssetDB has modification time of '2026-09-17T12:37:51.7670397Z' while content on disk has modification time of '2026-09-17T12:37:58.661Z'
  ERROR: Build asset version error: assets/scripts/levelmanager.cs in SourceAssetDB has modification time of '2026-09-17T12:37:51.7670397Z' while content on disk has modification time of '2026-09-17T12:37:58.661Z'
Number of updated asset objects reloaded before import = 0Number of asset objects unloaded after import = 0

========================================================================
Received Import Request.
  Time since last request: 0.000025 seconds.
  path: Assets/Scripts/LevelManager.cs
  artifactKey: Guid(1f9c91710e106d84186998d23ae1cf5f) Importer(815301076,1909f56bfc062723c751e8b465ee728b)
Start importing Assets/Scripts/LevelManager.cs using Guid(1f9c91710e106d84186998d23ae1cf5f) Importer(815301076,1909f56bfc062723c751e8b465ee728b) (PreviewImporter) -> (artifact id: '00000000000000000000000000000000') in 0.000777 seconds
Import Error Code:(4)
Message: Build asset version error: assets/scripts/levelmanager.cs in SourceAssetDB has modification time of '2026-09-17T12:37:51.7670397Z' while content on disk has modification time of '2026-09-17T12:37:58.661Z'
  ERROR: Build asset version error: assets/scripts/levelmanager.cs in SourceAssetDB has modification time of '2026-09-17T12:37:51.7670397Z' while content on disk has modification time of '2026-09-17T12:37:58.661Z'
Number of updated asset objects reloaded before import = 0Number of asset objects unloaded after import = 0

========================================================================
Received Import Request.
  Time since last request: 0.000033 seconds.
  path: Assets/Scripts/LevelManager.cs
  artifactKey: Guid(1f9c91710e106d84186998d23ae1cf5f) Importer(815301076,1909f56bfc062723c751e8b465ee728b)
Start importing Assets/Scripts/LevelManager.cs using Guid(1f9c91710e106d84186998d23ae1cf5f) Importer(815301076,1909f56bfc062723c751e8b465ee728b) (PreviewImporter) -> (artifact id: '00000000000000000000000000000000') in 0.000686 seconds
Import Error Code:(4)
Message: Build asset version error: assets/scripts/levelmanager.cs in SourceAssetDB has modification time of '2026-09-17T12:37:51.7670397Z' while content on disk has modification time of '2026-09-17T12:37:58.661Z'
  ERROR: Build asset version error: assets/scripts/levelmanager.cs in SourceAssetDB has modification time of '2026-09-17T12:37:51.7670397Z' while content on disk has modification time of '2026-09-17T12:37:58.661Z'
Number of updated asset objects reloaded before import = 0Number of asset objects unloaded after import = 0

========================================================================
Received Import Request.
  Time since last request: 0.000023 seconds.
  path: Assets/Scripts/LevelManager.cs
  artifactKey: Guid(1f9c91710e106d84186998d23ae1cf5f) Importer(815301076,1909f56bfc062723c751e8b465ee728b)
Start importing Assets/Scripts/LevelManager.cs using Guid(1f9c91710e106d84186998d23ae1cf5f) Importer(815301076,1909f56bfc062723c751e8b465ee728b) (PreviewImporter) -> (artifact id: '00000000000000000000000000000000') in 0.0011576 seconds
Import Error Code:(4)
Message: Build asset version error: assets/scripts/levelmanager.cs in SourceAssetDB has modification time of '2026-09-17T12:37:51.7670397Z' while content on disk has modification time of '2026-09-17T12:37:58.661Z'
  ERROR: Build asset version error: assets/scripts/levelmanager.cs in SourceAssetDB has modification time of '2026-09-17T12:37:51.7670397Z' while content on disk has modification time of '2026-09-17T12:37:58.661Z'
Number of updated asset objects reloaded before import = 0Number of asset objects unloaded after import = 0

========================================================================
Received Import Request.
  Time since last request: 0.000022 seconds.
  path: Assets/Scripts/LevelManager.cs
  artifactKey: Guid(1f9c91710e106d84186998d23ae1cf5f) Importer(815301076,1909f56bfc062723c751e8b465ee728b)
Start importing Assets/Scripts/LevelManager.cs using Guid(1f9c91710e106d84186998d23ae1cf5f) Importer(815301076,1909f56bfc062723c751e8b465ee728b) (PreviewImporter) -> (artifact id: '00000000000000000000000000000000') in 0.0007452 seconds
Import Error Code:(4)
Message: Build asset version error: assets/scripts/levelmanager.cs in SourceAssetDB has modification time of '2026-09-17T12:37:51.7670397Z' while content on disk has modification time of '2026-09-17T12:37:58.661Z'
  ERROR: Build asset version error: assets/scripts/levelmanager.cs in SourceAssetDB has modification time of '2026-09-17T12:37:51.7670397Z' while content on disk has modification time of '2026-09-17T12:37:58.661Z'
Number of updated asset objects reloaded before import = 0Number of asset objects unloaded after import = 0

========================================================================
Received Import Request.
  Time since last request: 0.000026 seconds.
  path: Assets/Scripts/LevelManager.cs
  artifactKey: Guid(1f9c91710e106d84186998d23ae1cf5f) Importer(815301076,1909f56bfc062723c751e8b465ee728b)
Start importing Assets/Scripts/LevelManager.cs using Guid(1f9c91710e106d84186998d23ae1cf5f) Importer(815301076,1909f56bfc062723c751e8b465ee728b) (PreviewImporter) -> (artifact id: '00000000000000000000000000000000') in 0.0008161 seconds
Import Error Code:(4)
Message: Build asset version error: assets/scripts/levelmanager.cs in SourceAssetDB has modification time of '2026-09-17T12:37:51.7670397Z' while content on disk has modification time of '2026-09-17T12:37:58.661Z'
  ERROR: Build asset version error: assets/scripts/levelmanager.cs in SourceAssetDB has modification time of '2026-09-17T12:37:51.7670397Z' while content on disk has modification time of '2026-09-17T12:37:58.661Z'
Number of updated asset objects reloaded before import = 0Number of asset objects unloaded after import = 0

========================================================================
Received Import Request.
  Time since last request: 0.000039 seconds.
  path: Assets/Scripts/LevelManager.cs
  artifactKey: Guid(1f9c91710e106d84186998d23ae1cf5f) Importer(815301076,1909f56bfc062723c751e8b465ee728b)
Start importing Assets/Scripts/LevelManager.cs using Guid(1f9c91710e106d84186998d23ae1cf5f) Importer(815301076,1909f56bfc062723c751e8b465ee728b) (PreviewImporter) -> (artifact id: '00000000000000000000000000000000') in 0.0006196 seconds
Import Error Code:(4)
Message: Build asset version error: assets/scripts/levelmanager.cs in SourceAssetDB has modification time of '2026-09-17T12:37:51.7670397Z' while content on disk has modification time of '2026-09-17T12:37:58.661Z'
  ERROR: Build asset version error: assets/scripts/levelmanager.cs in SourceAssetDB has modification time of '2026-09-17T12:37:51.7670397Z' while content on disk has modification time of '2026-09-17T12:37:58.661Z'
Number of updated asset objects reloaded before import = 0Number of asset objects unloaded after import = 0

========================================================================
Received Import Request.
  Time since last request: 0.000031 seconds.
  path: Assets/Scripts/LevelManager.cs
  artifactKey: Guid(1f9c91710e106d84186998d23ae1cf5f) Importer(815301076,1909f56bfc062723c751e8b465ee728b)
Start importing Assets/Scripts/LevelManager.cs using Guid(1f9c91710e106d84186998d23ae1cf5f) Importer(815301076,1909f56bfc062723c751e8b465ee728b) (PreviewImporter) -> (artifact id: '00000000000000000000000000000000') in 0.0006862 seconds
Import Error Code:(4)
Message: Build asset version error: assets/scripts/levelmanager.cs in SourceAssetDB has modification time of '2026-09-17T12:37:51.7670397Z' while content on disk has modification time of '2026-09-17T12:37:58.661Z'
  ERROR: Build asset version error: assets/scripts/levelmanager.cs in SourceAssetDB has modification time of '2026-09-17T12:37:51.7670397Z' while content on disk has modification time of '2026-09-17T12:37:58.661Z'
Number of updated asset objects reloaded before import = 0Number of asset objects unloaded after import = 0

========================================================================
Received Import Request.
  Time since last request: 0.000025 seconds.
  path: Assets/Scripts/LevelManager.cs
  artifactKey: Guid(1f9c91710e106d84186998d23ae1cf5f) Importer(815301076,1909f56bfc062723c751e8b465ee728b)
Start importing Assets/Scripts/LevelManager.cs using Guid(1f9c91710e106d84186998d23ae1cf5f) Importer(815301076,1909f56bfc062723c751e8b465ee728b) (PreviewImporter) -> (artifact id: '00000000000000000000000000000000') in 0.0008457 seconds
Import Error Code:(4)
Message: Build asset version error: assets/scripts/levelmanager.cs in SourceAssetDB has modification time of '2026-09-17T12:37:51.7670397Z' while content on disk has modification time of '2026-09-17T12:37:58.661Z'
  ERROR: Build asset version error: assets/scripts/levelmanager.cs in SourceAssetDB has modification time of '2026-09-17T12:37:51.7670397Z' while content on disk has modification time of '2026-09-17T12:37:58.661Z'
Number of updated asset objects reloaded before import = 0Number of asset objects unloaded after import = 0

========================================================================
Received Import Request.
  Time since last request: 0.000064 seconds.
  path: Assets/Scripts/LevelManager.cs
  artifactKey: Guid(1f9c91710e106d84186998d23ae1cf5f) Importer(815301076,1909f56bfc062723c751e8b465ee728b)
Start importing Assets/Scripts/LevelManager.cs using Guid(1f9c91710e106d84186998d23ae1cf5f) Importer(815301076,1909f56bfc062723c751e8b465ee728b) (PreviewImporter) -> (artifact id: '00000000000000000000000000000000') in 0.0010006 seconds
Import Error Code:(4)
Message: Build asset version error: assets/scripts/levelmanager.cs in SourceAssetDB has modification time of '2026-09-17T12:37:51.7670397Z' while content on disk has modification time of '2026-09-17T12:37:58.661Z'
  ERROR: Build asset version error: assets/scripts/levelmanager.cs in SourceAssetDB has modification time of '2026-09-17T12:37:51.7670397Z' while content on disk has modification time of '2026-09-17T12:37:58.661Z'
Number of updated asset objects reloaded before import = 0Number of asset objects unloaded after import = 0

========================================================================
Received Import Request.
  Time since last request: 0.000021 seconds.
  path: Assets/Scripts/LevelManager.cs
  artifactKey: Guid(1f9c91710e106d84186998d23ae1cf5f) Importer(815301076,1909f56bfc062723c751e8b465ee728b)
Start importing Assets/Scripts/LevelManager.cs using Guid(1f9c91710e106d84186998d23ae1cf5f) Importer(815301076,1909f56bfc062723c751e8b465ee728b) (PreviewImporter) -> (artifact id: '00000000000000000000000000000000') in 0.0008065 seconds
Import Error Code:(4)
Message: Build asset version error: assets/scripts/levelmanager.cs in SourceAssetDB has modification time of '2026-09-17T12:37:51.7670397Z' while content on disk has modification time of '2026-09-17T12:37:58.661Z'
  ERROR: Build asset version error: assets/scripts/levelmanager.cs in SourceAssetDB has modification time of '2026-09-17T12:37:51.7670397Z' while content on disk has modification time of '2026-09-17T12:37:58.661Z'
Number of updated asset objects reloaded before import = 0Number of asset objects unloaded after import = 0

========================================================================
Received Import Request.
  Time since last request: 0.000024 seconds.
  path: Assets/Scripts/LevelManager.cs
  artifactKey: Guid(1f9c91710e106d84186998d23ae1cf5f) Importer(815301076,1909f56bfc062723c751e8b465ee728b)
Start importing Assets/Scripts/LevelManager.cs using Guid(1f9c91710e106d84186998d23ae1cf5f) Importer(815301076,1909f56bfc062723c751e8b465ee728b) (PreviewImporter) -> (artifact id: '00000000000000000000000000000000') in 0.0007305 seconds
Import Error Code:(4)
Message: Build asset version error: assets/scripts/levelmanager.cs in SourceAssetDB has modification time of '2026-09-17T12:37:51.7670397Z' while content on disk has modification time of '2026-09-17T12:37:58.661Z'
  ERROR: Build asset version error: assets/scripts/levelmanager.cs in SourceAssetDB has modification time of '2026-09-17T12:37:51.7670397Z' while content on disk has modification time of '2026-09-17T12:37:58.661Z'
Number of updated asset objects reloaded before import = 0Number of asset objects unloaded after import = 0

========================================================================
Received Import Request.
  Time since last request: 0.000030 seconds.
  path: Assets/Scripts/LevelManager.cs
  artifactKey: Guid(1f9c91710e106d84186998d23ae1cf5f) Importer(815301076,1909f56bfc062723c751e8b465ee728b)
Start importing Assets/Scripts/LevelManager.cs using Guid(1f9c91710e106d84186998d23ae1cf5f) Importer(815301076,1909f56bfc062723c751e8b465ee728b) (PreviewImporter) -> (artifact id: '00000000000000000000000000000000') in 0.0011843 seconds
Import Error Code:(4)
Message: Build asset version error: assets/scripts/levelmanager.cs in SourceAssetDB has modification time of '2026-09-17T12:37:51.7670397Z' while content on disk has modification time of '2026-09-17T12:37:58.661Z'
  ERROR: Build asset version error: assets/scripts/levelmanager.cs in SourceAssetDB has modification time of '2026-09-17T12:37:51.7670397Z' while content on disk has modification time of '2026-09-17T12:37:58.661Z'
Number of updated asset objects reloaded before import = 0Number of asset objects unloaded after import = 0

========================================================================
Received Import Request.
  Time since last request: 0.000025 seconds.
  path: Assets/Scripts/LevelManager.cs
  artifactKey: Guid(1f9c91710e106d84186998d23ae1cf5f) Importer(815301076,1909f56bfc062723c751e8b465ee728b)
Start importing Assets/Scripts/LevelManager.cs using Guid(1f9c91710e106d84186998d23ae1cf5f) Importer(815301076,1909f56bfc062723c751e8b465ee728b) (PreviewImporter) -> (artifact id: '00000000000000000000000000000000') in 0.0008321 seconds
Import Error Code:(4)
Message: Build asset version error: assets/scripts/levelmanager.cs in SourceAssetDB has modification time of '2026-09-17T12:37:51.7670397Z' while content on disk has modification time of '2026-09-17T12:37:58.661Z'
  ERROR: Build asset version error: assets/scripts/levelmanager.cs in SourceAssetDB has modification time of '2026-09-17T12:37:51.7670397Z' while content on disk has modification time of '2026-09-17T12:37:58.661Z'
Number of updated asset objects reloaded before import = 0Number of asset objects unloaded after import = 0

========================================================================
Received Import Request.
  Time since last request: 0.000020 seconds.
  path: Assets/Scripts/LevelManager.cs
  artifactKey: Guid(1f9c91710e106d84186998d23ae1cf5f) Importer(815301076,1909f56bfc062723c751e8b465ee728b)
Start importing Assets/Scripts/LevelManager.cs using Guid(1f9c91710e106d84186998d23ae1cf5f) Importer(815301076,1909f56bfc062723c751e8b465ee728b) (PreviewImporter) -> (artifact id: '00000000000000000000000000000000') in 0.0011238 seconds
Import Error Code:(4)
Message: Build asset version error: assets/scripts/levelmanager.cs in SourceAssetDB has modification time of '2026-09-17T12:37:51.7670397Z' while content on disk has modification time of '2026-09-17T12:37:58.661Z'
  ERROR: Build asset version error: assets/scripts/levelmanager.cs in SourceAssetDB has modification time of '2026-09-17T12:37:51.7670397Z' while content on disk has modification time of '2026-09-17T12:37:58.661Z'
Number of updated asset objects reloaded before import = 0Number of asset objects unloaded after import = 0

========================================================================
Received Import Request.
  Time since last request: 0.000036 seconds.
  path: Assets/Scripts/LevelManager.cs
  artifactKey: Guid(1f9c91710e106d84186998d23ae1cf5f) Importer(815301076,1909f56bfc062723c751e8b465ee728b)
Start importing Assets/Scripts/LevelManager.cs using Guid(1f9c91710e106d84186998d23ae1cf5f) Importer(815301076,1909f56bfc062723c751e8b465ee728b) (PreviewImporter) -> (artifact id: '00000000000000000000000000000000') in 0.0008378 seconds
Import Error Code:(4)
Message: Build asset version error: assets/scripts/levelmanager.cs in SourceAssetDB has modification time of '2026-09-17T12:37:51.7670397Z' while content on disk has modification time of '2026-09-17T12:37:58.661Z'
  ERROR: Build asset version error: assets/scripts/levelmanager.cs in SourceAssetDB has modification time of '2026-09-17T12:37:51.7670397Z' while content on disk has modification time of '2026-09-17T12:37:58.661Z'
Number of updated asset objects reloaded before import = 0Number of asset objects unloaded after import = 0

========================================================================
Received Import Request.
  Time since last request: 0.000028 seconds.
  path: Assets/Scripts/LevelManager.cs
  artifactKey: Guid(1f9c91710e106d84186998d23ae1cf5f) Importer(815301076,1909f56bfc062723c751e8b465ee728b)
Start importing Assets/Scripts/LevelManager.cs using Guid(1f9c91710e106d84186998d23ae1cf5f) Importer(815301076,1909f56bfc062723c751e8b465ee728b) (PreviewImporter) -> (artifact id: '00000000000000000000000000000000') in 0.0012682 seconds
Import Error Code:(4)
Message: Build asset version error: assets/scripts/levelmanager.cs in SourceAssetDB has modification time of '2026-09-17T12:37:51.7670397Z' while content on disk has modification time of '2026-09-17T12:37:58.661Z'
  ERROR: Build asset version error: assets/scripts/levelmanager.cs in SourceAssetDB has modification time of '2026-09-17T12:37:51.7670397Z' while content on disk has modification time of '2026-09-17T12:37:58.661Z'
Number of updated asset objects reloaded before import = 0Number of asset objects unloaded after import = 0

========================================================================
Received Import Request.
  Time since last request: 0.000037 seconds.
  path: Assets/Scripts/LevelManager.cs
  artifactKey: Guid(1f9c91710e106d84186998d23ae1cf5f) Importer(815301076,1909f56bfc062723c751e8b465ee728b)
Start importing Assets/Scripts/LevelManager.cs using Guid(1f9c91710e106d84186998d23ae1cf5f) Importer(815301076,1909f56bfc062723c751e8b465ee728b) (PreviewImporter) -> (artifact id: '00000000000000000000000000000000') in 0.0009174 seconds
Import Error Code:(4)
Message: Build asset version error: assets/scripts/levelmanager.cs in SourceAssetDB has modification time of '2026-09-17T12:37:51.7670397Z' while content on disk has modification time of '2026-09-17T12:37:58.661Z'
  ERROR: Build asset version error: assets/scripts/levelmanager.cs in SourceAssetDB has modification time of '2026-09-17T12:37:51.7670397Z' while content on disk has modification time of '2026-09-17T12:37:58.661Z'
Number of updated asset objects reloaded before import = 0Number of asset objects unloaded after import = 0

========================================================================
Received Import Request.
  Time since last request: 0.000022 seconds.
  path: Assets/Scripts/LevelManager.cs
  artifactKey: Guid(1f9c91710e106d84186998d23ae1cf5f) Importer(815301076,1909f56bfc062723c751e8b465ee728b)
Start importing Assets/Scripts/LevelManager.cs using Guid(1f9c91710e106d84186998d23ae1cf5f) Importer(815301076,1909f56bfc062723c751e8b465ee728b) (PreviewImporter) -> (artifact id: '00000000000000000000000000000000') in 0.0008283 seconds
Import Error Code:(4)
Message: Build asset version error: assets/scripts/levelmanager.cs in SourceAssetDB has modification time of '2026-09-17T12:37:51.7670397Z' while content on disk has modification time of '2026-09-17T12:37:58.661Z'
  ERROR: Build asset version error: assets/scripts/levelmanager.cs in SourceAssetDB has modification time of '2026-09-17T12:37:51.7670397Z' while content on disk has modification time of '2026-09-17T12:37:58.661Z'
Number of updated asset objects reloaded before import = 0Number of asset objects unloaded after import = 0

========================================================================
Received Import Request.
  Time since last request: 0.000025 seconds.
  path: Assets/Scripts/LevelManager.cs
  artifactKey: Guid(1f9c91710e106d84186998d23ae1cf5f) Importer(815301076,1909f56bfc062723c751e8b465ee728b)
Start importing Assets/Scripts/LevelManager.cs using Guid(1f9c91710e106d84186998d23ae1cf5f) Importer(815301076,1909f56bfc062723c751e8b465ee728b) (PreviewImporter) -> (artifact id: '00000000000000000000000000000000') in 0.0007355 seconds
Import Error Code:(4)
Message: Build asset version error: assets/scripts/levelmanager.cs in SourceAssetDB has modification time of '2026-09-17T12:37:51.7670397Z' while content on disk has modification time of '2026-09-17T12:37:58.661Z'
  ERROR: Build asset version error: assets/scripts/levelmanager.cs in SourceAssetDB has modification time of '2026-09-17T12:37:51.7670397Z' while content on disk has modification time of '2026-09-17T12:37:58.661Z'
Number of updated asset objects reloaded before import = 0Number of asset objects unloaded after import = 0

========================================================================
Received Import Request.
  Time since last request: 0.000025 seconds.
  path: Assets/Scripts/LevelManager.cs
  artifactKey: Guid(1f9c91710e106d84186998d23ae1cf5f) Importer(815301076,1909f56bfc062723c751e8b465ee728b)
Start importing Assets/Scripts/LevelManager.cs using Guid(1f9c91710e106d84186998d23ae1cf5f) Importer(815301076,1909f56bfc062723c751e8b465ee728b) (PreviewImporter) -> (artifact id: '00000000000000000000000000000000') in 0.0007553 seconds
Import Error Code:(4)
Message: Build asset version error: assets/scripts/levelmanager.cs in SourceAssetDB has modification time of '2026-09-17T12:37:51.7670397Z' while content on disk has modification time of '2026-09-17T12:37:58.661Z'
  ERROR: Build asset version error: assets/scripts/levelmanager.cs in SourceAssetDB has modification time of '2026-09-17T12:37:51.7670397Z' while content on disk has modification time of '2026-09-17T12:37:58.661Z'
Number of updated asset objects reloaded before import = 0Number of asset objects unloaded after import = 0

========================================================================
Received Import Request.
  Time since last request: 0.000025 seconds.
  path: Assets/Scripts/LevelManager.cs
  artifactKey: Guid(1f9c91710e106d84186998d23ae1cf5f) Importer(815301076,1909f56bfc062723c751e8b465ee728b)
Start importing Assets/Scripts/LevelManager.cs using Guid(1f9c91710e106d84186998d23ae1cf5f) Importer(815301076,1909f56bfc062723c751e8b465ee728b) (PreviewImporter) -> (artifact id: '00000000000000000000000000000000') in 0.0007202 seconds
Import Error Code:(4)
Message: Build asset version error: assets/scripts/levelmanager.cs in SourceAssetDB has modification time of '2026-09-17T12:37:51.7670397Z' while content on disk has modification time of '2026-09-17T12:37:58.661Z'
  ERROR: Build asset version error: assets/scripts/levelmanager.cs in SourceAssetDB has modification time of '2026-09-17T12:37:51.7670397Z' while content on disk has modification time of '2026-09-17T12:37:58.661Z'
Number of updated asset objects reloaded before import = 0Number of asset objects unloaded after import = 0

========================================================================
Received Import Request.
  Time since last request: 0.000032 seconds.
  path: Assets/Scripts/LevelManager.cs
  artifactKey: Guid(1f9c91710e106d84186998d23ae1cf5f) Importer(815301076,1909f56bfc062723c751e8b465ee728b)
Start importing Assets/Scripts/LevelManager.cs using Guid(1f9c91710e106d84186998d23ae1cf5f) Importer(815301076,1909f56bfc062723c751e8b465ee728b) (PreviewImporter) -> (artifact id: '00000000000000000000000000000000') in 0.0011313 seconds
Import Error Code:(4)
Message: Build asset version error: assets/scripts/levelmanager.cs in SourceAssetDB has modification time of '2026-09-17T12:37:51.7670397Z' while content on disk has modification time of '2026-09-17T12:37:58.661Z'
  ERROR: Build asset version error: assets/scripts/levelmanager.cs in SourceAssetDB has modification time of '2026-09-17T12:37:51.7670397Z' while content on disk has modification time of '2026-09-17T12:37:58.661Z'
Number of updated asset objects reloaded before import = 0Number of asset objects unloaded after import = 0

========================================================================
Received Import Request.
  Time since last request: 0.000028 seconds.
  path: Assets/Scripts/LevelManager.cs
  artifactKey: Guid(1f9c91710e106d84186998d23ae1cf5f) Importer(815301076,1909f56bfc062723c751e8b465ee728b)
Start importing Assets/Scripts/LevelManager.cs using Guid(1f9c91710e106d84186998d23ae1cf5f) Importer(815301076,1909f56bfc062723c751e8b465ee728b) (PreviewImporter) -> (artifact id: '00000000000000000000000000000000') in 0.0008998 seconds
Import Error Code:(4)
Message: Build asset version error: assets/scripts/levelmanager.cs in SourceAssetDB has modification time of '2026-09-17T12:37:51.7670397Z' while content on disk has modification time of '2026-09-17T12:37:58.661Z'
  ERROR: Build asset version error: assets/scripts/levelmanager.cs in SourceAssetDB has modification time of '2026-09-17T12:37:51.7670397Z' while content on disk has modification time of '2026-09-17T12:37:58.661Z'
Number of updated asset objects reloaded before import = 0Number of asset objects unloaded after import = 0

========================================================================
Received Import Request.
  Time since last request: 0.000024 seconds.
  path: Assets/Scripts/LevelManager.cs
  artifactKey: Guid(1f9c91710e106d84186998d23ae1cf5f) Importer(815301076,1909f56bfc062723c751e8b465ee728b)
Start importing Assets/Scripts/LevelManager.cs using Guid(1f9c91710e106d84186998d23ae1cf5f) Importer(815301076,1909f56bfc062723c751e8b465ee728b) (PreviewImporter) -> (artifact id: '00000000000000000000000000000000') in 0.0007996 seconds
Import Error Code:(4)
Message: Build asset version error: assets/scripts/levelmanager.cs in SourceAssetDB has modification time of '2026-09-17T12:37:51.7670397Z' while content on disk has modification time of '2026-09-17T12:37:58.661Z'
  ERROR: Build asset version error: assets/scripts/levelmanager.cs in SourceAssetDB has modification time of '2026-09-17T12:37:51.7670397Z' while content on disk has modification time of '2026-09-17T12:37:58.661Z'
Number of updated asset objects reloaded before import = 0Number of asset objects unloaded after import = 0

========================================================================
Received Import Request.
  Time since last request: 0.000021 seconds.
  path: Assets/Scripts/LevelManager.cs
  artifactKey: Guid(1f9c91710e106d84186998d23ae1cf5f) Importer(815301076,1909f56bfc062723c751e8b465ee728b)
Start importing Assets/Scripts/LevelManager.cs using Guid(1f9c91710e106d84186998d23ae1cf5f) Importer(815301076,1909f56bfc062723c751e8b465ee728b) (PreviewImporter) -> (artifact id: '00000000000000000000000000000000') in 0.0012567 seconds
Import Error Code:(4)
Message: Build asset version error: assets/scripts/levelmanager.cs in SourceAssetDB has modification time of '2026-09-17T12:37:51.7670397Z' while content on disk has modification time of '2026-09-17T12:37:58.661Z'
  ERROR: Build asset version error: assets/scripts/levelmanager.cs in SourceAssetDB has modification time of '2026-09-17T12:37:51.7670397Z' while content on disk has modification time of '2026-09-17T12:37:58.661Z'
Number of updated asset objects reloaded before import = 0Number of asset objects unloaded after import = 0

========================================================================
Received Import Request.
  Time since last request: 0.000026 seconds.
  path: Assets/Scripts/LevelManager.cs
  artifactKey: Guid(1f9c91710e106d84186998d23ae1cf5f) Importer(815301076,1909f56bfc062723c751e8b465ee728b)
Start importing Assets/Scripts/LevelManager.cs using Guid(1f9c91710e106d84186998d23ae1cf5f) Importer(815301076,1909f56bfc062723c751e8b465ee728b) (PreviewImporter) -> (artifact id: '00000000000000000000000000000000') in 0.0007415 seconds
Import Error Code:(4)
Message: Build asset version error: assets/scripts/levelmanager.cs in SourceAssetDB has modification time of '2026-09-17T12:37:51.7670397Z' while content on disk has modification time of '2026-09-17T12:37:58.661Z'
  ERROR: Build asset version error: assets/scripts/levelmanager.cs in SourceAssetDB has modification time of '2026-09-17T12:37:51.7670397Z' while content on disk has modification time of '2026-09-17T12:37:58.661Z'
Number of updated asset objects reloaded before import = 0Number of asset objects unloaded after import = 0

========================================================================
Received Import Request.
  Time since last request: 0.000031 seconds.
  path: Assets/Scripts/LevelManager.cs
  artifactKey: Guid(1f9c91710e106d84186998d23ae1cf5f) Importer(815301076,1909f56bfc062723c751e8b465ee728b)
Start importing Assets/Scripts/LevelManager.cs using Guid(1f9c91710e106d84186998d23ae1cf5f) Importer(815301076,1909f56bfc062723c751e8b465ee728b) (PreviewImporter) -> (artifact id: '00000000000000000000000000000000') in 0.0010769 seconds
Import Error Code:(4)
Message: Build asset version error: assets/scripts/levelmanager.cs in SourceAssetDB has modification time of '2026-09-17T12:37:51.7670397Z' while content on disk has modification time of '2026-09-17T12:37:58.661Z'
  ERROR: Build asset version error: assets/scripts/levelmanager.cs in SourceAssetDB has modification time of '2026-09-17T12:37:51.7670397Z' while content on disk has modification time of '2026-09-17T12:37:58.661Z'
Number of updated asset objects reloaded before import = 0Number of asset objects unloaded after import = 0

========================================================================
Received Import Request.
  Time since last request: 0.000022 seconds.
  path: Assets/Scripts/LevelManager.cs
  artifactKey: Guid(1f9c91710e106d84186998d23ae1cf5f) Importer(815301076,1909f56bfc062723c751e8b465ee728b)
Start importing Assets/Scripts/LevelManager.cs using Guid(1f9c91710e106d84186998d23ae1cf5f) Importer(815301076,1909f56bfc062723c751e8b465ee728b) (PreviewImporter) -> (artifact id: '00000000000000000000000000000000') in 0.0008535 seconds
Import Error Code:(4)
Message: Build asset version error: assets/scripts/levelmanager.cs in SourceAssetDB has modification time of '2026-09-17T12:37:51.7670397Z' while content on disk has modification time of '2026-09-17T12:37:58.661Z'
  ERROR: Build asset version error: assets/scripts/levelmanager.cs in SourceAssetDB has modification time of '2026-09-17T12:37:51.7670397Z' while content on disk has modification time of '2026-09-17T12:37:58.661Z'
Number of updated asset objects reloaded before import = 0Number of asset objects unloaded after import = 0

========================================================================
Received Import Request.
  Time since last request: 0.000054 seconds.
  path: Assets/Scripts/LevelManager.cs
  artifactKey: Guid(1f9c91710e106d84186998d23ae1cf5f) Importer(815301076,1909f56bfc062723c751e8b465ee728b)
Start importing Assets/Scripts/LevelManager.cs using Guid(1f9c91710e106d84186998d23ae1cf5f) Importer(815301076,1909f56bfc062723c751e8b465ee728b) (PreviewImporter) -> (artifact id: '00000000000000000000000000000000') in 0.0009233 seconds
Import Error Code:(4)
Message: Build asset version error: assets/scripts/levelmanager.cs in SourceAssetDB has modification time of '2026-09-17T12:37:51.7670397Z' while content on disk has modification time of '2026-09-17T12:37:58.661Z'
  ERROR: Build asset version error: assets/scripts/levelmanager.cs in SourceAssetDB has modification time of '2026-09-17T12:37:51.7670397Z' while content on disk has modification time of '2026-09-17T12:37:58.661Z'
Number of updated asset objects reloaded before import = 0Number of asset objects unloaded after import = 0

========================================================================
Received Import Request.
  Time since last request: 0.000024 seconds.
  path: Assets/Scripts/LevelManager.cs
  artifactKey: Guid(1f9c91710e106d84186998d23ae1cf5f) Importer(815301076,1909f56bfc062723c751e8b465ee728b)
Start importing Assets/Scripts/LevelManager.cs using Guid(1f9c91710e106d84186998d23ae1cf5f) Importer(815301076,1909f56bfc062723c751e8b465ee728b) (PreviewImporter) -> (artifact id: '00000000000000000000000000000000') in 0.0007719 seconds
Import Error Code:(4)
Message: Build asset version error: assets/scripts/levelmanager.cs in SourceAssetDB has modification time of '2026-09-17T12:37:51.7670397Z' while content on disk has modification time of '2026-09-17T12:37:58.661Z'
  ERROR: Build asset version error: assets/scripts/levelmanager.cs in SourceAssetDB has modification time of '2026-09-17T12:37:51.7670397Z' while content on disk has modification time of '2026-09-17T12:37:58.661Z'
Number of updated asset objects reloaded before import = 0Number of asset objects unloaded after import = 0

========================================================================
Received Import Request.
  Time since last request: 0.000025 seconds.
  path: Assets/Scripts/LevelManager.cs
  artifactKey: Guid(1f9c91710e106d84186998d23ae1cf5f) Importer(815301076,1909f56bfc062723c751e8b465ee728b)
Start importing Assets/Scripts/LevelManager.cs using Guid(1f9c91710e106d84186998d23ae1cf5f) Importer(815301076,1909f56bfc062723c751e8b465ee728b) (PreviewImporter) -> (artifact id: '00000000000000000000000000000000') in 0.0006778 seconds
Import Error Code:(4)
Message: Build asset version error: assets/scripts/levelmanager.cs in SourceAssetDB has modification time of '2026-09-17T12:37:51.7670397Z' while content on disk has modification time of '2026-09-17T12:37:58.661Z'
  ERROR: Build asset version error: assets/scripts/levelmanager.cs in SourceAssetDB has modification time of '2026-09-17T12:37:51.7670397Z' while content on disk has modification time of '2026-09-17T12:37:58.661Z'
Number of updated asset objects reloaded before import = 0Number of asset objects unloaded after import = 0

========================================================================
Received Import Request.
  Time since last request: 0.000038 seconds.
  path: Assets/Scripts/LevelManager.cs
  artifactKey: Guid(1f9c91710e106d84186998d23ae1cf5f) Importer(815301076,1909f56bfc062723c751e8b465ee728b)
Start importing Assets/Scripts/LevelManager.cs using Guid(1f9c91710e106d84186998d23ae1cf5f) Importer(815301076,1909f56bfc062723c751e8b465ee728b) (PreviewImporter) -> (artifact id: '00000000000000000000000000000000') in 0.0008006 seconds
Import Error Code:(4)
Message: Build asset version error: assets/scripts/levelmanager.cs in SourceAssetDB has modification time of '2026-09-17T12:37:51.7670397Z' while content on disk has modification time of '2026-09-17T12:37:58.661Z'
  ERROR: Build asset version error: assets/scripts/levelmanager.cs in SourceAssetDB has modification time of '2026-09-17T12:37:51.7670397Z' while content on disk has modification time of '2026-09-17T12:37:58.661Z'
Number of updated asset objects reloaded before import = 0Number of asset objects unloaded after import = 0

========================================================================
Received Import Request.
  Time since last request: 0.000023 seconds.
  path: Assets/Scripts/LevelManager.cs
  artifactKey: Guid(1f9c91710e106d84186998d23ae1cf5f) Importer(815301076,1909f56bfc062723c751e8b465ee728b)
Start importing Assets/Scripts/LevelManager.cs using Guid(1f9c91710e106d84186998d23ae1cf5f) Importer(815301076,1909f56bfc062723c751e8b465ee728b) (PreviewImporter) -> (artifact id: '00000000000000000000000000000000') in 0.000745 seconds
Import Error Code:(4)
Message: Build asset version error: assets/scripts/levelmanager.cs in SourceAssetDB has modification time of '2026-09-17T12:37:51.7670397Z' while content on disk has modification time of '2026-09-17T12:37:58.661Z'
  ERROR: Build asset version error: assets/scripts/levelmanager.cs in SourceAssetDB has modification time of '2026-09-17T12:37:51.7670397Z' while content on disk has modification time of '2026-09-17T12:37:58.661Z'
Number of updated asset objects reloaded before import = 0Number of asset objects unloaded after import = 0

========================================================================
Received Import Request.
  Time since last request: 0.000029 seconds.
  path: Assets/Scripts/LevelManager.cs
  artifactKey: Guid(1f9c91710e106d84186998d23ae1cf5f) Importer(815301076,1909f56bfc062723c751e8b465ee728b)
Start importing Assets/Scripts/LevelManager.cs using Guid(1f9c91710e106d84186998d23ae1cf5f) Importer(815301076,1909f56bfc062723c751e8b465ee728b) (PreviewImporter) -> (artifact id: '00000000000000000000000000000000') in 0.0008052 seconds
Import Error Code:(4)
Message: Build asset version error: assets/scripts/levelmanager.cs in SourceAssetDB has modification time of '2026-09-17T12:37:51.7670397Z' while content on disk has modification time of '2026-09-17T12:37:58.661Z'
  ERROR: Build asset version error: assets/scripts/levelmanager.cs in SourceAssetDB has modification time of '2026-09-17T12:37:51.7670397Z' while content on disk has modification time of '2026-09-17T12:37:58.661Z'
Number of updated asset objects reloaded before import = 0Number of asset objects unloaded after import = 0

========================================================================
Received Import Request.
  Time since last request: 0.000029 seconds.
  path: Assets/Scripts/LevelManager.cs
  artifactKey: Guid(1f9c91710e106d84186998d23ae1cf5f) Importer(815301076,1909f56bfc062723c751e8b465ee728b)
Start importing Assets/Scripts/LevelManager.cs using Guid(1f9c91710e106d84186998d23ae1cf5f) Importer(815301076,1909f56bfc062723c751e8b465ee728b) (PreviewImporter) -> (artifact id: '00000000000000000000000000000000') in 0.001002 seconds
Import Error Code:(4)
Message: Build asset version error: assets/scripts/levelmanager.cs in SourceAssetDB has modification time of '2026-09-17T12:37:51.7670397Z' while content on disk has modification time of '2026-09-17T12:37:58.661Z'
  ERROR: Build asset version error: assets/scripts/levelmanager.cs in SourceAssetDB has modification time of '2026-09-17T12:37:51.7670397Z' while content on disk has modification time of '2026-09-17T12:37:58.661Z'
Number of updated asset objects reloaded before import = 0Number of asset objects unloaded after import = 0

========================================================================
Received Import Request.
  Time since last request: 0.000023 seconds.
  path: Assets/Scripts/LevelManager.cs
  artifactKey: Guid(1f9c91710e106d84186998d23ae1cf5f) Importer(815301076,1909f56bfc062723c751e8b465ee728b)
Start importing Assets/Scripts/LevelManager.cs using Guid(1f9c91710e106d84186998d23ae1cf5f) Importer(815301076,1909f56bfc062723c751e8b465ee728b) (PreviewImporter) -> (artifact id: '00000000000000000000000000000000') in 0.0006111 seconds
Import Error Code:(4)
Message: Build asset version error: assets/scripts/levelmanager.cs in SourceAssetDB has modification time of '2026-09-17T12:37:51.7670397Z' while content on disk has modification time of '2026-09-17T12:37:58.661Z'
  ERROR: Build asset version error: assets/scripts/levelmanager.cs in SourceAssetDB has modification time of '2026-09-17T12:37:51.7670397Z' while content on disk has modification time of '2026-09-17T12:37:58.661Z'
Number of updated asset objects reloaded before import = 0Number of asset objects unloaded after import = 0

========================================================================
Received Import Request.
  Time since last request: 0.000034 seconds.
  path: Assets/Scripts/LevelManager.cs
  artifactKey: Guid(1f9c91710e106d84186998d23ae1cf5f) Importer(815301076,1909f56bfc062723c751e8b465ee728b)
Start importing Assets/Scripts/LevelManager.cs using Guid(1f9c91710e106d84186998d23ae1cf5f) Importer(815301076,1909f56bfc062723c751e8b465ee728b) (PreviewImporter) -> (artifact id: '00000000000000000000000000000000') in 0.001316 seconds
Import Error Code:(4)
Message: Build asset version error: assets/scripts/levelmanager.cs in SourceAssetDB has modification time of '2026-09-17T12:37:51.7670397Z' while content on disk has modification time of '2026-09-17T12:37:58.661Z'
  ERROR: Build asset version error: assets/scripts/levelmanager.cs in SourceAssetDB has modification time of '2026-09-17T12:37:51.7670397Z' while content on disk has modification time of '2026-09-17T12:37:58.661Z'
Number of updated asset objects reloaded before import = 0Number of asset objects unloaded after import = 0

========================================================================
Received Import Request.
  Time since last request: 0.000023 seconds.
  path: Assets/Scripts/LevelManager.cs
  artifactKey: Guid(1f9c91710e106d84186998d23ae1cf5f) Importer(815301076,1909f56bfc062723c751e8b465ee728b)
Start importing Assets/Scripts/LevelManager.cs using Guid(1f9c91710e106d84186998d23ae1cf5f) Importer(815301076,1909f56bfc062723c751e8b465ee728b) (PreviewImporter) -> (artifact id: '00000000000000000000000000000000') in 0.0008822 seconds
Import Error Code:(4)
Message: Build asset version error: assets/scripts/levelmanager.cs in SourceAssetDB has modification time of '2026-09-17T12:37:51.7670397Z' while content on disk has modification time of '2026-09-17T12:37:58.661Z'
  ERROR: Build asset version error: assets/scripts/levelmanager.cs in SourceAssetDB has modification time of '2026-09-17T12:37:51.7670397Z' while content on disk has modification time of '2026-09-17T12:37:58.661Z'
Number of updated asset objects reloaded before import = 0Number of asset objects unloaded after import = 0

========================================================================
Received Import Request.
  Time since last request: 0.000023 seconds.
  path: Assets/Scripts/LevelManager.cs
  artifactKey: Guid(1f9c91710e106d84186998d23ae1cf5f) Importer(815301076,1909f56bfc062723c751e8b465ee728b)
Start importing Assets/Scripts/LevelManager.cs using Guid(1f9c91710e106d84186998d23ae1cf5f) Importer(815301076,1909f56bfc062723c751e8b465ee728b) (PreviewImporter) -> (artifact id: '00000000000000000000000000000000') in 0.0008046 seconds
Import Error Code:(4)
Message: Build asset version error: assets/scripts/levelmanager.cs in SourceAssetDB has modification time of '2026-09-17T12:37:51.7670397Z' while content on disk has modification time of '2026-09-17T12:37:58.661Z'
  ERROR: Build asset version error: assets/scripts/levelmanager.cs in SourceAssetDB has modification time of '2026-09-17T12:37:51.7670397Z' while content on disk has modification time of '2026-09-17T12:37:58.661Z'
Number of updated asset objects reloaded before import = 0Number of asset objects unloaded after import = 0

========================================================================
Received Import Request.
  Time since last request: 0.000022 seconds.
  path: Assets/Scripts/LevelManager.cs
  artifactKey: Guid(1f9c91710e106d84186998d23ae1cf5f) Importer(815301076,1909f56bfc062723c751e8b465ee728b)
Start importing Assets/Scripts/LevelManager.cs using Guid(1f9c91710e106d84186998d23ae1cf5f) Importer(815301076,1909f56bfc062723c751e8b465ee728b) (PreviewImporter) -> (artifact id: '00000000000000000000000000000000') in 0.0011017 seconds
Import Error Code:(4)
Message: Build asset version error: assets/scripts/levelmanager.cs in SourceAssetDB has modification time of '2026-09-17T12:37:51.7670397Z' while content on disk has modification time of '2026-09-17T12:37:58.661Z'
  ERROR: Build asset version error: assets/scripts/levelmanager.cs in SourceAssetDB has modification time of '2026-09-17T12:37:51.7670397Z' while content on disk has modification time of '2026-09-17T12:37:58.661Z'
Number of updated asset objects reloaded before import = 0Number of asset objects unloaded after import = 0

========================================================================
Received Import Request.
  Time since last request: 0.000025 seconds.
  path: Assets/Scripts/LevelManager.cs
  artifactKey: Guid(1f9c91710e106d84186998d23ae1cf5f) Importer(815301076,1909f56bfc062723c751e8b465ee728b)
Start importing Assets/Scripts/LevelManager.cs using Guid(1f9c91710e106d84186998d23ae1cf5f) Importer(815301076,1909f56bfc062723c751e8b465ee728b) (PreviewImporter) -> (artifact id: '00000000000000000000000000000000') in 0.0006103 seconds
Import Error Code:(4)
Message: Build asset version error: assets/scripts/levelmanager.cs in SourceAssetDB has modification time of '2026-09-17T12:37:51.7670397Z' while content on disk has modification time of '2026-09-17T12:37:58.661Z'
  ERROR: Build asset version error: assets/scripts/levelmanager.cs in SourceAssetDB has modification time of '2026-09-17T12:37:51.7670397Z' while content on disk has modification time of '2026-09-17T12:37:58.661Z'
Number of updated asset objects reloaded before import = 0Number of asset objects unloaded after import = 0

========================================================================
Received Import Request.
  Time since last request: 0.000034 seconds.
  path: Assets/Scripts/LevelManager.cs
  artifactKey: Guid(1f9c91710e106d84186998d23ae1cf5f) Importer(815301076,1909f56bfc062723c751e8b465ee728b)
Start importing Assets/Scripts/LevelManager.cs using Guid(1f9c91710e106d84186998d23ae1cf5f) Importer(815301076,1909f56bfc062723c751e8b465ee728b) (PreviewImporter) -> (artifact id: '00000000000000000000000000000000') in 0.0006197 seconds
Import Error Code:(4)
Message: Build asset version error: assets/scripts/levelmanager.cs in SourceAssetDB has modification time of '2026-09-17T12:37:51.7670397Z' while content on disk has modification time of '2026-09-17T12:37:58.661Z'
  ERROR: Build asset version error: assets/scripts/levelmanager.cs in SourceAssetDB has modification time of '2026-09-17T12:37:51.7670397Z' while content on disk has modification time of '2026-09-17T12:37:58.661Z'
Number of updated asset objects reloaded before import = 0Number of asset objects unloaded after import = 0

========================================================================
Received Import Request.
  Time since last request: 0.000024 seconds.
  path: Assets/Scripts/LevelManager.cs
  artifactKey: Guid(1f9c91710e106d84186998d23ae1cf5f) Importer(815301076,1909f56bfc062723c751e8b465ee728b)
Start importing Assets/Scripts/LevelManager.cs using Guid(1f9c91710e106d84186998d23ae1cf5f) Importer(815301076,1909f56bfc062723c751e8b465ee728b) (PreviewImporter) -> (artifact id: '00000000000000000000000000000000') in 0.0007531 seconds
Import Error Code:(4)
Message: Build asset version error: assets/scripts/levelmanager.cs in SourceAssetDB has modification time of '2026-09-17T12:37:51.7670397Z' while content on disk has modification time of '2026-09-17T12:37:58.661Z'
  ERROR: Build asset version error: assets/scripts/levelmanager.cs in SourceAssetDB has modification time of '2026-09-17T12:37:51.7670397Z' while content on disk has modification time of '2026-09-17T12:37:58.661Z'
Number of updated asset objects reloaded before import = 0Number of asset objects unloaded after import = 0

========================================================================
Received Import Request.
  Time since last request: 0.000023 seconds.
  path: Assets/Scripts/LevelManager.cs
  artifactKey: Guid(1f9c91710e106d84186998d23ae1cf5f) Importer(815301076,1909f56bfc062723c751e8b465ee728b)
Start importing Assets/Scripts/LevelManager.cs using Guid(1f9c91710e106d84186998d23ae1cf5f) Importer(815301076,1909f56bfc062723c751e8b465ee728b) (PreviewImporter) -> (artifact id: '00000000000000000000000000000000') in 0.0008201 seconds
Import Error Code:(4)
Message: Build asset version error: assets/scripts/levelmanager.cs in SourceAssetDB has modification time of '2026-09-17T12:37:51.7670397Z' while content on disk has modification time of '2026-09-17T12:37:58.661Z'
  ERROR: Build asset version error: assets/scripts/levelmanager.cs in SourceAssetDB has modification time of '2026-09-17T12:37:51.7670397Z' while content on disk has modification time of '2026-09-17T12:37:58.661Z'
Number of updated asset objects reloaded before import = 0Number of asset objects unloaded after import = 0

========================================================================
Received Import Request.
  Time since last request: 0.000032 seconds.
  path: Assets/Scripts/LevelManager.cs
  artifactKey: Guid(1f9c91710e106d84186998d23ae1cf5f) Importer(815301076,1909f56bfc062723c751e8b465ee728b)
Start importing Assets/Scripts/LevelManager.cs using Guid(1f9c91710e106d84186998d23ae1cf5f) Importer(815301076,1909f56bfc062723c751e8b465ee728b) (PreviewImporter) -> (artifact id: '00000000000000000000000000000000') in 0.0006789 seconds
Import Error Code:(4)
Message: Build asset version error: assets/scripts/levelmanager.cs in SourceAssetDB has modification time of '2026-09-17T12:37:51.7670397Z' while content on disk has modification time of '2026-09-17T12:37:58.661Z'
  ERROR: Build asset version error: assets/scripts/levelmanager.cs in SourceAssetDB has modification time of '2026-09-17T12:37:51.7670397Z' while content on disk has modification time of '2026-09-17T12:37:58.661Z'
Number of updated asset objects reloaded before import = 0Number of asset objects unloaded after import = 0

========================================================================
Received Import Request.
  Time since last request: 0.000033 seconds.
  path: Assets/Scripts/LevelManager.cs
  artifactKey: Guid(1f9c91710e106d84186998d23ae1cf5f) Importer(815301076,1909f56bfc062723c751e8b465ee728b)
Start importing Assets/Scripts/LevelManager.cs using Guid(1f9c91710e106d84186998d23ae1cf5f) Importer(815301076,1909f56bfc062723c751e8b465ee728b) (PreviewImporter) -> (artifact id: '00000000000000000000000000000000') in 0.0016571 seconds
Import Error Code:(4)
Message: Build asset version error: assets/scripts/levelmanager.cs in SourceAssetDB has modification time of '2026-09-17T12:37:51.7670397Z' while content on disk has modification time of '2026-09-17T12:37:58.661Z'
  ERROR: Build asset version error: assets/scripts/levelmanager.cs in SourceAssetDB has modification time of '2026-09-17T12:37:51.7670397Z' while content on disk has modification time of '2026-09-17T12:37:58.661Z'
Number of updated asset objects reloaded before import = 0Number of asset objects unloaded after import = 0

========================================================================
Received Import Request.
  Time since last request: 0.000049 seconds.
  path: Assets/Scripts/LevelManager.cs
  artifactKey: Guid(1f9c91710e106d84186998d23ae1cf5f) Importer(815301076,1909f56bfc062723c751e8b465ee728b)
Start importing Assets/Scripts/LevelManager.cs using Guid(1f9c91710e106d84186998d23ae1cf5f) Importer(815301076,1909f56bfc062723c751e8b465ee728b) (PreviewImporter) -> (artifact id: '00000000000000000000000000000000') in 0.000841 seconds
Import Error Code:(4)
Message: Build asset version error: assets/scripts/levelmanager.cs in SourceAssetDB has modification time of '2026-09-17T12:37:51.7670397Z' while content on disk has modification time of '2026-09-17T12:37:58.661Z'
  ERROR: Build asset version error: assets/scripts/levelmanager.cs in SourceAssetDB has modification time of '2026-09-17T12:37:51.7670397Z' while content on disk has modification time of '2026-09-17T12:37:58.661Z'
Number of updated asset objects reloaded before import = 0Number of asset objects unloaded after import = 0

========================================================================
Received Import Request.
  Time since last request: 0.000021 seconds.
  path: Assets/Scripts/LevelManager.cs
  artifactKey: Guid(1f9c91710e106d84186998d23ae1cf5f) Importer(815301076,1909f56bfc062723c751e8b465ee728b)
Start importing Assets/Scripts/LevelManager.cs using Guid(1f9c91710e106d84186998d23ae1cf5f) Importer(815301076,1909f56bfc062723c751e8b465ee728b) (PreviewImporter) -> (artifact id: '00000000000000000000000000000000') in 0.0011543 seconds
Import Error Code:(4)
Message: Build asset version error: assets/scripts/levelmanager.cs in SourceAssetDB has modification time of '2026-09-17T12:37:51.7670397Z' while content on disk has modification time of '2026-09-17T12:37:58.661Z'
  ERROR: Build asset version error: assets/scripts/levelmanager.cs in SourceAssetDB has modification time of '2026-09-17T12:37:51.7670397Z' while content on disk has modification time of '2026-09-17T12:37:58.661Z'
Number of updated asset objects reloaded before import = 0Number of asset objects unloaded after import = 0

========================================================================
Received Import Request.
  Time since last request: 0.000030 seconds.
  path: Assets/Scripts/LevelManager.cs
  artifactKey: Guid(1f9c91710e106d84186998d23ae1cf5f) Importer(815301076,1909f56bfc062723c751e8b465ee728b)
Start importing Assets/Scripts/LevelManager.cs using Guid(1f9c91710e106d84186998d23ae1cf5f) Importer(815301076,1909f56bfc062723c751e8b465ee728b) (PreviewImporter) -> (artifact id: '00000000000000000000000000000000') in 0.0006674 seconds
Import Error Code:(4)
Message: Build asset version error: assets/scripts/levelmanager.cs in SourceAssetDB has modification time of '2026-09-17T12:37:51.7670397Z' while content on disk has modification time of '2026-09-17T12:37:58.661Z'
  ERROR: Build asset version error: assets/scripts/levelmanager.cs in SourceAssetDB has modification time of '2026-09-17T12:37:51.7670397Z' while content on disk has modification time of '2026-09-17T12:37:58.661Z'
Number of updated asset objects reloaded before import = 0Number of asset objects unloaded after import = 0

========================================================================
Received Import Request.
  Time since last request: 0.000024 seconds.
  path: Assets/Scripts/LevelManager.cs
  artifactKey: Guid(1f9c91710e106d84186998d23ae1cf5f) Importer(815301076,1909f56bfc062723c751e8b465ee728b)
Start importing Assets/Scripts/LevelManager.cs using Guid(1f9c91710e106d84186998d23ae1cf5f) Importer(815301076,1909f56bfc062723c751e8b465ee728b) (PreviewImporter) -> (artifact id: '00000000000000000000000000000000') in 0.0007653 seconds
Import Error Code:(4)
Message: Build asset version error: assets/scripts/levelmanager.cs in SourceAssetDB has modification time of '2026-09-17T12:37:51.7670397Z' while content on disk has modification time of '2026-09-17T12:37:58.661Z'
  ERROR: Build asset version error: assets/scripts/levelmanager.cs in SourceAssetDB has modification time of '2026-09-17T12:37:51.7670397Z' while content on disk has modification time of '2026-09-17T12:37:58.661Z'
Number of updated asset objects reloaded before import = 0Number of asset objects unloaded after import = 0

========================================================================
Received Import Request.
  Time since last request: 0.000037 seconds.
  path: Assets/Scripts/LevelManager.cs
  artifactKey: Guid(1f9c91710e106d84186998d23ae1cf5f) Importer(815301076,1909f56bfc062723c751e8b465ee728b)
Start importing Assets/Scripts/LevelManager.cs using Guid(1f9c91710e106d84186998d23ae1cf5f) Importer(815301076,1909f56bfc062723c751e8b465ee728b) (PreviewImporter) -> (artifact id: '00000000000000000000000000000000') in 0.00086 seconds
Import Error Code:(4)
Message: Build asset version error: assets/scripts/levelmanager.cs in SourceAssetDB has modification time of '2026-09-17T12:37:51.7670397Z' while content on disk has modification time of '2026-09-17T12:37:58.661Z'
  ERROR: Build asset version error: assets/scripts/levelmanager.cs in SourceAssetDB has modification time of '2026-09-17T12:37:51.7670397Z' while content on disk has modification time of '2026-09-17T12:37:58.661Z'
Number of updated asset objects reloaded before import = 0Number of asset objects unloaded after import = 0

========================================================================
Received Import Request.
  Time since last request: 0.000039 seconds.
  path: Assets/Scripts/LevelManager.cs
  artifactKey: Guid(1f9c91710e106d84186998d23ae1cf5f) Importer(815301076,1909f56bfc062723c751e8b465ee728b)
Start importing Assets/Scripts/LevelManager.cs using Guid(1f9c91710e106d84186998d23ae1cf5f) Importer(815301076,1909f56bfc062723c751e8b465ee728b) (PreviewImporter) -> (artifact id: '00000000000000000000000000000000') in 0.0007398 seconds
Import Error Code:(4)
Message: Build asset version error: assets/scripts/levelmanager.cs in SourceAssetDB has modification time of '2026-09-17T12:37:51.7670397Z' while content on disk has modification time of '2026-09-17T12:37:58.661Z'
  ERROR: Build asset version error: assets/scripts/levelmanager.cs in SourceAssetDB has modification time of '2026-09-17T12:37:51.7670397Z' while content on disk has modification time of '2026-09-17T12:37:58.661Z'
Number of updated asset objects reloaded before import = 0Number of asset objects unloaded after import = 0

========================================================================
Received Import Request.
  Time since last request: 0.000026 seconds.
  path: Assets/Scripts/LevelManager.cs
  artifactKey: Guid(1f9c91710e106d84186998d23ae1cf5f) Importer(815301076,1909f56bfc062723c751e8b465ee728b)
Start importing Assets/Scripts/LevelManager.cs using Guid(1f9c91710e106d84186998d23ae1cf5f) Importer(815301076,1909f56bfc062723c751e8b465ee728b) (PreviewImporter) -> (artifact id: '00000000000000000000000000000000') in 0.001188 seconds
Import Error Code:(4)
Message: Build asset version error: assets/scripts/levelmanager.cs in SourceAssetDB has modification time of '2026-09-17T12:37:51.7670397Z' while content on disk has modification time of '2026-09-17T12:37:58.661Z'
  ERROR: Build asset version error: assets/scripts/levelmanager.cs in SourceAssetDB has modification time of '2026-09-17T12:37:51.7670397Z' while content on disk has modification time of '2026-09-17T12:37:58.661Z'
Number of updated asset objects reloaded before import = 0Number of asset objects unloaded after import = 0

========================================================================
Received Import Request.
  Time since last request: 0.000021 seconds.
  path: Assets/Scripts/LevelManager.cs
  artifactKey: Guid(1f9c91710e106d84186998d23ae1cf5f) Importer(815301076,1909f56bfc062723c751e8b465ee728b)
Start importing Assets/Scripts/LevelManager.cs using Guid(1f9c91710e106d84186998d23ae1cf5f) Importer(815301076,1909f56bfc062723c751e8b465ee728b) (PreviewImporter) -> (artifact id: '00000000000000000000000000000000') in 0.0011051 seconds
Import Error Code:(4)
Message: Build asset version error: assets/scripts/levelmanager.cs in SourceAssetDB has modification time of '2026-09-17T12:37:51.7670397Z' while content on disk has modification time of '2026-09-17T12:37:58.661Z'
  ERROR: Build asset version error: assets/scripts/levelmanager.cs in SourceAssetDB has modification time of '2026-09-17T12:37:51.7670397Z' while content on disk has modification time of '2026-09-17T12:37:58.661Z'
Number of updated asset objects reloaded before import = 0Number of asset objects unloaded after import = 0

========================================================================
Received Import Request.
  Time since last request: 0.000046 seconds.
  path: Assets/Scripts/LevelManager.cs
  artifactKey: Guid(1f9c91710e106d84186998d23ae1cf5f) Importer(815301076,1909f56bfc062723c751e8b465ee728b)
Start importing Assets/Scripts/LevelManager.cs using Guid(1f9c91710e106d84186998d23ae1cf5f) Importer(815301076,1909f56bfc062723c751e8b465ee728b) (PreviewImporter) -> (artifact id: '00000000000000000000000000000000') in 0.0006477 seconds
Import Error Code:(4)
Message: Build asset version error: assets/scripts/levelmanager.cs in SourceAssetDB has modification time of '2026-09-17T12:37:51.7670397Z' while content on disk has modification time of '2026-09-17T12:37:58.661Z'
  ERROR: Build asset version error: assets/scripts/levelmanager.cs in SourceAssetDB has modification time of '2026-09-17T12:37:51.7670397Z' while content on disk has modification time of '2026-09-17T12:37:58.661Z'
Number of updated asset objects reloaded before import = 0Number of asset objects unloaded after import = 0

========================================================================
Received Import Request.
  Time since last request: 0.000029 seconds.
  path: Assets/Scripts/LevelManager.cs
  artifactKey: Guid(1f9c91710e106d84186998d23ae1cf5f) Importer(815301076,1909f56bfc062723c751e8b465ee728b)
Start importing Assets/Scripts/LevelManager.cs using Guid(1f9c91710e106d84186998d23ae1cf5f) Importer(815301076,1909f56bfc062723c751e8b465ee728b) (PreviewImporter) -> (artifact id: '00000000000000000000000000000000') in 0.0008945 seconds
Import Error Code:(4)
Message: Build asset version error: assets/scripts/levelmanager.cs in SourceAssetDB has modification time of '2026-09-17T12:37:51.7670397Z' while content on disk has modification time of '2026-09-17T12:37:58.661Z'
  ERROR: Build asset version error: assets/scripts/levelmanager.cs in SourceAssetDB has modification time of '2026-09-17T12:37:51.7670397Z' while content on disk has modification time of '2026-09-17T12:37:58.661Z'
Number of updated asset objects reloaded before import = 0Number of asset objects unloaded after import = 0

========================================================================
Received Import Request.
  Time since last request: 0.000022 seconds.
  path: Assets/Scripts/LevelManager.cs
  artifactKey: Guid(1f9c91710e106d84186998d23ae1cf5f) Importer(815301076,1909f56bfc062723c751e8b465ee728b)
Start importing Assets/Scripts/LevelManager.cs using Guid(1f9c91710e106d84186998d23ae1cf5f) Importer(815301076,1909f56bfc062723c751e8b465ee728b) (PreviewImporter) -> (artifact id: '00000000000000000000000000000000') in 0.0006946 seconds
Import Error Code:(4)
Message: Build asset version error: assets/scripts/levelmanager.cs in SourceAssetDB has modification time of '2026-09-17T12:37:51.7670397Z' while content on disk has modification time of '2026-09-17T12:37:58.661Z'
  ERROR: Build asset version error: assets/scripts/levelmanager.cs in SourceAssetDB has modification time of '2026-09-17T12:37:51.7670397Z' while content on disk has modification time of '2026-09-17T12:37:58.661Z'
Number of updated asset objects reloaded before import = 0Number of asset objects unloaded after import = 0

========================================================================
Received Import Request.
  Time since last request: 0.000024 seconds.
  path: Assets/Scripts/LevelManager.cs
  artifactKey: Guid(1f9c91710e106d84186998d23ae1cf5f) Importer(815301076,1909f56bfc062723c751e8b465ee728b)
Start importing Assets/Scripts/LevelManager.cs using Guid(1f9c91710e106d84186998d23ae1cf5f) Importer(815301076,1909f56bfc062723c751e8b465ee728b) (PreviewImporter) -> (artifact id: '00000000000000000000000000000000') in 0.001185 seconds
Import Error Code:(4)
Message: Build asset version error: assets/scripts/levelmanager.cs in SourceAssetDB has modification time of '2026-09-17T12:37:51.7670397Z' while content on disk has modification time of '2026-09-17T12:37:58.661Z'
  ERROR: Build asset version error: assets/scripts/levelmanager.cs in SourceAssetDB has modification time of '2026-09-17T12:37:51.7670397Z' while content on disk has modification time of '2026-09-17T12:37:58.661Z'
Number of updated asset objects reloaded before import = 0Number of asset objects unloaded after import = 0

========================================================================
Received Import Request.
  Time since last request: 0.000031 seconds.
  path: Assets/Scripts/LevelManager.cs
  artifactKey: Guid(1f9c91710e106d84186998d23ae1cf5f) Importer(815301076,1909f56bfc062723c751e8b465ee728b)
Start importing Assets/Scripts/LevelManager.cs using Guid(1f9c91710e106d84186998d23ae1cf5f) Importer(815301076,1909f56bfc062723c751e8b465ee728b) (PreviewImporter) -> (artifact id: '00000000000000000000000000000000') in 0.0005842 seconds
Import Error Code:(4)
Message: Build asset version error: assets/scripts/levelmanager.cs in SourceAssetDB has modification time of '2026-09-17T12:37:51.7670397Z' while content on disk has modification time of '2026-09-17T12:37:58.661Z'
  ERROR: Build asset version error: assets/scripts/levelmanager.cs in SourceAssetDB has modification time of '2026-09-17T12:37:51.7670397Z' while content on disk has modification time of '2026-09-17T12:37:58.661Z'
Number of updated asset objects reloaded before import = 0Number of asset objects unloaded after import = 0

========================================================================
Received Prepare
Refreshing native plugins compatible for Editor in 23.57 ms, found 4 plugins.
Preloading 0 native plugins for Editor in 0.00 ms.
Unloading 16 Unused Serialized files (Serialized files now loaded: 0)
Unloading 7725 unused Assets / (3.0 MB). Loaded Objects now: 8598.
Memory consumption went from 167.4 MB to 164.5 MB.
Total: 49.316500 ms (FindLiveObjects: 8.600700 ms CreateObjectMapping: 4.163900 ms MarkObjects: 26.055600 ms  DeleteObjects: 10.495000 ms)

Prepare: number of updated asset objects reloaded= 0
========================================================================
Received Import Request.
  Time since last request: 1.889737 seconds.
  path: Assets/Scripts/LevelManager.cs
  artifactKey: Guid(1f9c91710e106d84186998d23ae1cf5f) Importer(815301076,1909f56bfc062723c751e8b465ee728b)
Start importing Assets/Scripts/LevelManager.cs using Guid(1f9c91710e106d84186998d23ae1cf5f) Importer(815301076,1909f56bfc062723c751e8b465ee728b) (PreviewImporter) -> (artifact id: '67f3b29c3b12c48ffe5f79423973cac2') in 0.0015291 seconds
Number of updated asset objects reloaded before import = 0Number of asset objects unloaded after import = 0

========================================================================
Received Prepare
Refreshing native plugins compatible for Editor in 2.11 ms, found 4 plugins.
Preloading 0 native plugins for Editor in 0.00 ms.
Unloading 16 Unused Serialized files (Serialized files now loaded: 0)
Unloading 7725 unused Assets / (4.3 MB). Loaded Objects now: 8598.
Memory consumption went from 167.4 MB to 163.1 MB.
Total: 16.181900 ms (FindLiveObjects: 1.081400 ms CreateObjectMapping: 1.956600 ms MarkObjects: 9.538500 ms  DeleteObjects: 3.603400 ms)

Prepare: number of updated asset objects reloaded= 0
========================================================================
Received Prepare
Refreshing native plugins compatible for Editor in 1.70 ms, found 4 plugins.
Preloading 0 native plugins for Editor in 0.00 ms.
Unloading 16 Unused Serialized files (Serialized files now loaded: 0)
Unloading 7725 unused Assets / (4.1 MB). Loaded Objects now: 8598.
Memory consumption went from 170.7 MB to 166.6 MB.
Total: 21.711600 ms (FindLiveObjects: 0.975000 ms CreateObjectMapping: 0.868100 ms MarkObjects: 16.093300 ms  DeleteObjects: 3.773000 ms)

Prepare: number of updated asset objects reloaded= 0
========================================================================
Received Prepare
Refreshing native plugins compatible for Editor in 2.26 ms, found 4 plugins.
Preloading 0 native plugins for Editor in 0.00 ms.
Unloading 16 Unused Serialized files (Serialized files now loaded: 0)
Unloading 7725 unused Assets / (4.7 MB). Loaded Objects now: 8598.
Memory consumption went from 174.0 MB to 169.3 MB.
Total: 13.778200 ms (FindLiveObjects: 1.121800 ms CreateObjectMapping: 1.045900 ms MarkObjects: 7.936900 ms  DeleteObjects: 3.671600 ms)

Prepare: number of updated asset objects reloaded= 0
========================================================================
Received Prepare
Refreshing native plugins compatible for Editor in 2.33 ms, found 4 plugins.
Preloading 0 native plugins for Editor in 0.00 ms.
Unloading 16 Unused Serialized files (Serialized files now loaded: 0)
Unloading 7725 unused Assets / (4.5 MB). Loaded Objects now: 8598.
Memory consumption went from 177.4 MB to 172.9 MB.
Total: 12.488500 ms (FindLiveObjects: 1.248800 ms CreateObjectMapping: 1.335200 ms MarkObjects: 6.777200 ms  DeleteObjects: 3.125700 ms)

Prepare: number of updated asset objects reloaded= 0
========================================================================
Received Import Request.
  Time since last request: 165.681581 seconds.
  path: Assets/Scripts/LevelManager.cs
  artifactKey: Guid(1f9c91710e106d84186998d23ae1cf5f) Importer(815301076,1909f56bfc062723c751e8b465ee728b)
Start importing Assets/Scripts/LevelManager.cs using Guid(1f9c91710e106d84186998d23ae1cf5f) Importer(815301076,1909f56bfc062723c751e8b465ee728b) (PreviewImporter) -> (artifact id: 'e010f9e5a54e2987d83dbcd9548b5f18') in 0.0007808 seconds
Number of updated asset objects reloaded before import = 0Number of asset objects unloaded after import = 0

========================================================================
Received Prepare
Refreshing native plugins compatible for Editor in 4.04 ms, found 4 plugins.
Preloading 0 native plugins for Editor in 0.00 ms.
Unloading 16 Unused Serialized files (Serialized files now loaded: 0)
Unloading 7725 unused Assets / (1.9 MB). Loaded Objects now: 8598.
Memory consumption went from 167.5 MB to 165.6 MB.
Total: 51.502700 ms (FindLiveObjects: 1.240900 ms CreateObjectMapping: 3.720000 ms MarkObjects: 15.180800 ms  DeleteObjects: 31.356800 ms)

Prepare: number of updated asset objects reloaded= 0
========================================================================
Received Import Request.
  Time since last request: 124.828058 seconds.
  path: Assets/Scripts/LevelManager.cs
  artifactKey: Guid(1f9c91710e106d84186998d23ae1cf5f) Importer(815301076,1909f56bfc062723c751e8b465ee728b)
Start importing Assets/Scripts/LevelManager.cs using Guid(1f9c91710e106d84186998d23ae1cf5f) Importer(815301076,1909f56bfc062723c751e8b465ee728b) (PreviewImporter) -> (artifact id: '3d10b4755cc99bb3f9a06c78a180f488') in 0.0009596 seconds
Number of updated asset objects reloaded before import = 0Number of asset objects unloaded after import = 0

========================================================================
Received Prepare
Refreshing native plugins compatible for Editor in 3.55 ms, found 4 plugins.
Preloading 0 native plugins for Editor in 0.00 ms.
Unloading 16 Unused Serialized files (Serialized files now loaded: 0)
Unloading 7725 unused Assets / (4.3 MB). Loaded Objects now: 8598.
Memory consumption went from 167.5 MB to 163.2 MB.
Total: 42.101600 ms (FindLiveObjects: 2.708400 ms CreateObjectMapping: 6.168500 ms MarkObjects: 29.058600 ms  DeleteObjects: 4.164000 ms)

Prepare: number of updated asset objects reloaded= 0
========================================================================
Received Prepare
Refreshing native plugins compatible for Editor in 3.95 ms, found 4 plugins.
Preloading 0 native plugins for Editor in 0.00 ms.
Unloading 16 Unused Serialized files (Serialized files now loaded: 0)
Unloading 7725 unused Assets / (4.3 MB). Loaded Objects now: 8598.
Memory consumption went from 170.8 MB to 166.5 MB.
Total: 12.439400 ms (FindLiveObjects: 1.156000 ms CreateObjectMapping: 1.592500 ms MarkObjects: 6.974600 ms  DeleteObjects: 2.715100 ms)

Prepare: number of updated asset objects reloaded= 0
========================================================================
Received Prepare
Refreshing native plugins compatible for Editor in 1.99 ms, found 4 plugins.
Preloading 0 native plugins for Editor in 0.00 ms.
Unloading 16 Unused Serialized files (Serialized files now loaded: 0)
Unloading 7725 unused Assets / (3.3 MB). Loaded Objects now: 8598.
Memory consumption went from 174.1 MB to 170.8 MB.
Total: 15.051200 ms (FindLiveObjects: 1.124400 ms CreateObjectMapping: 0.938900 ms MarkObjects: 8.873800 ms  DeleteObjects: 4.112100 ms)

Prepare: number of updated asset objects reloaded= 0
========================================================================
Received Import Request.
  Time since last request: 141.020809 seconds.
  path: Assets/Scripts/LevelManager.cs
  artifactKey: Guid(1f9c91710e106d84186998d23ae1cf5f) Importer(815301076,1909f56bfc062723c751e8b465ee728b)
Start importing Assets/Scripts/LevelManager.cs using Guid(1f9c91710e106d84186998d23ae1cf5f) Importer(815301076,1909f56bfc062723c751e8b465ee728b) (PreviewImporter) -> (artifact id: 'd564bd606d436b15da609a2bd11f679b') in 0.0010468 seconds
Number of updated asset objects reloaded before import = 0Number of asset objects unloaded after import = 0

========================================================================
Received Prepare
Refreshing native plugins compatible for Editor in 1.95 ms, found 4 plugins.
Preloading 0 native plugins for Editor in 0.00 ms.
Unloading 16 Unused Serialized files (Serialized files now loaded: 0)
Unloading 7725 unused Assets / (2.8 MB). Loaded Objects now: 8598.
Memory consumption went from 167.5 MB to 164.8 MB.
Total: 19.899700 ms (FindLiveObjects: 1.158300 ms CreateObjectMapping: 1.861900 ms MarkObjects: 9.247300 ms  DeleteObjects: 7.630600 ms)

Prepare: number of updated asset objects reloaded= 0
========================================================================
Received Import Request.
  Time since last request: 63.986728 seconds.
  path: Assets/Scripts/LevelManager.cs
  artifactKey: Guid(1f9c91710e106d84186998d23ae1cf5f) Importer(815301076,1909f56bfc062723c751e8b465ee728b)
Start importing Assets/Scripts/LevelManager.cs using Guid(1f9c91710e106d84186998d23ae1cf5f) Importer(815301076,1909f56bfc062723c751e8b465ee728b) (PreviewImporter) -> (artifact id: '388da7a6e8dbdcf3d746bdbe32c5c805') in 0.0006227 seconds
Number of updated asset objects reloaded before import = 0Number of asset objects unloaded after import = 0

========================================================================
Received Prepare
Refreshing native plugins compatible for Editor in 3.10 ms, found 4 plugins.
Preloading 0 native plugins for Editor in 0.00 ms.
Unloading 16 Unused Serialized files (Serialized files now loaded: 0)
Unloading 7725 unused Assets / (1.9 MB). Loaded Objects now: 8598.
Memory consumption went from 167.5 MB to 165.6 MB.
Total: 17.653000 ms (FindLiveObjects: 1.055700 ms CreateObjectMapping: 1.520200 ms MarkObjects: 9.790400 ms  DeleteObjects: 5.284200 ms)

Prepare: number of updated asset objects reloaded= 0
========================================================================
Received Import Request.
  Time since last request: 117.110596 seconds.
  path: Assets/Scripts/LevelManager.cs
  artifactKey: Guid(1f9c91710e106d84186998d23ae1cf5f) Importer(815301076,1909f56bfc062723c751e8b465ee728b)
Start importing Assets/Scripts/LevelManager.cs using Guid(1f9c91710e106d84186998d23ae1cf5f) Importer(815301076,1909f56bfc062723c751e8b465ee728b) (PreviewImporter) -> (artifact id: 'f8eb95837e71c161dab8dccee9f61c4e') in 0.0007562 seconds
Number of updated asset objects reloaded before import = 0Number of asset objects unloaded after import = 0

========================================================================
Received Prepare
Refreshing native plugins compatible for Editor in 2.76 ms, found 4 plugins.
Preloading 0 native plugins for Editor in 0.00 ms.
Unloading 16 Unused Serialized files (Serialized files now loaded: 0)
Unloading 7725 unused Assets / (1.9 MB). Loaded Objects now: 8598.
Memory consumption went from 167.5 MB to 165.6 MB.
Total: 124.066800 ms (FindLiveObjects: 6.566200 ms CreateObjectMapping: 1.553800 ms MarkObjects: 113.186000 ms  DeleteObjects: 2.759700 ms)

Prepare: number of updated asset objects reloaded= 0
========================================================================
Received Import Request.
  Time since last request: 26.099630 seconds.
  path: Assets/Scripts/LevelManager.cs
  artifactKey: Guid(1f9c91710e106d84186998d23ae1cf5f) Importer(815301076,1909f56bfc062723c751e8b465ee728b)
Start importing Assets/Scripts/LevelManager.cs using Guid(1f9c91710e106d84186998d23ae1cf5f) Importer(815301076,1909f56bfc062723c751e8b465ee728b) (PreviewImporter) -> (artifact id: '45ccd436a01514c213d94745940a6c94') in 0.0006588 seconds
Number of updated asset objects reloaded before import = 0Number of asset objects unloaded after import = 0

========================================================================
Received Prepare
Refreshing native plugins compatible for Editor in 2.79 ms, found 4 plugins.
Preloading 0 native plugins for Editor in 0.00 ms.
Unloading 16 Unused Serialized files (Serialized files now loaded: 0)
Unloading 7725 unused Assets / (3.8 MB). Loaded Objects now: 8598.
Memory consumption went from 167.5 MB to 163.7 MB.
Total: 40.026400 ms (FindLiveObjects: 0.998900 ms CreateObjectMapping: 1.175200 ms MarkObjects: 34.298600 ms  DeleteObjects: 3.551900 ms)

Prepare: number of updated asset objects reloaded= 0
========================================================================
Received Import Request.
  Time since last request: 55.993161 seconds.
  path: Assets/Scripts/LevelManager.cs
  artifactKey: Guid(1f9c91710e106d84186998d23ae1cf5f) Importer(815301076,1909f56bfc062723c751e8b465ee728b)
Start importing Assets/Scripts/LevelManager.cs using Guid(1f9c91710e106d84186998d23ae1cf5f) Importer(815301076,1909f56bfc062723c751e8b465ee728b) (PreviewImporter) -> (artifact id: '74bfcd025b8d7d369cc534e93bb390b4') in 0.0013623 seconds
Number of updated asset objects reloaded before import = 0Number of asset objects unloaded after import = 0

========================================================================
Received Prepare
Begin MonoManager ReloadAssembly
[Licensing::Client] Successfully resolved entitlement details
- Loaded All Assemblies, in  1.298 seconds
Refreshing native plugins compatible for Editor in 1.71 ms, found 4 plugins.
Native extension for WindowsStandalone target not found
[Package Manager] Failed to launch server process. Reason: Unity was launched with the -noUpm command-line argument
[Package Manager] Unable to send message (not connected to server process).
[Package Manager] Cannot connect to Unity Package Manager local server
[Package Manager] Failed to launch server process. Reason: Unity was launched with the -noUpm command-line argument
[Package Manager] Unable to send message (not connected to server process).
[Package Manager] Cannot connect to Unity Package Manager local server
ScheduleIndexationOnStartup MainProcess:False IndexOnStartup:True
Mono: successfully reloaded assembly
- Finished resetting the current domain, in  0.974 seconds
Domain Reload Profiling: 2273ms
	BeginReloadAssembly (406ms)
		ExecutionOrderSort (0ms)
		DisableScriptedObjects (11ms)
		BackupInstance (0ms)
		ReleaseScriptingObjects (0ms)
		CreateAndSetChildDomain (67ms)
	RebuildCommonClasses (62ms)
	RebuildNativeTypeToScriptingClass (26ms)
	initialDomainReloadingComplete (52ms)
	LoadAllAssembliesAndSetupDomain (753ms)
		LoadAssemblies (601ms)
		RebuildTransferFunctionScriptingTraits (0ms)
		AnalyzeDomain (388ms)
			TypeCache.Refresh (18ms)
				TypeCache.ScanAssembly (2ms)
			BuildScriptInfoCaches (350ms)
			ResolveRequiredComponents (15ms)
	FinalizeReload (974ms)
		ReleaseScriptCaches (0ms)
		RebuildScriptCaches (0ms)
		SetupLoadedEditorAssemblies (729ms)
			LogAssemblyErrors (0ms)
			InitializePlatformSupportModulesInManaged (2ms)
			SetLoadedEditorAssemblies (7ms)
			BeforeProcessingInitializeOnLoad (195ms)
			ProcessInitializeOnLoadAttributes (405ms)
			ProcessInitializeOnLoadMethodAttributes (111ms)
			AfterProcessingInitializeOnLoad (8ms)
			EditorAssembliesLoaded (1ms)
		ExecutionOrderSort2 (0ms)
		AwakeInstancesAfterBackupRestoration (21ms)
Refreshing native plugins compatible for Editor in 2.12 ms, found 4 plugins.
Preloading 0 native plugins for Editor in 0.00 ms.
Unloading 16 Unused Serialized files (Serialized files now loaded: 0)
Unloading 7738 unused Assets / (4.4 MB). Loaded Objects now: 8601.
Memory consumption went from 167.4 MB to 163.1 MB.
Total: 12.746800 ms (FindLiveObjects: 0.966200 ms CreateObjectMapping: 1.667400 ms MarkObjects: 6.754600 ms  DeleteObjects: 3.357600 ms)

Prepare: number of updated asset objects reloaded= 0
========================================================================
Received Import Request.
  Time since last request: 336.524823 seconds.
  path: Assets/Scenes/Brick1.prefab
  artifactKey: Guid(e63416c232d157b47b58e1e57dad3634) Importer(815301076,1909f56bfc062723c751e8b465ee728b)
Start importing Assets/Scenes/Brick1.prefab using Guid(e63416c232d157b47b58e1e57dad3634) Importer(815301076,1909f56bfc062723c751e8b465ee728b) (PreviewImporter)